2025-06-02 14:23:06,332 - cryptotradingcafe - INFO - 已加载 0 条历史链接
2025-06-02 14:23:06,334 - cryptotradingcafe - INFO - 开始爬取 CryptoTradingCafe
2025-06-02 14:23:06,336 - cryptotradingcafe - INFO - 请求页面：https://cryptotradingcafe.com/page/1
2025-06-02 14:23:08,640 - cryptotradingcafe - INFO - 成功解析文章：Backpack背包交易所推荐码注册及实名认证教程，参与积分计划享平台币空投
2025-06-02 14:23:09,339 - cryptotradingcafe - INFO - 成功解析文章：如何用支付宝在币安和欧易使用人民币购买usdt
2025-06-02 14:23:10,024 - cryptotradingcafe - INFO - 成功解析文章：币圈实盘大V川沐（川沐第一个500U/川沐笔记）
2025-06-02 14:23:10,705 - cryptotradingcafe - INFO - 成功解析文章：熬鹰allincrypto，热度很高的二级带单大V
2025-06-02 14:23:11,338 - cryptotradingcafe - INFO - 成功解析文章：币安钱包TGE（代币生成活动）的打新攻略
2025-06-02 14:23:11,984 - cryptotradingcafe - INFO - 成功解析文章：予与vkx，币圈新晋千万实盘大V
2025-06-02 14:23:11,986 - cryptotradingcafe - INFO - 请求页面：https://cryptotradingcafe.com/page/2
2025-06-02 14:23:13,385 - cryptotradingcafe - INFO - 成功解析文章：中文币圈最快的新闻源：方程式新闻
2025-06-02 14:23:14,086 - cryptotradingcafe - INFO - 成功解析文章：币COIN实盘大户“先定10个大目标”
2025-06-02 14:23:14,752 - cryptotradingcafe - INFO - 成功解析文章：合约交易的仓位管理
2025-06-02 14:23:15,364 - cryptotradingcafe - INFO - 成功解析文章：币安可以用护照认证吗？
2025-06-02 14:23:16,034 - cryptotradingcafe - INFO - 成功解析文章：通过刻意练习实现币圈交易的知行合一
2025-06-02 14:23:16,724 - cryptotradingcafe - INFO - 成功解析文章：方程式新闻创始人——知乎“00后富一代”vida
2025-06-02 14:23:16,726 - cryptotradingcafe - INFO - 请求页面：https://cryptotradingcafe.com/page/3
2025-06-02 14:23:18,073 - cryptotradingcafe - INFO - 成功解析文章：不要成为全职交易员
2025-06-02 14:23:18,651 - cryptotradingcafe - INFO - 成功解析文章：新手交易常见问题之冲动盲目&暴富幻想
2025-06-02 14:23:19,800 - cryptotradingcafe - INFO - 成功解析文章：合约交易的盈亏比管理
2025-06-02 14:23:20,517 - cryptotradingcafe - INFO - 成功解析文章：如何进行趋势交易？
2025-06-02 14:23:21,195 - cryptotradingcafe - INFO - 成功解析文章：新手做不好止损的九大原因
2025-06-02 14:23:21,899 - cryptotradingcafe - INFO - 成功解析文章：什么是滚仓？合约如何滚仓（浮盈加仓）？
2025-06-02 14:23:21,900 - cryptotradingcafe - INFO - 请求页面：https://cryptotradingcafe.com/page/4
2025-06-02 14:23:23,414 - cryptotradingcafe - INFO - 成功解析文章：如何注销币安？重新注册币安拿40%手续费返佣
2025-06-02 14:23:23,975 - cryptotradingcafe - INFO - 成功解析文章：仓位管理之金字塔加减仓
2025-06-02 14:23:24,646 - cryptotradingcafe - INFO - 成功解析文章：如何使用币安的跟单交易来进行比特币合约跟单
2025-06-02 14:23:25,446 - cryptotradingcafe - INFO - 成功解析文章：半木夏，从爆仓到5000万的逆袭之路
2025-06-02 14:23:26,076 - cryptotradingcafe - INFO - 成功解析文章：币安和欧易对比，币安和欧易哪个更好？
2025-06-02 14:23:26,790 - cryptotradingcafe - INFO - 成功解析文章：PI币（Pi Network）是什么？注册欧易来交易PI币
2025-06-02 14:23:26,792 - cryptotradingcafe - INFO - 请求页面：https://cryptotradingcafe.com/page/5
2025-06-02 14:23:28,306 - cryptotradingcafe - INFO - 成功解析文章：币圈比特币永续合约怎么玩？合约赚钱技巧
2025-06-02 14:23:29,015 - cryptotradingcafe - INFO - 成功解析文章：什么是AiAgent
2025-06-02 14:23:29,592 - cryptotradingcafe - INFO - 成功解析文章：什么是Desci
2025-06-02 14:23:30,207 - cryptotradingcafe - INFO - 成功解析文章：以买MEME交易为例，新人最全的链上web3入门科普教程
2025-06-02 14:23:30,983 - cryptotradingcafe - INFO - 成功解析文章：最佳比特币看盘软件和币圈数字货币行情网站
2025-06-02 14:23:32,627 - cryptotradingcafe - INFO - 成功解析文章：Trump Coin特朗普币（川普币）是什么？怎么买？
2025-06-02 14:23:32,629 - cryptotradingcafe - INFO - 请求页面：https://cryptotradingcafe.com/page/6
2025-06-02 14:23:33,860 - cryptotradingcafe - INFO - 成功解析文章：币圈币安比特币VIP大客户A8A9俱乐部
2025-06-02 14:23:34,536 - cryptotradingcafe - INFO - 成功解析文章：币圈VIP付费社群聚合
2025-06-02 14:23:35,194 - cryptotradingcafe - INFO - 成功解析文章：该买什么币？什么加密货币最有前景？
2025-06-02 14:23:35,755 - cryptotradingcafe - INFO - 成功解析文章：跟对趋势做事，时间才能站在你这边
2025-06-02 14:23:36,381 - cryptotradingcafe - INFO - 成功解析文章：币圈交易所手续费比较，哪个手续费最低？
2025-06-02 14:23:37,010 - cryptotradingcafe - INFO - 成功解析文章：整理了AI meme 相关币
2025-06-02 14:23:37,012 - cryptotradingcafe - INFO - 请求页面：https://cryptotradingcafe.com/page/7
2025-06-02 14:23:38,371 - cryptotradingcafe - INFO - 成功解析文章：什么是公链，它有什么用？
2025-06-02 14:23:39,032 - cryptotradingcafe - INFO - 成功解析文章：区块链常见骗局盘点：Plustoken钱包诈骗案件
2025-06-02 14:23:39,696 - cryptotradingcafe - INFO - 成功解析文章：什么是铭文，什么是Brc20，为什么大多数铭文归零
2025-06-02 14:23:40,401 - cryptotradingcafe - INFO - 成功解析文章：性价比最高的标的是比特币吗？个人建议的投资比例
2025-06-02 14:23:41,062 - cryptotradingcafe - INFO - 成功解析文章：2024年最火币coin合约实盘明星bit浪浪的心路历程
2025-06-02 14:23:41,962 - cryptotradingcafe - INFO - 成功解析文章：币圈的gas费（矿工费）是什么？
2025-06-02 14:23:41,963 - cryptotradingcafe - INFO - 请求页面：https://cryptotradingcafe.com/page/8
2025-06-02 14:23:44,038 - cryptotradingcafe - INFO - 成功解析文章：中国大陆注册bitget交易所，邀请码bg1234享20%自动返佣
2025-06-02 14:23:44,746 - cryptotradingcafe - INFO - 成功解析文章：解析Ton公链生态的崛起及趋势
2025-06-02 14:23:45,369 - cryptotradingcafe - INFO - 成功解析文章：币圈空投airdrop是什么？
2025-06-02 14:23:45,955 - cryptotradingcafe - INFO - 成功解析文章：什么是NFT？
2025-06-02 14:23:46,610 - cryptotradingcafe - INFO - 成功解析文章：华为手机如何下载安装币安？
2025-06-02 14:23:47,337 - cryptotradingcafe - INFO - 成功解析文章：币安官网打不开，网络无法访问怎么办？
2025-06-02 14:23:47,339 - cryptotradingcafe - INFO - 请求页面：https://cryptotradingcafe.com/page/9
2025-06-02 14:23:48,725 - cryptotradingcafe - INFO - 成功解析文章：科普币圈稳定币，以及usdt是什么？
2025-06-02 14:23:49,463 - cryptotradingcafe - INFO - 成功解析文章：全球比特币交易平台排行，世界五大比特币交易所
2025-06-02 14:23:50,098 - cryptotradingcafe - INFO - 成功解析文章：比特币怎么玩？比特币怎么赚钱？
2025-06-02 14:23:50,770 - cryptotradingcafe - INFO - 成功解析文章：什么是Gamefi？爆火的axie（阿蟹）和steph（跑步赚币）
2025-06-02 14:23:51,902 - cryptotradingcafe - INFO - 成功解析文章：Defi挖矿是什么？怎么利用挖矿来存币生息？
2025-06-02 14:23:53,301 - cryptotradingcafe - INFO - 成功解析文章：币圈比特币期现套利教程
2025-06-02 14:23:53,302 - cryptotradingcafe - INFO - 请求页面：https://cryptotradingcafe.com/page/10
2025-06-02 14:23:55,663 - cryptotradingcafe - INFO - 成功解析文章：币圈大佬之BitMex创始人Arthur Hayes
2025-06-02 14:23:56,317 - cryptotradingcafe - INFO - 成功解析文章：币圈资金费率套利教程
2025-06-02 14:23:56,911 - cryptotradingcafe - INFO - 成功解析文章：Uniswap大战SEC
2025-06-02 14:23:57,560 - cryptotradingcafe - INFO - 成功解析文章：MEME模因币的底层逻辑
2025-06-02 14:23:58,250 - cryptotradingcafe - INFO - 成功解析文章：频繁交易，即使挣钱也不快乐
2025-06-02 14:23:58,961 - cryptotradingcafe - INFO - 成功解析文章：Foresight—币圈常用媒体资讯新闻聚合网站
2025-06-02 14:23:58,963 - cryptotradingcafe - INFO - 请求页面：https://cryptotradingcafe.com/page/11
2025-06-02 14:24:00,926 - cryptotradingcafe - INFO - 成功解析文章：推特X——炒币最重要的社交信息平台
2025-06-02 14:24:01,533 - cryptotradingcafe - INFO - 成功解析文章：Dexscreener—查看一级市场早期代币信息的网站
2025-06-02 14:24:02,222 - cryptotradingcafe - INFO - 成功解析文章：解读大火的Eigenlayer
2025-06-02 14:24:02,817 - cryptotradingcafe - INFO - 成功解析文章：使用revoke.cash来管理和撤销数字货币钱包的代币授权
2025-06-02 14:24:03,524 - cryptotradingcafe - INFO - 成功解析文章：bitmex交易所中国官网注册，输入邀请代码享30%手续费返佣
2025-06-02 14:24:04,540 - cryptotradingcafe - INFO - 成功解析文章：聊聊币安刚上线的稳定币项目Ethena（ena）
2025-06-02 14:24:04,542 - cryptotradingcafe - INFO - 请求页面：https://cryptotradingcafe.com/page/12
2025-06-02 14:24:05,672 - cryptotradingcafe - INFO - 成功解析文章：Metamask-从浏览器插件起步的数字货币钱包
2025-06-02 14:24:05,860 - cryptotradingcafe - ERROR - 解析文章失败：https://cryptotradingcafe.com/9410/
urllib3.exceptions.SSLError: EOF occurred in violation of protocol (_ssl.c:1002)

The above exception was the direct cause of the following exception:

Traceback (most recent call last):
  File "D:\coding\date_spider\.venv\Lib\site-packages\requests\adapters.py", line 667, in send
    resp = conn.urlopen(
           ^^^^^^^^^^^^^
  File "D:\coding\date_spider\.venv\Lib\site-packages\urllib3\connectionpool.py", line 841, in urlopen
    retries = retries.increment(
              ^^^^^^^^^^^^^^^^^^
  File "D:\coding\date_spider\.venv\Lib\site-packages\urllib3\util\retry.py", line 519, in increment
    raise MaxRetryError(_pool, url, reason) from reason  # type: ignore[arg-type]
    ^^^^^^^^^^^^^^^^^^^^^^^^^^^^^^^^^^^^^^^^^^^^^^^^^^^
urllib3.exceptions.MaxRetryError: HTTPSConnectionPool(host='cryptotradingcafe.com', port=443): Max retries exceeded with url: /9410/ (Caused by SSLError(SSLEOFError(8, 'EOF occurred in violation of protocol (_ssl.c:1002)')))

During handling of the above exception, another exception occurred:

Traceback (most recent call last):
  File "D:\coding\date_spider\crawler\spider_cryptotradingcafe.py", line 31, in article_get
    response = requests.get(url, headers=headers, timeout=10)
               ^^^^^^^^^^^^^^^^^^^^^^^^^^^^^^^^^^^^^^^^^^^^^^
  File "D:\coding\date_spider\.venv\Lib\site-packages\requests\api.py", line 73, in get
    return request("get", url, params=params, **kwargs)
           ^^^^^^^^^^^^^^^^^^^^^^^^^^^^^^^^^^^^^^^^^^^^
  File "D:\coding\date_spider\.venv\Lib\site-packages\requests\api.py", line 59, in request
    return session.request(method=method, url=url, **kwargs)
           ^^^^^^^^^^^^^^^^^^^^^^^^^^^^^^^^^^^^^^^^^^^^^^^^^
  File "D:\coding\date_spider\.venv\Lib\site-packages\requests\sessions.py", line 589, in request
    resp = self.send(prep, **send_kwargs)
           ^^^^^^^^^^^^^^^^^^^^^^^^^^^^^^
  File "D:\coding\date_spider\.venv\Lib\site-packages\requests\sessions.py", line 703, in send
    r = adapter.send(request, **kwargs)
        ^^^^^^^^^^^^^^^^^^^^^^^^^^^^^^^
  File "D:\coding\date_spider\.venv\Lib\site-packages\requests\adapters.py", line 698, in send
    raise SSLError(e, request=request)
requests.exceptions.SSLError: HTTPSConnectionPool(host='cryptotradingcafe.com', port=443): Max retries exceeded with url: /9410/ (Caused by SSLError(SSLEOFError(8, 'EOF occurred in violation of protocol (_ssl.c:1002)')))
2025-06-02 14:24:05,864 - cryptotradingcafe - WARNING - 爬取失败，记录错误：https://cryptotradingcafe.com/9410/
2025-06-02 14:24:06,496 - cryptotradingcafe - INFO - 成功解析文章：Etherscan-最常用的以太坊的区块浏览器
2025-06-02 14:24:07,182 - cryptotradingcafe - INFO - 成功解析文章：Defillama-defi数据聚合平台
2025-06-02 14:24:07,741 - cryptotradingcafe - INFO - 成功解析文章：聊聊erc404项目pandora
2025-06-02 14:24:08,000 - cryptotradingcafe - ERROR - 解析文章失败：https://cryptotradingcafe.com/9203/
urllib3.exceptions.SSLError: EOF occurred in violation of protocol (_ssl.c:1002)

The above exception was the direct cause of the following exception:

Traceback (most recent call last):
  File "D:\coding\date_spider\.venv\Lib\site-packages\requests\adapters.py", line 667, in send
    resp = conn.urlopen(
           ^^^^^^^^^^^^^
  File "D:\coding\date_spider\.venv\Lib\site-packages\urllib3\connectionpool.py", line 841, in urlopen
    retries = retries.increment(
              ^^^^^^^^^^^^^^^^^^
  File "D:\coding\date_spider\.venv\Lib\site-packages\urllib3\util\retry.py", line 519, in increment
    raise MaxRetryError(_pool, url, reason) from reason  # type: ignore[arg-type]
    ^^^^^^^^^^^^^^^^^^^^^^^^^^^^^^^^^^^^^^^^^^^^^^^^^^^
urllib3.exceptions.MaxRetryError: HTTPSConnectionPool(host='cryptotradingcafe.com', port=443): Max retries exceeded with url: /9203/ (Caused by SSLError(SSLEOFError(8, 'EOF occurred in violation of protocol (_ssl.c:1002)')))

During handling of the above exception, another exception occurred:

Traceback (most recent call last):
  File "D:\coding\date_spider\crawler\spider_cryptotradingcafe.py", line 31, in article_get
    response = requests.get(url, headers=headers, timeout=10)
               ^^^^^^^^^^^^^^^^^^^^^^^^^^^^^^^^^^^^^^^^^^^^^^
  File "D:\coding\date_spider\.venv\Lib\site-packages\requests\api.py", line 73, in get
    return request("get", url, params=params, **kwargs)
           ^^^^^^^^^^^^^^^^^^^^^^^^^^^^^^^^^^^^^^^^^^^^
  File "D:\coding\date_spider\.venv\Lib\site-packages\requests\api.py", line 59, in request
    return session.request(method=method, url=url, **kwargs)
           ^^^^^^^^^^^^^^^^^^^^^^^^^^^^^^^^^^^^^^^^^^^^^^^^^
  File "D:\coding\date_spider\.venv\Lib\site-packages\requests\sessions.py", line 589, in request
    resp = self.send(prep, **send_kwargs)
           ^^^^^^^^^^^^^^^^^^^^^^^^^^^^^^
  File "D:\coding\date_spider\.venv\Lib\site-packages\requests\sessions.py", line 703, in send
    r = adapter.send(request, **kwargs)
        ^^^^^^^^^^^^^^^^^^^^^^^^^^^^^^^
  File "D:\coding\date_spider\.venv\Lib\site-packages\requests\adapters.py", line 698, in send
    raise SSLError(e, request=request)
requests.exceptions.SSLError: HTTPSConnectionPool(host='cryptotradingcafe.com', port=443): Max retries exceeded with url: /9203/ (Caused by SSLError(SSLEOFError(8, 'EOF occurred in violation of protocol (_ssl.c:1002)')))
2025-06-02 14:24:08,001 - cryptotradingcafe - WARNING - 爬取失败，记录错误：https://cryptotradingcafe.com/9203/
2025-06-02 14:24:08,003 - cryptotradingcafe - INFO - 请求页面：https://cryptotradingcafe.com/page/13
2025-06-02 14:24:09,159 - cryptotradingcafe - INFO - 成功解析文章：如何研究新项目？
2025-06-02 14:24:09,835 - cryptotradingcafe - INFO - 成功解析文章：聊聊技术分析的那些事儿
2025-06-02 14:24:10,611 - cryptotradingcafe - INFO - 成功解析文章：传销是往下传播，比特币是往上“传销”
2025-06-02 14:24:11,160 - cryptotradingcafe - INFO - 成功解析文章：币圈年年都有新机会，老一代投资者别老犯PTSD
2025-06-02 14:24:11,841 - cryptotradingcafe - INFO - 成功解析文章：宏观经济真的在转好，对加密数字货币来说，到底什么是宏观？
2025-06-02 14:24:12,068 - cryptotradingcafe - ERROR - 解析文章失败：https://cryptotradingcafe.com/9101/
urllib3.exceptions.SSLError: EOF occurred in violation of protocol (_ssl.c:1002)

The above exception was the direct cause of the following exception:

Traceback (most recent call last):
  File "D:\coding\date_spider\.venv\Lib\site-packages\requests\adapters.py", line 667, in send
    resp = conn.urlopen(
           ^^^^^^^^^^^^^
  File "D:\coding\date_spider\.venv\Lib\site-packages\urllib3\connectionpool.py", line 841, in urlopen
    retries = retries.increment(
              ^^^^^^^^^^^^^^^^^^
  File "D:\coding\date_spider\.venv\Lib\site-packages\urllib3\util\retry.py", line 519, in increment
    raise MaxRetryError(_pool, url, reason) from reason  # type: ignore[arg-type]
    ^^^^^^^^^^^^^^^^^^^^^^^^^^^^^^^^^^^^^^^^^^^^^^^^^^^
urllib3.exceptions.MaxRetryError: HTTPSConnectionPool(host='cryptotradingcafe.com', port=443): Max retries exceeded with url: /9101/ (Caused by SSLError(SSLEOFError(8, 'EOF occurred in violation of protocol (_ssl.c:1002)')))

During handling of the above exception, another exception occurred:

Traceback (most recent call last):
  File "D:\coding\date_spider\crawler\spider_cryptotradingcafe.py", line 31, in article_get
    response = requests.get(url, headers=headers, timeout=10)
               ^^^^^^^^^^^^^^^^^^^^^^^^^^^^^^^^^^^^^^^^^^^^^^
  File "D:\coding\date_spider\.venv\Lib\site-packages\requests\api.py", line 73, in get
    return request("get", url, params=params, **kwargs)
           ^^^^^^^^^^^^^^^^^^^^^^^^^^^^^^^^^^^^^^^^^^^^
  File "D:\coding\date_spider\.venv\Lib\site-packages\requests\api.py", line 59, in request
    return session.request(method=method, url=url, **kwargs)
           ^^^^^^^^^^^^^^^^^^^^^^^^^^^^^^^^^^^^^^^^^^^^^^^^^
  File "D:\coding\date_spider\.venv\Lib\site-packages\requests\sessions.py", line 589, in request
    resp = self.send(prep, **send_kwargs)
           ^^^^^^^^^^^^^^^^^^^^^^^^^^^^^^
  File "D:\coding\date_spider\.venv\Lib\site-packages\requests\sessions.py", line 703, in send
    r = adapter.send(request, **kwargs)
        ^^^^^^^^^^^^^^^^^^^^^^^^^^^^^^^
  File "D:\coding\date_spider\.venv\Lib\site-packages\requests\adapters.py", line 698, in send
    raise SSLError(e, request=request)
requests.exceptions.SSLError: HTTPSConnectionPool(host='cryptotradingcafe.com', port=443): Max retries exceeded with url: /9101/ (Caused by SSLError(SSLEOFError(8, 'EOF occurred in violation of protocol (_ssl.c:1002)')))
2025-06-02 14:24:12,069 - cryptotradingcafe - WARNING - 爬取失败，记录错误：https://cryptotradingcafe.com/9101/
2025-06-02 14:24:12,070 - cryptotradingcafe - INFO - 请求页面：https://cryptotradingcafe.com/page/14
2025-06-02 14:24:13,497 - cryptotradingcafe - INFO - 成功解析文章：加密叙事观察
2025-06-02 14:24:14,282 - cryptotradingcafe - INFO - 成功解析文章：当你看好一个投资品，你应该投入多少本金？
2025-06-02 14:24:14,939 - cryptotradingcafe - INFO - 成功解析文章：就uni(uniswap)谈谈好应用不一定代表好代币
2025-06-02 14:24:15,598 - cryptotradingcafe - INFO - 成功解析文章：币圈信息源头变迁史，从bitcointalk到twitter
2025-06-02 14:24:16,292 - cryptotradingcafe - INFO - 成功解析文章：现在是止损（止错）的好时机，学会止损是投资人生的必修课
2025-06-02 14:24:16,921 - cryptotradingcafe - INFO - 成功解析文章：大三开始全职炒币 7 年，长期处于痛苦之中
2025-06-02 14:24:16,923 - cryptotradingcafe - INFO - 请求页面：https://cryptotradingcafe.com/page/15
2025-06-02 14:24:18,153 - cryptotradingcafe - INFO - 成功解析文章：加密叙事与触发器
2025-06-02 14:24:18,698 - cryptotradingcafe - INFO - 成功解析文章：那些上升的和下沉的币圈叙事
2025-06-02 14:24:19,235 - cryptotradingcafe - INFO - 成功解析文章：从手机操作系统的竞争历史判断以太坊不会一直垄断
2025-06-02 14:24:19,791 - cryptotradingcafe - INFO - 成功解析文章：熊市观察三：Arb生态
2025-06-02 14:24:20,949 - cryptotradingcafe - INFO - 成功解析文章：熊市观察之LSD
2025-06-02 14:24:21,505 - cryptotradingcafe - INFO - 成功解析文章：熊市观察之Op生态
2025-06-02 14:24:21,507 - cryptotradingcafe - INFO - 请求页面：https://cryptotradingcafe.com/page/16
2025-06-02 14:24:22,604 - cryptotradingcafe - INFO - 成功解析文章：千币笔记：VSP、BOND、ZKSP、MINA、MASK
2025-06-02 14:24:23,324 - cryptotradingcafe - INFO - 成功解析文章：从估值计算角度来看以太坊ETH的合理价格区间
2025-06-02 14:24:23,886 - cryptotradingcafe - INFO - 成功解析文章：这波熊的观察和思考
2025-06-02 14:24:24,681 - cryptotradingcafe - INFO - 成功解析文章：熊市观察之二
2025-06-02 14:24:25,318 - cryptotradingcafe - INFO - 成功解析文章：比特币的安全模型经得起区块奖励减半的考验
2025-06-02 14:24:25,991 - cryptotradingcafe - INFO - 成功解析文章：千币笔记：QUICK、TEL、KLAY、GTC、MATIC、XCH
2025-06-02 14:24:25,993 - cryptotradingcafe - INFO - 请求页面：https://cryptotradingcafe.com/page/17
2025-06-02 14:24:28,359 - cryptotradingcafe - INFO - 成功解析文章：千币笔记：BAKE，SLP，Autoglyphs，Cryptopunks，MLN，AXS
2025-06-02 14:24:28,932 - cryptotradingcafe - INFO - 成功解析文章：如何使用私钥钱包安全保管比特币？私钥泄漏的5种常见原因
2025-06-02 14:24:29,581 - cryptotradingcafe - INFO - 成功解析文章：炒币的人生没有厚度
2025-06-02 14:24:30,301 - cryptotradingcafe - INFO - 成功解析文章：你应该囤多少个比特币？囤多少可以fire财务自由退休？
2025-06-02 14:24:31,010 - cryptotradingcafe - INFO - 成功解析文章：中心化交易所对DeFi拙劣的模仿，这是创新者的窘境吗？
2025-06-02 14:24:31,658 - cryptotradingcafe - INFO - 成功解析文章：千币笔记：DEXT，MBOX，Opensea，RARE，NFTB，DOGGY，YGG，NBA Top Shot，Meebits
2025-06-02 14:24:31,659 - cryptotradingcafe - INFO - 请求页面：https://cryptotradingcafe.com/page/18
2025-06-02 14:24:32,940 - cryptotradingcafe - INFO - 成功解析文章：千币笔记：TORN，ARMOR，EDEN，GRO，OHM，HEX，PSP
2025-06-02 14:24:33,610 - cryptotradingcafe - INFO - 成功解析文章：比特币博弈论
2025-06-02 14:24:34,157 - cryptotradingcafe - INFO - 成功解析文章：千币笔记：Loot，AGLD，zkSync，Starkware
2025-06-02 14:24:34,875 - cryptotradingcafe - INFO - 成功解析文章：美SEC答复比特币现货ETF申请，长达86页
2025-06-02 14:24:35,499 - cryptotradingcafe - INFO - 成功解析文章：千币笔记：PEPE，ORDI，BLUR，MAV
2025-06-02 14:24:36,061 - cryptotradingcafe - INFO - 成功解析文章：千币笔记：APT，OP，ARB，APT，SUI
2025-06-02 14:24:36,062 - cryptotradingcafe - INFO - 请求页面：https://cryptotradingcafe.com/page/19
2025-06-02 14:24:37,286 - cryptotradingcafe - INFO - 成功解析文章：炒币玩合约或山寨持续亏损，深陷负债怎么办？
2025-06-02 14:24:37,854 - cryptotradingcafe - INFO - 成功解析文章：新闻交易教学及科普
2025-06-02 14:24:38,842 - cryptotradingcafe - INFO - 成功解析文章：熊市老韭菜的过来之言
2025-06-02 14:24:39,383 - cryptotradingcafe - INFO - 成功解析文章：一文建立对web3的整体观感
2025-06-02 14:24:40,035 - cryptotradingcafe - INFO - 成功解析文章：如何在币安使用traderwagon进行合约跟单
2025-06-02 14:24:41,479 - cryptotradingcafe - INFO - 成功解析文章：怎么申请discord频道的mod（管理员）
2025-06-02 14:24:41,481 - cryptotradingcafe - INFO - 请求页面：https://cryptotradingcafe.com/page/20
2025-06-02 14:24:42,824 - cryptotradingcafe - INFO - 成功解析文章：区块链三刀的近期想法
2025-06-02 14:24:43,505 - cryptotradingcafe - INFO - 成功解析文章：2025年中国大陆用户火币HTX注册及实名认证教程
2025-06-02 14:24:44,088 - cryptotradingcafe - INFO - 成功解析文章：警惕账户迁移短信和谷歌搜索的虚假官网
2025-06-02 14:24:44,739 - cryptotradingcafe - INFO - 成功解析文章：欢迎加入本站币圈炒币（比特币）电报交流群
2025-06-02 14:24:45,309 - cryptotradingcafe - INFO - 成功解析文章：区块链三刀谈ftx交易所和ftt
2025-06-02 14:24:46,010 - cryptotradingcafe - INFO - 成功解析文章：分析下“币圈葫芦娃”的玩法
2025-06-02 14:24:46,012 - cryptotradingcafe - INFO - 请求页面：https://cryptotradingcafe.com/page/21
2025-06-02 14:24:47,404 - cryptotradingcafe - INFO - 成功解析文章：Web3公司收入调研，Token价值捕获研究
2025-06-02 14:24:47,976 - cryptotradingcafe - INFO - 成功解析文章：币圈著名空头“棋局”座谈会总结
2025-06-02 14:24:48,643 - cryptotradingcafe - INFO - 成功解析文章：Defi协议代币投资思路之一：PE估值法
2025-06-02 14:24:49,642 - cryptotradingcafe - INFO - 成功解析文章：论网格对非交易型币圈选手的重要性
2025-06-02 14:24:50,638 - cryptotradingcafe - INFO - 成功解析文章：本轮反弹行情复盘思考（2022年8月）
2025-06-02 14:24:51,283 - cryptotradingcafe - INFO - 成功解析文章：解决苹果手机使用币安遇到“欺骗性网站”警告
2025-06-02 14:24:51,285 - cryptotradingcafe - INFO - 请求页面：https://cryptotradingcafe.com/page/22
2025-06-02 14:24:52,603 - cryptotradingcafe - INFO - 成功解析文章：区块链领域未来几年应关注的重点板块
2025-06-02 14:24:53,237 - cryptotradingcafe - INFO - 成功解析文章：比特币和以太坊的矿机关机币价怎么计算，怎么理解？
2025-06-02 14:24:53,849 - cryptotradingcafe - INFO - 成功解析文章：Optimism投资研究报告
2025-06-02 14:24:54,436 - cryptotradingcafe - INFO - 成功解析文章：Bybit交易所中国大陆注册及kyc，输入邀请码享全网最高返佣优惠
2025-06-02 14:24:55,156 - cryptotradingcafe - INFO - 成功解析文章：Defi挖矿以及借贷对应的风险及规避措施
2025-06-02 14:24:55,790 - cryptotradingcafe - INFO - 成功解析文章：写在币圈低谷时-聊聊攀比带来的痛苦
2025-06-02 14:24:55,792 - cryptotradingcafe - INFO - 请求页面：https://cryptotradingcafe.com/page/23
2025-06-02 14:24:56,903 - cryptotradingcafe - INFO - 成功解析文章：如何从币安交易所提币
2025-06-02 14:24:57,620 - cryptotradingcafe - INFO - 成功解析文章：如何创建自己的数字货币钱包，以onekey为例
2025-06-02 14:24:58,132 - cryptotradingcafe - INFO - 成功解析文章：币安买币（使用）教程
2025-06-02 14:24:58,781 - cryptotradingcafe - INFO - 成功解析文章：币安的U（USDT）本位永续合约介绍
2025-06-02 14:24:59,487 - cryptotradingcafe - INFO - 成功解析文章：算法稳定币luna（Terra）出问题了？UST脱钩暴雷？
2025-06-02 14:25:00,867 - cryptotradingcafe - INFO - 成功解析文章：科普限价单/市价单/限价止盈止损单/OCO订单下单方式
2025-06-02 14:25:00,868 - cryptotradingcafe - INFO - 请求页面：https://cryptotradingcafe.com/page/24
2025-06-02 14:25:03,393 - cryptotradingcafe - INFO - 成功解析文章：6年风雨路，从千万亏损到平常心
2025-06-02 14:25:04,002 - cryptotradingcafe - INFO - 成功解析文章：聊聊币安币（BNB）是什么，探讨下前景和价值
2025-06-02 14:25:04,737 - cryptotradingcafe - INFO - 成功解析文章：如何注册美区苹果apple id来下载币圈app？
2025-06-02 14:25:05,364 - cryptotradingcafe - INFO - 成功解析文章：币安现货合约交易手续费怎么算？手续费如何减免返还？
2025-06-02 14:25:06,070 - cryptotradingcafe - INFO - 成功解析文章：DeFi流动性挖矿的常见安全风险与风控策略
2025-06-02 14:25:07,918 - cryptotradingcafe - INFO - 成功解析文章：ENS域名注册/解析/买卖教程，4数/3字母/双拼价值分析
2025-06-02 14:25:07,919 - cryptotradingcafe - INFO - 请求页面：https://cryptotradingcafe.com/page/25
2025-06-02 14:25:09,391 - cryptotradingcafe - INFO - 成功解析文章：OpenSea-最大的NFT交易平台研报
2025-06-02 14:25:10,001 - cryptotradingcafe - INFO - 成功解析文章：定投比特币靠谱吗？该用什么定投策略？
2025-06-02 14:25:10,619 - cryptotradingcafe - INFO - 成功解析文章：对加密货币未来4年的行情预测
2025-06-02 14:25:11,296 - cryptotradingcafe - INFO - 成功解析文章：Stepn（gmt币）深度投研报告
2025-06-02 14:25:12,095 - cryptotradingcafe - INFO - 成功解析文章：聊聊网格交易策略，以币安的网格交易功能为例
2025-06-02 14:25:12,830 - cryptotradingcafe - INFO - 成功解析文章：热门扩容方案Arbitrum研报
2025-06-02 14:25:12,832 - cryptotradingcafe - INFO - 请求页面：https://cryptotradingcafe.com/page/26
2025-06-02 14:25:15,067 - cryptotradingcafe - INFO - 成功解析文章：币安KYC身份认证教程
2025-06-02 14:25:15,739 - cryptotradingcafe - INFO - 成功解析文章：聊聊众筹平台juicebox
2025-06-02 14:25:16,381 - cryptotradingcafe - INFO - 成功解析文章：无聊猿游艇俱乐部（Bored Ape Yacht Club，即“BAYC”）研究报告（下）：代币经济与市场竞争
2025-06-02 14:25:17,005 - cryptotradingcafe - INFO - 成功解析文章：【2025全网最强】币安合约邀请码cafe,享币安返佣40%-50%
2025-06-02 14:25:17,725 - cryptotradingcafe - INFO - 成功解析文章：无聊猿游艇俱乐部（Bored Ape Yacht Club，即“BAYC”）研究报告（上）：项目详解与发展过程
2025-06-02 14:25:18,406 - cryptotradingcafe - INFO - 成功解析文章：Defi挖矿时使用FTX交易所借币和套保
2025-06-02 14:25:18,408 - cryptotradingcafe - INFO - 请求页面：https://cryptotradingcafe.com/page/27
2025-06-02 14:25:19,734 - cryptotradingcafe - INFO - 成功解析文章：币安是哪个国家的？币安总部在哪？
2025-06-02 14:25:20,277 - cryptotradingcafe - INFO - 成功解析文章：科普比特币合约，永续合约和比特币爆仓
2025-06-02 14:25:20,958 - cryptotradingcafe - INFO - 成功解析文章：【全网最高】欧易OKX注册教程，使用邀请码cafe888享手续费返佣
2025-06-02 14:25:21,628 - cryptotradingcafe - INFO - 成功解析文章：大陆如何下载币安交易所app？
2025-06-02 14:25:22,326 - cryptotradingcafe - INFO - 成功解析文章：​到底什么价格，什么时候适合抄底比特币
2025-06-02 14:25:22,888 - cryptotradingcafe - INFO - 成功解析文章：炒虚拟货币OTC出金usdt遇到黑钱冻卡怎么办？
2025-06-02 14:25:22,890 - cryptotradingcafe - INFO - 请求页面：https://cryptotradingcafe.com/page/28
2025-06-02 14:25:24,440 - cryptotradingcafe - INFO - 成功解析文章：一颗在币圈活着的老韭菜自白
2025-06-02 14:25:25,001 - cryptotradingcafe - INFO - 成功解析文章：imToken钱包官网下载，小心假官网诈骗
2025-06-02 14:25:25,696 - cryptotradingcafe - INFO - 成功解析文章：聊聊币圈的套利交易
2025-06-02 14:25:26,258 - cryptotradingcafe - INFO - 成功解析文章：一个研究生的一年币圈亏钱故事
2025-06-02 14:25:26,937 - cryptotradingcafe - INFO - 成功解析文章：币安怎么支付宝充值人民币？
2025-06-02 14:25:27,490 - cryptotradingcafe - INFO - 成功解析文章：Bitfrog（原“合约帝”）实盘跟单软件
2025-06-02 14:25:27,492 - cryptotradingcafe - INFO - 请求页面：https://cryptotradingcafe.com/page/29
2025-06-02 14:25:29,642 - cryptotradingcafe - INFO - 成功解析文章：【科普】为什么使用defi产品前会有approve这么多余的操作？
2025-06-02 14:25:30,315 - cryptotradingcafe - INFO - 成功解析文章：我个人投资Stepn（gmt币）的思路分享
2025-06-02 14:25:30,945 - cryptotradingcafe - INFO - 成功解析文章：矿工的角度浅谈FIL（Filecoin文件币）的价格和前景
2025-06-02 14:25:32,065 - cryptotradingcafe - INFO - 成功解析文章：就Ronin被盗聊聊“假如你是黑客怎么隐藏身份和洗币”
2025-06-02 14:25:32,733 - cryptotradingcafe - INFO - 成功解析文章：小K的数字货币故事
2025-06-02 14:25:33,423 - cryptotradingcafe - INFO - 成功解析文章：币圈比特币和山寨行情轮动规律
2025-06-02 14:25:33,425 - cryptotradingcafe - INFO - 请求页面：https://cryptotradingcafe.com/page/30
2025-06-02 14:25:34,705 - cryptotradingcafe - INFO - 成功解析文章：火币不能用了怎么办？火币清退中国大陆用户怎么办？
2025-06-02 14:25:35,239 - cryptotradingcafe - INFO - 成功解析文章：币安合法吗？靠谱安全吗？
2025-06-02 14:25:35,835 - cryptotradingcafe - INFO - 成功解析文章：NFT收藏品赛道报告（上）：前言和赛道详解
2025-06-02 14:25:36,551 - cryptotradingcafe - INFO - 成功解析文章：NFT收藏品赛道报告（下）：未来发展与投资注意问题
2025-06-02 14:25:37,198 - cryptotradingcafe - INFO - 成功解析文章：币安服务受限地区怎么解决？美国可以使用币安吗？
2025-06-02 14:25:38,489 - cryptotradingcafe - INFO - 成功解析文章：如何炒币？该买什么币？加密货币投资逻辑解析
2025-06-02 14:25:38,490 - cryptotradingcafe - INFO - 请求页面：https://cryptotradingcafe.com/page/31
2025-06-02 14:25:39,752 - cryptotradingcafe - INFO - 成功解析文章：技术分析里的“价格形态”
2025-06-02 14:25:40,310 - cryptotradingcafe - INFO - 成功解析文章：中国大陆如何购买狗狗币？狗狗币和柴犬币（屎币）是什么？
2025-06-02 14:25:40,860 - cryptotradingcafe - INFO - 成功解析文章：中国大陆如何用支付宝来人民币购买比特币等加密货币
2025-06-02 14:25:41,426 - cryptotradingcafe - INFO - 成功解析文章：币安中国能用吗？币安清退中国大陆用户怎么办？
2025-06-02 14:25:42,086 - cryptotradingcafe - INFO - 成功解析文章：专业的中文币圈社区和论坛推荐
2025-06-02 14:25:42,738 - cryptotradingcafe - INFO - 成功解析文章：使用“突破”来交易
2025-06-02 14:25:42,740 - cryptotradingcafe - INFO - 请求页面：https://cryptotradingcafe.com/page/32
2025-06-02 14:25:44,925 - cryptotradingcafe - INFO - 成功解析文章：支持中国大陆用户的虚拟货币交易所
2025-06-02 14:25:45,463 - cryptotradingcafe - INFO - 成功解析文章：币coin，币圈第一比特币合约高手实盘软件
2025-06-02 14:25:46,036 - cryptotradingcafe - INFO - 成功解析文章：头肩顶和头肩底形态
2025-06-02 14:25:46,787 - cryptotradingcafe - INFO - 成功解析文章：急涨奔逃反转(Bump and Run Reversal)形态
2025-06-02 14:25:47,432 - cryptotradingcafe - INFO - 成功解析文章：币圈安全出金usdt，套现防黑钱方法
2025-06-02 14:25:48,083 - cryptotradingcafe - INFO - 成功解析文章：趋势的定义和交易策略
2025-06-02 14:25:48,083 - cryptotradingcafe - INFO - 请求页面：https://cryptotradingcafe.com/page/33
2025-06-02 14:25:49,805 - cryptotradingcafe - INFO - 成功解析文章：中国大陆Binance币安注册及身份认证教程(2025最新)
2025-06-02 14:25:50,480 - cryptotradingcafe - INFO - 成功解析文章：交易中如何管理情绪
2025-06-02 14:25:51,164 - cryptotradingcafe - INFO - 成功解析文章：币安Binance，全球第一的数字货币交易所
2025-06-02 14:25:51,805 - cryptotradingcafe - INFO - 成功解析文章：斐波那契回撤和斐波那契扩展的使用
2025-06-02 14:25:52,389 - cryptotradingcafe - INFO - 成功解析文章：移动平均线（MA）的四种简单使用方式
2025-06-02 14:25:53,323 - cryptotradingcafe - INFO - 成功解析文章：利用“杯柄形态”来交易
2025-06-02 14:25:53,324 - cryptotradingcafe - INFO - 请求页面：https://cryptotradingcafe.com/page/34
2025-06-02 14:25:54,556 - cryptotradingcafe - INFO - 成功解析文章：比特皇，内功深厚的扫地僧
2025-06-02 14:25:55,223 - cryptotradingcafe - INFO - 成功解析文章：肥宅比特币，一身是胆
2025-06-02 14:25:55,889 - cryptotradingcafe - INFO - 成功解析文章：使用支撑和阻力来交易
2025-06-02 14:25:56,986 - cryptotradingcafe - INFO - 成功解析文章：从顶尖比特币合约交易员身上得到的六个启示
2025-06-02 14:25:57,702 - cryptotradingcafe - INFO - 成功解析文章：欧阳拽白，最牛多头
2025-06-02 14:25:58,276 - cryptotradingcafe - INFO - 成功解析文章：币圈凉兮，天才还是疯子？
2025-06-02 14:25:58,278 - cryptotradingcafe - INFO - 请求页面：https://cryptotradingcafe.com/page/35
2025-06-02 14:25:59,587 - cryptotradingcafe - INFO - 所有链接都已爬取，终止爬取。
2025-06-02 14:43:24,985 - cryptotradingcafe - INFO - 已加载 0 条历史链接
2025-06-02 14:43:24,986 - cryptotradingcafe - INFO - 开始爬取 CryptoTradingCafe
2025-06-02 14:43:24,986 - cryptotradingcafe - INFO - 请求页面：https://cryptotradingcafe.com/page/1
2025-06-02 14:43:27,328 - cryptotradingcafe - INFO - 成功解析文章：如何用支付宝在币安和欧易使用人民币购买usdt
2025-06-02 14:43:27,992 - cryptotradingcafe - INFO - 成功解析文章：币安钱包TGE（代币生成活动）的打新攻略
2025-06-02 14:43:28,661 - cryptotradingcafe - INFO - 成功解析文章：熬鹰allincrypto，热度很高的二级带单大V
2025-06-02 14:43:29,311 - cryptotradingcafe - INFO - 成功解析文章：币圈实盘大V川沐（川沐第一个500U/川沐笔记）
2025-06-02 14:43:29,948 - cryptotradingcafe - INFO - 成功解析文章：予与vkx，币圈新晋千万实盘大V
2025-06-02 14:43:30,712 - cryptotradingcafe - INFO - 成功解析文章：Backpack背包交易所推荐码注册及实名认证教程，参与积分计划享平台币空投
2025-06-02 14:43:30,714 - cryptotradingcafe - INFO - 请求页面：https://cryptotradingcafe.com/page/2
2025-06-02 14:43:32,751 - cryptotradingcafe - INFO - 成功解析文章：合约交易的仓位管理
2025-06-02 14:43:33,420 - cryptotradingcafe - INFO - 成功解析文章：通过刻意练习实现币圈交易的知行合一
2025-06-02 14:43:34,045 - cryptotradingcafe - INFO - 成功解析文章：中文币圈最快的新闻源：方程式新闻
2025-06-02 14:43:34,690 - cryptotradingcafe - INFO - 成功解析文章：币COIN实盘大户“先定10个大目标”
2025-06-02 14:43:35,341 - cryptotradingcafe - INFO - 成功解析文章：币安可以用护照认证吗？
2025-06-02 14:43:35,987 - cryptotradingcafe - INFO - 成功解析文章：方程式新闻创始人——知乎“00后富一代”vida
2025-06-02 14:43:35,989 - cryptotradingcafe - INFO - 请求页面：https://cryptotradingcafe.com/page/3
2025-06-02 14:43:38,242 - cryptotradingcafe - INFO - 成功解析文章：新手做不好止损的九大原因
2025-06-02 14:43:38,863 - cryptotradingcafe - INFO - 成功解析文章：新手交易常见问题之冲动盲目&暴富幻想
2025-06-02 14:43:39,442 - cryptotradingcafe - INFO - 成功解析文章：不要成为全职交易员
2025-06-02 14:43:40,058 - cryptotradingcafe - INFO - 成功解析文章：如何进行趋势交易？
2025-06-02 14:43:40,628 - cryptotradingcafe - INFO - 成功解析文章：合约交易的盈亏比管理
2025-06-02 14:43:41,359 - cryptotradingcafe - INFO - 成功解析文章：什么是滚仓？合约如何滚仓（浮盈加仓）？
2025-06-02 14:43:41,362 - cryptotradingcafe - INFO - 请求页面：https://cryptotradingcafe.com/page/4
2025-06-02 14:43:43,814 - cryptotradingcafe - INFO - 成功解析文章：半木夏，从爆仓到5000万的逆袭之路
2025-06-02 14:43:44,482 - cryptotradingcafe - INFO - 成功解析文章：仓位管理之金字塔加减仓
2025-06-02 14:43:45,074 - cryptotradingcafe - INFO - 成功解析文章：币安和欧易对比，币安和欧易哪个更好？
2025-06-02 14:43:45,608 - cryptotradingcafe - INFO - 成功解析文章：如何注销币安？重新注册币安拿40%手续费返佣
2025-06-02 14:43:46,236 - cryptotradingcafe - INFO - 成功解析文章：PI币（Pi Network）是什么？注册欧易来交易PI币
2025-06-02 14:43:46,906 - cryptotradingcafe - INFO - 成功解析文章：如何使用币安的跟单交易来进行比特币合约跟单
2025-06-02 14:43:46,907 - cryptotradingcafe - INFO - 请求页面：https://cryptotradingcafe.com/page/5
2025-06-02 14:43:48,530 - cryptotradingcafe - INFO - 成功解析文章：币圈比特币永续合约怎么玩？合约赚钱技巧
2025-06-02 14:43:49,120 - cryptotradingcafe - INFO - 成功解析文章：以买MEME交易为例，新人最全的链上web3入门科普教程
2025-06-02 14:43:49,793 - cryptotradingcafe - INFO - 成功解析文章：Trump Coin特朗普币（川普币）是什么？怎么买？
2025-06-02 14:43:50,362 - cryptotradingcafe - INFO - 成功解析文章：最佳比特币看盘软件和币圈数字货币行情网站
2025-06-02 14:44:11,777 - cryptotradingcafe - INFO - 已加载 0 条历史链接
2025-06-02 14:44:11,778 - cryptotradingcafe - INFO - 开始爬取 CryptoTradingCafe
2025-06-02 14:44:11,778 - cryptotradingcafe - INFO - 请求页面：https://cryptotradingcafe.com/page/1
2025-06-02 14:44:14,007 - cryptotradingcafe - INFO - 成功解析文章：币安钱包TGE（代币生成活动）的打新攻略
2025-06-02 14:44:14,716 - cryptotradingcafe - INFO - 成功解析文章：予与vkx，币圈新晋千万实盘大V
2025-06-02 14:44:15,276 - cryptotradingcafe - INFO - 成功解析文章：Backpack背包交易所推荐码注册及实名认证教程，参与积分计划享平台币空投
2025-06-02 14:44:15,916 - cryptotradingcafe - INFO - 成功解析文章：如何用支付宝在币安和欧易使用人民币购买usdt
2025-06-02 14:44:16,623 - cryptotradingcafe - INFO - 成功解析文章：熬鹰allincrypto，热度很高的二级带单大V
2025-06-02 14:44:17,157 - cryptotradingcafe - INFO - 成功解析文章：币圈实盘大V川沐（川沐第一个500U/川沐笔记）
2025-06-02 14:44:17,159 - cryptotradingcafe - INFO - 请求页面：https://cryptotradingcafe.com/page/2
2025-06-02 14:44:18,316 - cryptotradingcafe - INFO - 成功解析文章：合约交易的仓位管理
2025-06-02 14:44:18,950 - cryptotradingcafe - INFO - 成功解析文章：币安可以用护照认证吗？
2025-06-02 14:44:19,609 - cryptotradingcafe - INFO - 成功解析文章：中文币圈最快的新闻源：方程式新闻
2025-06-02 14:44:20,282 - cryptotradingcafe - INFO - 成功解析文章：币COIN实盘大户“先定10个大目标”
2025-06-02 14:44:20,964 - cryptotradingcafe - INFO - 成功解析文章：通过刻意练习实现币圈交易的知行合一
2025-06-02 14:44:21,757 - cryptotradingcafe - INFO - 成功解析文章：方程式新闻创始人——知乎“00后富一代”vida
2025-06-02 14:44:21,762 - cryptotradingcafe - INFO - 请求页面：https://cryptotradingcafe.com/page/3
2025-06-02 14:44:23,875 - cryptotradingcafe - INFO - 成功解析文章：新手做不好止损的九大原因
2025-06-02 14:44:24,783 - cryptotradingcafe - INFO - 成功解析文章：合约交易的盈亏比管理
2025-06-02 14:44:25,661 - cryptotradingcafe - INFO - 成功解析文章：不要成为全职交易员
2025-06-02 14:44:26,329 - cryptotradingcafe - INFO - 成功解析文章：如何进行趋势交易？
2025-06-02 14:44:27,018 - cryptotradingcafe - INFO - 成功解析文章：什么是滚仓？合约如何滚仓（浮盈加仓）？
2025-06-02 14:44:27,538 - cryptotradingcafe - INFO - 成功解析文章：新手交易常见问题之冲动盲目&暴富幻想
2025-06-02 14:44:27,540 - cryptotradingcafe - INFO - 请求页面：https://cryptotradingcafe.com/page/4
2025-06-02 14:44:28,736 - cryptotradingcafe - INFO - 成功解析文章：仓位管理之金字塔加减仓
2025-06-02 14:44:29,385 - cryptotradingcafe - INFO - 成功解析文章：半木夏，从爆仓到5000万的逆袭之路
2025-06-02 14:44:30,014 - cryptotradingcafe - INFO - 成功解析文章：币安和欧易对比，币安和欧易哪个更好？
2025-06-02 14:44:30,535 - cryptotradingcafe - INFO - 成功解析文章：PI币（Pi Network）是什么？注册欧易来交易PI币
2025-06-02 14:44:31,142 - cryptotradingcafe - INFO - 成功解析文章：如何注销币安？重新注册币安拿40%手续费返佣
2025-06-02 14:44:31,721 - cryptotradingcafe - INFO - 成功解析文章：如何使用币安的跟单交易来进行比特币合约跟单
2025-06-02 14:44:31,723 - cryptotradingcafe - INFO - 请求页面：https://cryptotradingcafe.com/page/5
2025-06-02 14:44:32,990 - cryptotradingcafe - INFO - 成功解析文章：什么是AiAgent
2025-06-02 14:44:33,990 - cryptotradingcafe - INFO - 成功解析文章：最佳比特币看盘软件和币圈数字货币行情网站
2025-06-02 14:44:34,619 - cryptotradingcafe - INFO - 成功解析文章：Trump Coin特朗普币（川普币）是什么？怎么买？
2025-06-02 14:44:35,273 - cryptotradingcafe - INFO - 成功解析文章：币圈比特币永续合约怎么玩？合约赚钱技巧
2025-06-02 14:44:35,946 - cryptotradingcafe - INFO - 成功解析文章：什么是Desci
2025-06-02 14:44:36,614 - cryptotradingcafe - INFO - 成功解析文章：以买MEME交易为例，新人最全的链上web3入门科普教程
2025-06-02 14:44:36,615 - cryptotradingcafe - INFO - 请求页面：https://cryptotradingcafe.com/page/6
2025-06-02 14:44:37,779 - cryptotradingcafe - INFO - 成功解析文章：整理了AI meme 相关币
2025-06-02 14:44:38,413 - cryptotradingcafe - INFO - 成功解析文章：该买什么币？什么加密货币最有前景？
2025-06-02 14:44:39,074 - cryptotradingcafe - INFO - 成功解析文章：币圈VIP付费社群聚合
2025-06-02 14:44:39,745 - cryptotradingcafe - INFO - 成功解析文章：跟对趋势做事，时间才能站在你这边
2025-06-02 14:44:40,266 - cryptotradingcafe - INFO - 成功解析文章：币圈币安比特币VIP大客户A8A9俱乐部
2025-06-02 14:44:40,907 - cryptotradingcafe - INFO - 成功解析文章：币圈交易所手续费比较，哪个手续费最低？
2025-06-02 14:44:40,909 - cryptotradingcafe - INFO - 请求页面：https://cryptotradingcafe.com/page/7
2025-06-02 14:44:42,437 - cryptotradingcafe - INFO - 成功解析文章：什么是铭文，什么是Brc20，为什么大多数铭文归零
2025-06-02 14:44:43,113 - cryptotradingcafe - INFO - 成功解析文章：什么是公链，它有什么用？
2025-06-02 14:44:43,767 - cryptotradingcafe - INFO - 成功解析文章：2024年最火币coin合约实盘明星bit浪浪的心路历程
2025-06-02 14:44:44,458 - cryptotradingcafe - INFO - 成功解析文章：币圈的gas费（矿工费）是什么？
2025-06-02 14:44:45,139 - cryptotradingcafe - INFO - 成功解析文章：性价比最高的标的是比特币吗？个人建议的投资比例
2025-06-02 14:44:45,709 - cryptotradingcafe - INFO - 成功解析文章：区块链常见骗局盘点：Plustoken钱包诈骗案件
2025-06-02 14:44:45,711 - cryptotradingcafe - INFO - 请求页面：https://cryptotradingcafe.com/page/8
2025-06-02 14:44:48,086 - cryptotradingcafe - INFO - 成功解析文章：华为手机如何下载安装币安？
2025-06-02 14:44:49,622 - cryptotradingcafe - INFO - 成功解析文章：币圈空投airdrop是什么？
2025-06-02 14:44:50,170 - cryptotradingcafe - INFO - 成功解析文章：中国大陆注册bitget交易所，邀请码bg1234享20%自动返佣
2025-06-02 14:44:50,939 - cryptotradingcafe - INFO - 成功解析文章：解析Ton公链生态的崛起及趋势
2025-06-02 14:44:51,568 - cryptotradingcafe - INFO - 成功解析文章：币安官网打不开，网络无法访问怎么办？
2025-06-02 14:44:52,148 - cryptotradingcafe - INFO - 成功解析文章：什么是NFT？
2025-06-02 14:44:52,149 - cryptotradingcafe - INFO - 请求页面：https://cryptotradingcafe.com/page/9
2025-06-02 14:44:53,342 - cryptotradingcafe - INFO - 成功解析文章：全球比特币交易平台排行，世界五大比特币交易所
2025-06-02 14:44:54,008 - cryptotradingcafe - INFO - 成功解析文章：比特币怎么玩？比特币怎么赚钱？
2025-06-02 14:44:54,659 - cryptotradingcafe - INFO - 成功解析文章：什么是Gamefi？爆火的axie（阿蟹）和steph（跑步赚币）
2025-06-02 14:44:55,286 - cryptotradingcafe - INFO - 成功解析文章：币圈比特币期现套利教程
2025-06-02 14:44:55,816 - cryptotradingcafe - INFO - 成功解析文章：Defi挖矿是什么？怎么利用挖矿来存币生息？
2025-06-02 14:44:56,383 - cryptotradingcafe - INFO - 成功解析文章：科普币圈稳定币，以及usdt是什么？
2025-06-02 14:44:56,385 - cryptotradingcafe - INFO - 请求页面：https://cryptotradingcafe.com/page/10
2025-06-02 14:44:57,611 - cryptotradingcafe - INFO - 成功解析文章：MEME模因币的底层逻辑
2025-06-02 14:44:58,177 - cryptotradingcafe - INFO - 成功解析文章：币圈资金费率套利教程
2025-06-02 14:44:58,824 - cryptotradingcafe - INFO - 成功解析文章：Foresight—币圈常用媒体资讯新闻聚合网站
2025-06-02 14:44:59,442 - cryptotradingcafe - INFO - 成功解析文章：Uniswap大战SEC
2025-06-02 14:45:00,163 - cryptotradingcafe - INFO - 成功解析文章：币圈大佬之BitMex创始人Arthur Hayes
2025-06-02 14:45:00,708 - cryptotradingcafe - INFO - 成功解析文章：频繁交易，即使挣钱也不快乐
2025-06-02 14:45:00,709 - cryptotradingcafe - INFO - 请求页面：https://cryptotradingcafe.com/page/11
2025-06-02 14:45:01,916 - cryptotradingcafe - INFO - 成功解析文章：解读大火的Eigenlayer
2025-06-02 14:45:02,606 - cryptotradingcafe - INFO - 成功解析文章：bitmex交易所中国官网注册，输入邀请代码享30%手续费返佣
2025-06-02 14:45:03,185 - cryptotradingcafe - INFO - 成功解析文章：推特X——炒币最重要的社交信息平台
2025-06-02 14:45:03,897 - cryptotradingcafe - INFO - 成功解析文章：Dexscreener—查看一级市场早期代币信息的网站
2025-06-02 14:45:04,551 - cryptotradingcafe - INFO - 成功解析文章：使用revoke.cash来管理和撤销数字货币钱包的代币授权
2025-06-02 14:45:05,232 - cryptotradingcafe - INFO - 成功解析文章：聊聊币安刚上线的稳定币项目Ethena（ena）
2025-06-02 14:45:05,234 - cryptotradingcafe - INFO - 请求页面：https://cryptotradingcafe.com/page/12
2025-06-02 14:45:06,396 - cryptotradingcafe - INFO - 成功解析文章：Defillama-defi数据聚合平台
2025-06-02 14:45:06,970 - cryptotradingcafe - INFO - 成功解析文章：Coingecko币虎-好用的加密货币信息汇总平台
2025-06-02 14:45:07,645 - cryptotradingcafe - INFO - 成功解析文章：Etherscan-最常用的以太坊的区块浏览器
2025-06-02 14:45:08,289 - cryptotradingcafe - INFO - 成功解析文章：Metamask-从浏览器插件起步的数字货币钱包
2025-06-02 14:45:10,182 - cryptotradingcafe - INFO - 成功解析文章：小议Uniswap（uni）的护城河
2025-06-02 14:45:10,817 - cryptotradingcafe - INFO - 成功解析文章：聊聊erc404项目pandora
2025-06-02 14:45:10,819 - cryptotradingcafe - INFO - 请求页面：https://cryptotradingcafe.com/page/13
2025-06-02 14:45:13,236 - cryptotradingcafe - INFO - 成功解析文章：宏观经济真的在转好，对加密数字货币来说，到底什么是宏观？
2025-06-02 14:45:13,836 - cryptotradingcafe - INFO - 成功解析文章：币圈年年都有新机会，老一代投资者别老犯PTSD
2025-06-02 14:45:14,470 - cryptotradingcafe - INFO - 成功解析文章：如何研究新项目？
2025-06-02 14:45:15,023 - cryptotradingcafe - INFO - 成功解析文章：币圈选币剩者为王
2025-06-02 14:45:15,557 - cryptotradingcafe - INFO - 成功解析文章：传销是往下传播，比特币是往上“传销”
2025-06-02 14:45:16,128 - cryptotradingcafe - INFO - 成功解析文章：聊聊技术分析的那些事儿
2025-06-02 14:45:16,129 - cryptotradingcafe - INFO - 请求页面：https://cryptotradingcafe.com/page/14
2025-06-02 14:45:17,176 - cryptotradingcafe - INFO - 成功解析文章：当你看好一个投资品，你应该投入多少本金？
2025-06-02 14:45:17,807 - cryptotradingcafe - INFO - 成功解析文章：大三开始全职炒币 7 年，长期处于痛苦之中
2025-06-02 14:45:18,431 - cryptotradingcafe - INFO - 成功解析文章：现在是止损（止错）的好时机，学会止损是投资人生的必修课
2025-06-02 14:45:18,968 - cryptotradingcafe - INFO - 成功解析文章：加密叙事观察
2025-06-02 14:45:20,255 - cryptotradingcafe - INFO - 成功解析文章：就uni(uniswap)谈谈好应用不一定代表好代币
2025-06-02 14:45:20,895 - cryptotradingcafe - INFO - 成功解析文章：币圈信息源头变迁史，从bitcointalk到twitter
2025-06-02 14:45:20,896 - cryptotradingcafe - INFO - 请求页面：https://cryptotradingcafe.com/page/15
2025-06-02 14:45:22,673 - cryptotradingcafe - INFO - 成功解析文章：熊市观察三：Arb生态
2025-06-02 14:45:23,244 - cryptotradingcafe - INFO - 成功解析文章：那些上升的和下沉的币圈叙事
2025-06-02 14:45:23,834 - cryptotradingcafe - INFO - 成功解析文章：加密叙事与触发器
2025-06-02 14:45:24,505 - cryptotradingcafe - INFO - 成功解析文章：从手机操作系统的竞争历史判断以太坊不会一直垄断
2025-06-02 14:45:25,132 - cryptotradingcafe - INFO - 成功解析文章：熊市观察之Op生态
2025-06-02 14:45:25,740 - cryptotradingcafe - INFO - 成功解析文章：熊市观察之LSD
2025-06-02 14:45:25,742 - cryptotradingcafe - INFO - 请求页面：https://cryptotradingcafe.com/page/16
2025-06-02 14:45:27,145 - cryptotradingcafe - INFO - 成功解析文章：熊市观察之二
2025-06-02 14:45:27,759 - cryptotradingcafe - INFO - 成功解析文章：从估值计算角度来看以太坊ETH的合理价格区间
2025-06-02 14:45:28,351 - cryptotradingcafe - INFO - 成功解析文章：比特币的安全模型经得起区块奖励减半的考验
2025-06-02 14:45:29,421 - cryptotradingcafe - INFO - 成功解析文章：千币笔记：QUICK、TEL、KLAY、GTC、MATIC、XCH
2025-06-02 14:45:30,075 - cryptotradingcafe - INFO - 成功解析文章：这波熊的观察和思考
2025-06-02 14:45:30,739 - cryptotradingcafe - INFO - 成功解析文章：千币笔记：VSP、BOND、ZKSP、MINA、MASK
2025-06-02 14:45:30,740 - cryptotradingcafe - INFO - 请求页面：https://cryptotradingcafe.com/page/17
2025-06-02 14:45:32,044 - cryptotradingcafe - INFO - 成功解析文章：炒币的人生没有厚度
2025-06-02 14:45:32,657 - cryptotradingcafe - INFO - 成功解析文章：如何使用私钥钱包安全保管比特币？私钥泄漏的5种常见原因
2025-06-02 14:45:33,276 - cryptotradingcafe - INFO - 成功解析文章：中心化交易所对DeFi拙劣的模仿，这是创新者的窘境吗？
2025-06-02 14:45:33,922 - cryptotradingcafe - INFO - 成功解析文章：千币笔记：BAKE，SLP，Autoglyphs，Cryptopunks，MLN，AXS
2025-06-02 14:45:34,507 - cryptotradingcafe - INFO - 成功解析文章：你应该囤多少个比特币？囤多少可以fire财务自由退休？
2025-06-02 14:45:35,042 - cryptotradingcafe - INFO - 成功解析文章：千币笔记：DEXT，MBOX，Opensea，RARE，NFTB，DOGGY，YGG，NBA Top Shot，Meebits
2025-06-02 14:45:35,044 - cryptotradingcafe - INFO - 请求页面：https://cryptotradingcafe.com/page/18
2025-06-02 14:45:36,287 - cryptotradingcafe - INFO - 成功解析文章：千币笔记：APT，OP，ARB，APT，SUI
2025-06-02 14:45:36,807 - cryptotradingcafe - INFO - 成功解析文章：千币笔记：TORN，ARMOR，EDEN，GRO，OHM，HEX，PSP
2025-06-02 14:45:37,337 - cryptotradingcafe - INFO - 成功解析文章：千币笔记：Loot，AGLD，zkSync，Starkware
2025-06-02 14:45:37,927 - cryptotradingcafe - INFO - 成功解析文章：千币笔记：PEPE，ORDI，BLUR，MAV
2025-06-02 14:45:38,505 - cryptotradingcafe - INFO - 成功解析文章：美SEC答复比特币现货ETF申请，长达86页
2025-06-02 14:45:39,472 - cryptotradingcafe - INFO - 成功解析文章：比特币博弈论
2025-06-02 14:45:39,474 - cryptotradingcafe - INFO - 请求页面：https://cryptotradingcafe.com/page/19
2025-06-02 14:45:40,677 - cryptotradingcafe - INFO - 成功解析文章：怎么申请discord频道的mod（管理员）
2025-06-02 14:45:41,271 - cryptotradingcafe - INFO - 成功解析文章：炒币玩合约或山寨持续亏损，深陷负债怎么办？
2025-06-02 14:45:41,902 - cryptotradingcafe - INFO - 成功解析文章：一文建立对web3的整体观感
2025-06-02 14:45:42,551 - cryptotradingcafe - INFO - 成功解析文章：如何在币安使用traderwagon进行合约跟单
2025-06-02 14:45:43,077 - cryptotradingcafe - INFO - 成功解析文章：熊市老韭菜的过来之言
2025-06-02 14:45:43,754 - cryptotradingcafe - INFO - 成功解析文章：新闻交易教学及科普
2025-06-02 14:45:43,756 - cryptotradingcafe - INFO - 请求页面：https://cryptotradingcafe.com/page/20
2025-06-02 14:45:44,900 - cryptotradingcafe - INFO - 成功解析文章：警惕账户迁移短信和谷歌搜索的虚假官网
2025-06-02 14:45:45,406 - cryptotradingcafe - INFO - 成功解析文章：2025年中国大陆用户火币HTX注册及实名认证教程
2025-06-02 14:45:46,343 - cryptotradingcafe - INFO - 成功解析文章：区块链三刀谈ftx交易所和ftt
2025-06-02 14:45:46,989 - cryptotradingcafe - INFO - 成功解析文章：区块链三刀的近期想法
2025-06-02 14:45:48,037 - cryptotradingcafe - INFO - 成功解析文章：欢迎加入本站币圈炒币（比特币）电报交流群
2025-06-02 14:45:48,790 - cryptotradingcafe - INFO - 成功解析文章：分析下“币圈葫芦娃”的玩法
2025-06-02 14:45:48,791 - cryptotradingcafe - INFO - 请求页面：https://cryptotradingcafe.com/page/21
2025-06-02 14:45:49,969 - cryptotradingcafe - INFO - 成功解析文章：Web3公司收入调研，Token价值捕获研究
2025-06-02 14:45:50,651 - cryptotradingcafe - INFO - 成功解析文章：解决苹果手机使用币安遇到“欺骗性网站”警告
2025-06-02 14:45:51,274 - cryptotradingcafe - INFO - 成功解析文章：论网格对非交易型币圈选手的重要性
2025-06-02 14:45:51,838 - cryptotradingcafe - INFO - 成功解析文章：Defi协议代币投资思路之一：PE估值法
2025-06-02 14:45:52,469 - cryptotradingcafe - INFO - 成功解析文章：本轮反弹行情复盘思考（2022年8月）
2025-06-02 14:45:53,135 - cryptotradingcafe - INFO - 成功解析文章：币圈著名空头“棋局”座谈会总结
2025-06-02 14:45:53,137 - cryptotradingcafe - INFO - 请求页面：https://cryptotradingcafe.com/page/22
2025-06-02 14:45:54,308 - cryptotradingcafe - INFO - 成功解析文章：比特币和以太坊的矿机关机币价怎么计算，怎么理解？
2025-06-02 14:45:54,897 - cryptotradingcafe - INFO - 成功解析文章：Bybit交易所中国大陆注册及kyc，输入邀请码享全网最高返佣优惠
2025-06-02 14:45:55,547 - cryptotradingcafe - INFO - 成功解析文章：Defi挖矿以及借贷对应的风险及规避措施
2025-06-02 14:45:56,725 - cryptotradingcafe - INFO - 成功解析文章：写在币圈低谷时-聊聊攀比带来的痛苦
2025-06-02 14:45:57,250 - cryptotradingcafe - INFO - 成功解析文章：区块链领域未来几年应关注的重点板块
2025-06-02 14:45:57,954 - cryptotradingcafe - INFO - 成功解析文章：Optimism投资研究报告
2025-06-02 14:45:57,955 - cryptotradingcafe - INFO - 请求页面：https://cryptotradingcafe.com/page/23
2025-06-02 14:45:59,326 - cryptotradingcafe - INFO - 成功解析文章：币安买币（使用）教程
2025-06-02 14:45:59,859 - cryptotradingcafe - INFO - 成功解析文章：币安的U（USDT）本位永续合约介绍
2025-06-02 14:46:00,537 - cryptotradingcafe - INFO - 成功解析文章：科普限价单/市价单/限价止盈止损单/OCO订单下单方式
2025-06-02 14:46:01,158 - cryptotradingcafe - INFO - 成功解析文章：如何创建自己的数字货币钱包，以onekey为例
2025-06-02 14:46:01,762 - cryptotradingcafe - INFO - 成功解析文章：算法稳定币luna（Terra）出问题了？UST脱钩暴雷？
2025-06-02 14:46:02,300 - cryptotradingcafe - INFO - 成功解析文章：如何从币安交易所提币
2025-06-02 14:46:02,301 - cryptotradingcafe - INFO - 请求页面：https://cryptotradingcafe.com/page/24
2025-06-02 14:46:03,363 - cryptotradingcafe - INFO - 成功解析文章：币安现货合约交易手续费怎么算？手续费如何减免返还？
2025-06-02 14:46:03,914 - cryptotradingcafe - INFO - 成功解析文章：6年风雨路，从千万亏损到平常心
2025-06-02 14:46:04,480 - cryptotradingcafe - INFO - 成功解析文章：DeFi流动性挖矿的常见安全风险与风控策略
2025-06-02 14:46:05,039 - cryptotradingcafe - INFO - 成功解析文章：如何注册美区苹果apple id来下载币圈app？
2025-06-02 14:46:05,585 - cryptotradingcafe - INFO - 成功解析文章：聊聊币安币（BNB）是什么，探讨下前景和价值
2025-06-02 14:46:06,242 - cryptotradingcafe - INFO - 成功解析文章：ENS域名注册/解析/买卖教程，4数/3字母/双拼价值分析
2025-06-02 14:46:06,244 - cryptotradingcafe - INFO - 请求页面：https://cryptotradingcafe.com/page/25
2025-06-02 14:46:07,552 - cryptotradingcafe - INFO - 成功解析文章：对加密货币未来4年的行情预测
2025-06-02 14:46:08,151 - cryptotradingcafe - INFO - 成功解析文章：OpenSea-最大的NFT交易平台研报
2025-06-02 14:46:08,742 - cryptotradingcafe - INFO - 成功解析文章：热门扩容方案Arbitrum研报
2025-06-02 14:46:09,430 - cryptotradingcafe - INFO - 成功解析文章：聊聊网格交易策略，以币安的网格交易功能为例
2025-06-02 14:46:10,078 - cryptotradingcafe - INFO - 成功解析文章：定投比特币靠谱吗？该用什么定投策略？
2025-06-02 14:46:10,837 - cryptotradingcafe - INFO - 成功解析文章：Stepn（gmt币）深度投研报告
2025-06-02 14:46:10,839 - cryptotradingcafe - INFO - 请求页面：https://cryptotradingcafe.com/page/26
2025-06-02 14:46:11,989 - cryptotradingcafe - INFO - 成功解析文章：【2025全网最强】币安合约邀请码cafe,享币安返佣40%-50%
2025-06-02 14:46:12,508 - cryptotradingcafe - INFO - 成功解析文章：聊聊众筹平台juicebox
2025-06-02 14:46:13,146 - cryptotradingcafe - INFO - 成功解析文章：Defi挖矿时使用FTX交易所借币和套保
2025-06-02 14:46:13,716 - cryptotradingcafe - INFO - 成功解析文章：币安KYC身份认证教程
2025-06-02 14:46:14,997 - cryptotradingcafe - INFO - 成功解析文章：无聊猿游艇俱乐部（Bored Ape Yacht Club，即“BAYC”）研究报告（上）：项目详解与发展过程
2025-06-02 14:46:15,734 - cryptotradingcafe - INFO - 成功解析文章：无聊猿游艇俱乐部（Bored Ape Yacht Club，即“BAYC”）研究报告（下）：代币经济与市场竞争
2025-06-02 14:46:15,736 - cryptotradingcafe - INFO - 请求页面：https://cryptotradingcafe.com/page/27
2025-06-02 14:46:16,875 - cryptotradingcafe - INFO - 成功解析文章：币安是哪个国家的？币安总部在哪？
2025-06-02 14:46:17,556 - cryptotradingcafe - INFO - 成功解析文章：【全网最高】欧易OKX注册教程，使用邀请码cafe888享手续费返佣
2025-06-02 14:46:18,292 - cryptotradingcafe - INFO - 成功解析文章：科普比特币合约，永续合约和比特币爆仓
2025-06-02 14:46:18,821 - cryptotradingcafe - INFO - 成功解析文章：大陆如何下载币安交易所app？
2025-06-02 14:46:19,372 - cryptotradingcafe - INFO - 成功解析文章：​到底什么价格，什么时候适合抄底比特币
2025-06-02 14:46:19,925 - cryptotradingcafe - INFO - 成功解析文章：炒虚拟货币OTC出金usdt遇到黑钱冻卡怎么办？
2025-06-02 14:46:19,927 - cryptotradingcafe - INFO - 请求页面：https://cryptotradingcafe.com/page/28
2025-06-02 14:46:20,992 - cryptotradingcafe - INFO - 成功解析文章：聊聊币圈的套利交易
2025-06-02 14:46:21,642 - cryptotradingcafe - INFO - 成功解析文章：币安怎么支付宝充值人民币？
2025-06-02 14:46:22,944 - cryptotradingcafe - INFO - 成功解析文章：imToken钱包官网下载，小心假官网诈骗
2025-06-02 14:46:23,497 - cryptotradingcafe - INFO - 成功解析文章：一颗在币圈活着的老韭菜自白
2025-06-02 14:46:24,456 - cryptotradingcafe - INFO - 成功解析文章：Bitfrog（原“合约帝”）实盘跟单软件
2025-06-02 14:46:25,117 - cryptotradingcafe - INFO - 成功解析文章：一个研究生的一年币圈亏钱故事
2025-06-02 14:46:25,118 - cryptotradingcafe - INFO - 请求页面：https://cryptotradingcafe.com/page/29
2025-06-02 14:46:26,367 - cryptotradingcafe - INFO - 成功解析文章：小K的数字货币故事
2025-06-02 14:46:26,939 - cryptotradingcafe - INFO - 成功解析文章：我个人投资Stepn（gmt币）的思路分享
2025-06-02 14:46:27,464 - cryptotradingcafe - INFO - 成功解析文章：【科普】为什么使用defi产品前会有approve这么多余的操作？
2025-06-02 14:46:28,729 - cryptotradingcafe - INFO - 成功解析文章：币圈比特币和山寨行情轮动规律
2025-06-02 14:46:29,648 - cryptotradingcafe - INFO - 成功解析文章：矿工的角度浅谈FIL（Filecoin文件币）的价格和前景
2025-06-02 14:46:30,302 - cryptotradingcafe - INFO - 成功解析文章：就Ronin被盗聊聊“假如你是黑客怎么隐藏身份和洗币”
2025-06-02 14:46:30,304 - cryptotradingcafe - INFO - 请求页面：https://cryptotradingcafe.com/page/30
2025-06-02 14:46:31,518 - cryptotradingcafe - INFO - 成功解析文章：币安合法吗？靠谱安全吗？
2025-06-02 14:46:32,041 - cryptotradingcafe - INFO - 成功解析文章：火币不能用了怎么办？火币清退中国大陆用户怎么办？
2025-06-02 14:46:33,230 - cryptotradingcafe - INFO - 成功解析文章：NFT收藏品赛道报告（下）：未来发展与投资注意问题
2025-06-02 14:46:33,846 - cryptotradingcafe - INFO - 成功解析文章：币安服务受限地区怎么解决？美国可以使用币安吗？
2025-06-02 14:46:34,439 - cryptotradingcafe - INFO - 成功解析文章：NFT收藏品赛道报告（上）：前言和赛道详解
2025-06-02 14:46:35,109 - cryptotradingcafe - INFO - 成功解析文章：如何炒币？该买什么币？加密货币投资逻辑解析
2025-06-02 14:46:35,111 - cryptotradingcafe - INFO - 请求页面：https://cryptotradingcafe.com/page/31
2025-06-02 14:46:36,254 - cryptotradingcafe - INFO - 成功解析文章：中国大陆如何购买狗狗币？狗狗币和柴犬币（屎币）是什么？
2025-06-02 14:46:36,834 - cryptotradingcafe - INFO - 成功解析文章：使用“突破”来交易
2025-06-02 14:46:37,494 - cryptotradingcafe - INFO - 成功解析文章：技术分析里的“价格形态”
2025-06-02 14:46:38,137 - cryptotradingcafe - INFO - 成功解析文章：币安中国能用吗？币安清退中国大陆用户怎么办？
2025-06-02 14:46:38,818 - cryptotradingcafe - INFO - 成功解析文章：专业的中文币圈社区和论坛推荐
2025-06-02 14:46:39,388 - cryptotradingcafe - INFO - 成功解析文章：中国大陆如何用支付宝来人民币购买比特币等加密货币
2025-06-02 14:46:39,389 - cryptotradingcafe - INFO - 请求页面：https://cryptotradingcafe.com/page/32
2025-06-02 14:46:40,889 - cryptotradingcafe - INFO - 成功解析文章：币coin，币圈第一比特币合约高手实盘软件
2025-06-02 14:46:41,576 - cryptotradingcafe - INFO - 成功解析文章：支持中国大陆用户的虚拟货币交易所
2025-06-02 14:46:42,123 - cryptotradingcafe - INFO - 成功解析文章：趋势的定义和交易策略
2025-06-02 14:46:42,670 - cryptotradingcafe - INFO - 成功解析文章：急涨奔逃反转(Bump and Run Reversal)形态
2025-06-02 14:46:43,347 - cryptotradingcafe - INFO - 成功解析文章：头肩顶和头肩底形态
2025-06-02 14:46:44,424 - cryptotradingcafe - INFO - 成功解析文章：币圈安全出金usdt，套现防黑钱方法
2025-06-02 14:46:44,426 - cryptotradingcafe - INFO - 请求页面：https://cryptotradingcafe.com/page/33
2025-06-02 14:46:45,713 - cryptotradingcafe - INFO - 成功解析文章：斐波那契回撤和斐波那契扩展的使用
2025-06-02 14:46:46,274 - cryptotradingcafe - INFO - 成功解析文章：交易中如何管理情绪
2025-06-02 14:46:46,826 - cryptotradingcafe - INFO - 成功解析文章：利用“杯柄形态”来交易
2025-06-02 14:46:47,481 - cryptotradingcafe - INFO - 成功解析文章：中国大陆Binance币安注册及身份认证教程(2025最新)
2025-06-02 14:46:48,682 - cryptotradingcafe - INFO - 成功解析文章：移动平均线（MA）的四种简单使用方式
2025-06-02 14:46:49,241 - cryptotradingcafe - INFO - 成功解析文章：币安Binance，全球第一的数字货币交易所
2025-06-02 14:46:49,243 - cryptotradingcafe - INFO - 请求页面：https://cryptotradingcafe.com/page/34
2025-06-02 14:46:51,044 - cryptotradingcafe - INFO - 成功解析文章：币圈凉兮，天才还是疯子？
2025-06-02 14:46:51,581 - cryptotradingcafe - INFO - 成功解析文章：从顶尖比特币合约交易员身上得到的六个启示
2025-06-02 14:46:52,194 - cryptotradingcafe - INFO - 成功解析文章：欧阳拽白，最牛多头
2025-06-02 14:46:53,168 - cryptotradingcafe - INFO - 成功解析文章：比特皇，内功深厚的扫地僧
2025-06-02 14:46:53,804 - cryptotradingcafe - INFO - 成功解析文章：肥宅比特币，一身是胆
2025-06-02 14:46:54,432 - cryptotradingcafe - INFO - 成功解析文章：使用支撑和阻力来交易
2025-06-02 14:46:54,434 - cryptotradingcafe - INFO - 请求页面：https://cryptotradingcafe.com/page/35
2025-06-02 14:46:55,481 - cryptotradingcafe - INFO - 所有链接都已爬取，终止爬取。
2025-06-02 14:46:55,482 - cryptotradingcafe - INFO - 爬取任务完成
2025-06-02 15:11:50,495 - cryptotradingcafe - INFO - 已加载 0 条历史链接
2025-06-02 15:11:50,496 - cryptotradingcafe - INFO - 开始爬取 CryptoTradingCafe
2025-06-02 15:11:50,497 - cryptotradingcafe - INFO - 请求页面：https://cryptotradingcafe.com/page/1
2025-06-02 15:11:52,897 - cryptotradingcafe - INFO - 成功解析文章：币圈实盘大V川沐（川沐第一个500U/川沐笔记）
2025-06-02 15:11:53,589 - cryptotradingcafe - INFO - 成功解析文章：如何用支付宝在币安和欧易使用人民币购买usdt
2025-06-02 15:11:54,436 - cryptotradingcafe - INFO - 成功解析文章：Backpack背包交易所推荐码注册及实名认证教程，参与积分计划享平台币空投
2025-06-02 15:11:54,981 - cryptotradingcafe - INFO - 成功解析文章：予与vkx，币圈新晋千万实盘大V
2025-06-02 15:11:55,746 - cryptotradingcafe - INFO - 成功解析文章：币安钱包TGE（代币生成活动）的打新攻略
2025-06-02 15:11:56,433 - cryptotradingcafe - INFO - 成功解析文章：熬鹰allincrypto，热度很高的二级带单大V
2025-06-02 15:11:56,434 - cryptotradingcafe - INFO - 请求页面：https://cryptotradingcafe.com/page/2
2025-06-02 15:11:57,647 - cryptotradingcafe - INFO - 成功解析文章：中文币圈最快的新闻源：方程式新闻
2025-06-02 15:11:58,301 - cryptotradingcafe - INFO - 成功解析文章：合约交易的仓位管理
2025-06-02 15:11:58,972 - cryptotradingcafe - INFO - 成功解析文章：方程式新闻创始人——知乎“00后富一代”vida
2025-06-02 15:11:59,697 - cryptotradingcafe - INFO - 成功解析文章：币COIN实盘大户“先定10个大目标”
2025-06-02 15:12:00,380 - cryptotradingcafe - INFO - 成功解析文章：通过刻意练习实现币圈交易的知行合一
2025-06-02 15:12:01,045 - cryptotradingcafe - INFO - 成功解析文章：币安可以用护照认证吗？
2025-06-02 15:12:01,047 - cryptotradingcafe - INFO - 请求页面：https://cryptotradingcafe.com/page/3
2025-06-02 15:12:02,371 - cryptotradingcafe - INFO - 成功解析文章：如何进行趋势交易？
2025-06-02 15:12:03,036 - cryptotradingcafe - INFO - 成功解析文章：合约交易的盈亏比管理
2025-06-02 15:12:03,571 - cryptotradingcafe - INFO - 成功解析文章：新手交易常见问题之冲动盲目&暴富幻想
2025-06-02 15:12:04,202 - cryptotradingcafe - INFO - 成功解析文章：新手做不好止损的九大原因
2025-06-02 15:12:04,845 - cryptotradingcafe - INFO - 成功解析文章：不要成为全职交易员
2025-06-02 15:12:05,402 - cryptotradingcafe - INFO - 成功解析文章：什么是滚仓？合约如何滚仓（浮盈加仓）？
2025-06-02 15:12:05,404 - cryptotradingcafe - INFO - 请求页面：https://cryptotradingcafe.com/page/4
2025-06-02 15:12:06,703 - cryptotradingcafe - INFO - 成功解析文章：PI币（Pi Network）是什么？注册欧易来交易PI币
2025-06-02 15:12:07,345 - cryptotradingcafe - INFO - 成功解析文章：如何注销币安？重新注册币安拿40%手续费返佣
2025-06-02 15:12:07,864 - cryptotradingcafe - INFO - 成功解析文章：仓位管理之金字塔加减仓
2025-06-02 15:12:08,465 - cryptotradingcafe - INFO - 成功解析文章：币安和欧易对比，币安和欧易哪个更好？
2025-06-02 15:12:09,120 - cryptotradingcafe - INFO - 成功解析文章：如何使用币安的跟单交易来进行比特币合约跟单
2025-06-02 15:12:09,801 - cryptotradingcafe - INFO - 成功解析文章：半木夏，从爆仓到5000万的逆袭之路
2025-06-02 15:12:09,803 - cryptotradingcafe - INFO - 请求页面：https://cryptotradingcafe.com/page/5
2025-06-02 15:12:11,091 - cryptotradingcafe - INFO - 成功解析文章：最佳比特币看盘软件和币圈数字货币行情网站
2025-06-02 15:12:11,711 - cryptotradingcafe - INFO - 成功解析文章：以买MEME交易为例，新人最全的链上web3入门科普教程
2025-06-02 15:12:12,347 - cryptotradingcafe - INFO - 成功解析文章：币圈比特币永续合约怎么玩？合约赚钱技巧
2025-06-02 15:12:13,013 - cryptotradingcafe - INFO - 成功解析文章：什么是Desci
2025-06-02 15:12:13,634 - cryptotradingcafe - INFO - 成功解析文章：Trump Coin特朗普币（川普币）是什么？怎么买？
2025-06-02 15:12:14,174 - cryptotradingcafe - INFO - 成功解析文章：什么是AiAgent
2025-06-02 15:12:14,176 - cryptotradingcafe - INFO - 请求页面：https://cryptotradingcafe.com/page/6
2025-06-02 15:12:15,705 - cryptotradingcafe - INFO - 成功解析文章：整理了AI meme 相关币
2025-06-02 15:12:16,361 - cryptotradingcafe - INFO - 成功解析文章：币圈VIP付费社群聚合
2025-06-02 15:12:17,633 - cryptotradingcafe - INFO - 成功解析文章：币圈交易所手续费比较，哪个手续费最低？
2025-06-02 15:12:18,150 - cryptotradingcafe - INFO - 成功解析文章：该买什么币？什么加密货币最有前景？
2025-06-02 15:12:18,791 - cryptotradingcafe - INFO - 成功解析文章：币圈币安比特币VIP大客户A8A9俱乐部
2025-06-02 15:12:19,458 - cryptotradingcafe - INFO - 成功解析文章：跟对趋势做事，时间才能站在你这边
2025-06-02 15:12:19,461 - cryptotradingcafe - INFO - 请求页面：https://cryptotradingcafe.com/page/7
2025-06-02 15:12:20,577 - cryptotradingcafe - INFO - 成功解析文章：什么是公链，它有什么用？
2025-06-02 15:12:21,133 - cryptotradingcafe - INFO - 成功解析文章：什么是铭文，什么是Brc20，为什么大多数铭文归零
2025-06-02 15:12:21,772 - cryptotradingcafe - INFO - 成功解析文章：性价比最高的标的是比特币吗？个人建议的投资比例
2025-06-02 15:12:22,857 - cryptotradingcafe - INFO - 成功解析文章：2024年最火币coin合约实盘明星bit浪浪的心路历程
2025-06-02 15:12:23,495 - cryptotradingcafe - INFO - 成功解析文章：区块链常见骗局盘点：Plustoken钱包诈骗案件
2025-06-02 15:12:24,059 - cryptotradingcafe - INFO - 成功解析文章：币圈的gas费（矿工费）是什么？
2025-06-02 15:12:24,060 - cryptotradingcafe - INFO - 请求页面：https://cryptotradingcafe.com/page/8
2025-06-02 15:12:25,328 - cryptotradingcafe - INFO - 成功解析文章：解析Ton公链生态的崛起及趋势
2025-06-02 15:12:25,974 - cryptotradingcafe - INFO - 成功解析文章：什么是NFT？
2025-06-02 15:12:26,575 - cryptotradingcafe - INFO - 成功解析文章：华为手机如何下载安装币安？
2025-06-02 15:12:27,231 - cryptotradingcafe - INFO - 成功解析文章：币安官网打不开，网络无法访问怎么办？
2025-06-02 15:12:27,883 - cryptotradingcafe - INFO - 成功解析文章：中国大陆注册bitget交易所，邀请码bg1234享20%自动返佣
2025-06-02 15:12:28,530 - cryptotradingcafe - INFO - 成功解析文章：币圈空投airdrop是什么？
2025-06-02 15:12:28,531 - cryptotradingcafe - INFO - 请求页面：https://cryptotradingcafe.com/page/9
2025-06-02 15:12:29,654 - cryptotradingcafe - INFO - 成功解析文章：Defi挖矿是什么？怎么利用挖矿来存币生息？
2025-06-02 15:12:30,315 - cryptotradingcafe - INFO - 成功解析文章：币圈比特币期现套利教程
2025-06-02 15:12:31,009 - cryptotradingcafe - INFO - 成功解析文章：科普币圈稳定币，以及usdt是什么？
2025-06-02 15:12:31,710 - cryptotradingcafe - INFO - 成功解析文章：比特币怎么玩？比特币怎么赚钱？
2025-06-02 15:12:32,268 - cryptotradingcafe - INFO - 成功解析文章：全球比特币交易平台排行，世界五大比特币交易所
2025-06-02 15:12:32,904 - cryptotradingcafe - INFO - 成功解析文章：什么是Gamefi？爆火的axie（阿蟹）和steph（跑步赚币）
2025-06-02 15:12:32,906 - cryptotradingcafe - INFO - 请求页面：https://cryptotradingcafe.com/page/10
2025-06-02 15:12:34,246 - cryptotradingcafe - INFO - 成功解析文章：MEME模因币的底层逻辑
2025-06-02 15:12:34,806 - cryptotradingcafe - INFO - 成功解析文章：Uniswap大战SEC
2025-06-02 15:12:35,473 - cryptotradingcafe - INFO - 成功解析文章：币圈资金费率套利教程
2025-06-02 15:12:36,035 - cryptotradingcafe - INFO - 成功解析文章：币圈大佬之BitMex创始人Arthur Hayes
2025-06-02 15:12:36,702 - cryptotradingcafe - INFO - 成功解析文章：Foresight—币圈常用媒体资讯新闻聚合网站
2025-06-02 15:12:37,690 - cryptotradingcafe - INFO - 成功解析文章：频繁交易，即使挣钱也不快乐
2025-06-02 15:12:37,692 - cryptotradingcafe - INFO - 请求页面：https://cryptotradingcafe.com/page/11
2025-06-02 15:12:39,313 - cryptotradingcafe - INFO - 成功解析文章：解读大火的Eigenlayer
2025-06-02 15:12:39,967 - cryptotradingcafe - INFO - 成功解析文章：推特X——炒币最重要的社交信息平台
2025-06-02 15:12:40,623 - cryptotradingcafe - INFO - 成功解析文章：使用revoke.cash来管理和撤销数字货币钱包的代币授权
2025-06-02 15:12:41,173 - cryptotradingcafe - INFO - 成功解析文章：聊聊币安刚上线的稳定币项目Ethena（ena）
2025-06-02 15:12:41,728 - cryptotradingcafe - INFO - 成功解析文章：Dexscreener—查看一级市场早期代币信息的网站
2025-06-02 15:12:42,390 - cryptotradingcafe - INFO - 成功解析文章：bitmex交易所中国官网注册，输入邀请代码享30%手续费返佣
2025-06-02 15:12:42,391 - cryptotradingcafe - INFO - 请求页面：https://cryptotradingcafe.com/page/12
2025-06-02 15:12:43,571 - cryptotradingcafe - INFO - 成功解析文章：聊聊erc404项目pandora
2025-06-02 15:12:44,711 - cryptotradingcafe - INFO - 成功解析文章：小议Uniswap（uni）的护城河
2025-06-02 15:12:45,270 - cryptotradingcafe - INFO - 成功解析文章：Defillama-defi数据聚合平台
2025-06-02 15:12:45,990 - cryptotradingcafe - INFO - 成功解析文章：Coingecko币虎-好用的加密货币信息汇总平台
2025-06-02 15:12:46,845 - cryptotradingcafe - INFO - 成功解析文章：Etherscan-最常用的以太坊的区块浏览器
2025-06-02 15:12:47,450 - cryptotradingcafe - INFO - 成功解析文章：Metamask-从浏览器插件起步的数字货币钱包
2025-06-02 15:12:47,452 - cryptotradingcafe - INFO - 请求页面：https://cryptotradingcafe.com/page/13
2025-06-02 15:12:48,721 - cryptotradingcafe - INFO - 成功解析文章：币圈选币剩者为王
2025-06-02 15:12:49,414 - cryptotradingcafe - INFO - 成功解析文章：如何研究新项目？
2025-06-02 15:12:50,061 - cryptotradingcafe - INFO - 成功解析文章：传销是往下传播，比特币是往上“传销”
2025-06-02 15:12:50,581 - cryptotradingcafe - INFO - 成功解析文章：宏观经济真的在转好，对加密数字货币来说，到底什么是宏观？
2025-06-02 15:12:51,226 - cryptotradingcafe - INFO - 成功解析文章：币圈年年都有新机会，老一代投资者别老犯PTSD
2025-06-02 15:12:51,826 - cryptotradingcafe - INFO - 成功解析文章：聊聊技术分析的那些事儿
2025-06-02 15:12:51,827 - cryptotradingcafe - INFO - 请求页面：https://cryptotradingcafe.com/page/14
2025-06-02 15:12:53,078 - cryptotradingcafe - INFO - 成功解析文章：当你看好一个投资品，你应该投入多少本金？
2025-06-02 15:12:53,622 - cryptotradingcafe - INFO - 成功解析文章：大三开始全职炒币 7 年，长期处于痛苦之中
2025-06-02 15:12:54,251 - cryptotradingcafe - INFO - 成功解析文章：加密叙事观察
2025-06-02 15:12:54,883 - cryptotradingcafe - INFO - 成功解析文章：现在是止损（止错）的好时机，学会止损是投资人生的必修课
2025-06-02 15:12:55,526 - cryptotradingcafe - INFO - 成功解析文章：就uni(uniswap)谈谈好应用不一定代表好代币
2025-06-02 15:12:56,143 - cryptotradingcafe - INFO - 成功解析文章：币圈信息源头变迁史，从bitcointalk到twitter
2025-06-02 15:12:56,145 - cryptotradingcafe - INFO - 请求页面：https://cryptotradingcafe.com/page/15
2025-06-02 15:12:58,138 - cryptotradingcafe - INFO - 成功解析文章：那些上升的和下沉的币圈叙事
2025-06-02 15:12:58,829 - cryptotradingcafe - INFO - 成功解析文章：熊市观察三：Arb生态
2025-06-02 15:12:59,468 - cryptotradingcafe - INFO - 成功解析文章：熊市观察之Op生态
2025-06-02 15:13:00,182 - cryptotradingcafe - INFO - 成功解析文章：熊市观察之LSD
2025-06-02 15:13:00,847 - cryptotradingcafe - INFO - 成功解析文章：加密叙事与触发器
2025-06-02 15:13:01,399 - cryptotradingcafe - INFO - 成功解析文章：从手机操作系统的竞争历史判断以太坊不会一直垄断
2025-06-02 15:13:01,401 - cryptotradingcafe - INFO - 请求页面：https://cryptotradingcafe.com/page/16
2025-06-02 15:13:02,664 - cryptotradingcafe - INFO - 成功解析文章：这波熊的观察和思考
2025-06-02 15:13:03,334 - cryptotradingcafe - INFO - 成功解析文章：比特币的安全模型经得起区块奖励减半的考验
2025-06-02 15:13:03,856 - cryptotradingcafe - INFO - 成功解析文章：千币笔记：VSP、BOND、ZKSP、MINA、MASK
2025-06-02 15:13:04,385 - cryptotradingcafe - INFO - 成功解析文章：从估值计算角度来看以太坊ETH的合理价格区间
2025-06-02 15:13:04,935 - cryptotradingcafe - INFO - 成功解析文章：千币笔记：QUICK、TEL、KLAY、GTC、MATIC、XCH
2025-06-02 15:13:05,560 - cryptotradingcafe - INFO - 成功解析文章：熊市观察之二
2025-06-02 15:13:05,561 - cryptotradingcafe - INFO - 请求页面：https://cryptotradingcafe.com/page/17
2025-06-02 15:13:06,608 - cryptotradingcafe - INFO - 成功解析文章：炒币的人生没有厚度
2025-06-02 15:13:07,280 - cryptotradingcafe - INFO - 成功解析文章：你应该囤多少个比特币？囤多少可以fire财务自由退休？
2025-06-02 15:13:07,921 - cryptotradingcafe - INFO - 成功解析文章：中心化交易所对DeFi拙劣的模仿，这是创新者的窘境吗？
2025-06-02 15:13:08,559 - cryptotradingcafe - INFO - 成功解析文章：如何使用私钥钱包安全保管比特币？私钥泄漏的5种常见原因
2025-06-02 15:13:09,109 - cryptotradingcafe - INFO - 成功解析文章：千币笔记：DEXT，MBOX，Opensea，RARE，NFTB，DOGGY，YGG，NBA Top Shot，Meebits
2025-06-02 15:13:10,719 - cryptotradingcafe - INFO - 成功解析文章：千币笔记：BAKE，SLP，Autoglyphs，Cryptopunks，MLN，AXS
2025-06-02 15:13:10,720 - cryptotradingcafe - INFO - 请求页面：https://cryptotradingcafe.com/page/18
2025-06-02 15:13:14,020 - cryptotradingcafe - INFO - 成功解析文章：比特币博弈论
2025-06-02 15:13:14,665 - cryptotradingcafe - INFO - 成功解析文章：美SEC答复比特币现货ETF申请，长达86页
2025-06-02 15:13:15,209 - cryptotradingcafe - INFO - 成功解析文章：千币笔记：APT，OP，ARB，APT，SUI
2025-06-02 15:13:15,719 - cryptotradingcafe - INFO - 成功解析文章：千币笔记：TORN，ARMOR，EDEN，GRO，OHM，HEX，PSP
2025-06-02 15:13:16,295 - cryptotradingcafe - INFO - 成功解析文章：千币笔记：Loot，AGLD，zkSync，Starkware
2025-06-02 15:13:17,664 - cryptotradingcafe - INFO - 成功解析文章：千币笔记：PEPE，ORDI，BLUR，MAV
2025-06-02 15:13:17,665 - cryptotradingcafe - INFO - 请求页面：https://cryptotradingcafe.com/page/19
2025-06-02 15:13:18,950 - cryptotradingcafe - INFO - 成功解析文章：熊市老韭菜的过来之言
2025-06-02 15:13:20,531 - cryptotradingcafe - INFO - 成功解析文章：炒币玩合约或山寨持续亏损，深陷负债怎么办？
2025-06-02 15:13:21,224 - cryptotradingcafe - INFO - 成功解析文章：新闻交易教学及科普
2025-06-02 15:13:21,918 - cryptotradingcafe - INFO - 成功解析文章：一文建立对web3的整体观感
2025-06-02 15:13:22,457 - cryptotradingcafe - INFO - 成功解析文章：如何在币安使用traderwagon进行合约跟单
2025-06-02 15:13:23,046 - cryptotradingcafe - INFO - 成功解析文章：怎么申请discord频道的mod（管理员）
2025-06-02 15:13:23,048 - cryptotradingcafe - INFO - 请求页面：https://cryptotradingcafe.com/page/20
2025-06-02 15:13:24,384 - cryptotradingcafe - INFO - 成功解析文章：欢迎加入本站币圈炒币（比特币）电报交流群
2025-06-02 15:13:25,025 - cryptotradingcafe - INFO - 成功解析文章：区块链三刀的近期想法
2025-06-02 15:13:26,100 - cryptotradingcafe - INFO - 成功解析文章：分析下“币圈葫芦娃”的玩法
2025-06-02 15:13:26,651 - cryptotradingcafe - INFO - 成功解析文章：警惕账户迁移短信和谷歌搜索的虚假官网
2025-06-02 15:13:27,184 - cryptotradingcafe - INFO - 成功解析文章：区块链三刀谈ftx交易所和ftt
2025-06-02 15:13:27,738 - cryptotradingcafe - INFO - 成功解析文章：2025年中国大陆用户火币HTX注册及实名认证教程
2025-06-02 15:13:27,739 - cryptotradingcafe - INFO - 请求页面：https://cryptotradingcafe.com/page/21
2025-06-02 15:13:29,061 - cryptotradingcafe - INFO - 成功解析文章：本轮反弹行情复盘思考（2022年8月）
2025-06-02 15:13:29,690 - cryptotradingcafe - INFO - 成功解析文章：论网格对非交易型币圈选手的重要性
2025-06-02 15:13:30,351 - cryptotradingcafe - INFO - 成功解析文章：Web3公司收入调研，Token价值捕获研究
2025-06-02 15:13:31,196 - cryptotradingcafe - INFO - 成功解析文章：Defi协议代币投资思路之一：PE估值法
2025-06-02 15:13:32,304 - cryptotradingcafe - INFO - 成功解析文章：币圈著名空头“棋局”座谈会总结
2025-06-02 15:13:32,847 - cryptotradingcafe - INFO - 成功解析文章：解决苹果手机使用币安遇到“欺骗性网站”警告
2025-06-02 15:13:32,848 - cryptotradingcafe - INFO - 请求页面：https://cryptotradingcafe.com/page/22
2025-06-02 15:13:34,035 - cryptotradingcafe - INFO - 成功解析文章：Defi挖矿以及借贷对应的风险及规避措施
2025-06-02 15:13:35,053 - cryptotradingcafe - INFO - 成功解析文章：比特币和以太坊的矿机关机币价怎么计算，怎么理解？
2025-06-02 15:13:35,715 - cryptotradingcafe - INFO - 成功解析文章：写在币圈低谷时-聊聊攀比带来的痛苦
2025-06-02 15:13:36,919 - cryptotradingcafe - INFO - 成功解析文章：区块链领域未来几年应关注的重点板块
2025-06-02 15:13:37,813 - cryptotradingcafe - INFO - 成功解析文章：Bybit交易所中国大陆注册及kyc，输入邀请码享全网最高返佣优惠
2025-06-02 15:13:38,415 - cryptotradingcafe - INFO - 成功解析文章：Optimism投资研究报告
2025-06-02 15:13:38,417 - cryptotradingcafe - INFO - 请求页面：https://cryptotradingcafe.com/page/23
2025-06-02 15:13:39,624 - cryptotradingcafe - INFO - 成功解析文章：算法稳定币luna（Terra）出问题了？UST脱钩暴雷？
2025-06-02 15:13:40,270 - cryptotradingcafe - INFO - 成功解析文章：币安买币（使用）教程
2025-06-02 15:13:40,944 - cryptotradingcafe - INFO - 成功解析文章：科普限价单/市价单/限价止盈止损单/OCO订单下单方式
2025-06-02 15:13:41,502 - cryptotradingcafe - INFO - 成功解析文章：币安的U（USDT）本位永续合约介绍
2025-06-02 15:13:42,160 - cryptotradingcafe - INFO - 成功解析文章：如何创建自己的数字货币钱包，以onekey为例
2025-06-02 15:13:42,813 - cryptotradingcafe - INFO - 成功解析文章：如何从币安交易所提币
2025-06-02 15:13:42,814 - cryptotradingcafe - INFO - 请求页面：https://cryptotradingcafe.com/page/24
2025-06-02 15:13:44,965 - cryptotradingcafe - INFO - 成功解析文章：6年风雨路，从千万亏损到平常心
2025-06-02 15:13:45,707 - cryptotradingcafe - INFO - 成功解析文章：币安现货合约交易手续费怎么算？手续费如何减免返还？
2025-06-02 15:13:46,255 - cryptotradingcafe - INFO - 成功解析文章：聊聊币安币（BNB）是什么，探讨下前景和价值
2025-06-02 15:13:46,885 - cryptotradingcafe - INFO - 成功解析文章：ENS域名注册/解析/买卖教程，4数/3字母/双拼价值分析
2025-06-02 15:13:48,474 - cryptotradingcafe - INFO - 成功解析文章：如何注册美区苹果apple id来下载币圈app？
2025-06-02 15:13:49,108 - cryptotradingcafe - INFO - 成功解析文章：DeFi流动性挖矿的常见安全风险与风控策略
2025-06-02 15:13:49,110 - cryptotradingcafe - INFO - 请求页面：https://cryptotradingcafe.com/page/25
2025-06-02 15:13:50,438 - cryptotradingcafe - INFO - 成功解析文章：聊聊网格交易策略，以币安的网格交易功能为例
2025-06-02 15:13:51,020 - cryptotradingcafe - INFO - 成功解析文章：OpenSea-最大的NFT交易平台研报
2025-06-02 15:13:51,609 - cryptotradingcafe - INFO - 成功解析文章：热门扩容方案Arbitrum研报
2025-06-02 15:13:52,371 - cryptotradingcafe - INFO - 成功解析文章：Stepn（gmt币）深度投研报告
2025-06-02 15:13:53,025 - cryptotradingcafe - INFO - 成功解析文章：对加密货币未来4年的行情预测
2025-06-02 15:13:53,592 - cryptotradingcafe - INFO - 成功解析文章：定投比特币靠谱吗？该用什么定投策略？
2025-06-02 15:13:53,594 - cryptotradingcafe - INFO - 请求页面：https://cryptotradingcafe.com/page/26
2025-06-02 15:13:54,718 - cryptotradingcafe - INFO - 成功解析文章：无聊猿游艇俱乐部（Bored Ape Yacht Club，即“BAYC”）研究报告（上）：项目详解与发展过程
2025-06-02 15:13:55,242 - cryptotradingcafe - INFO - 成功解析文章：聊聊众筹平台juicebox
2025-06-02 15:13:55,798 - cryptotradingcafe - INFO - 成功解析文章：【2025全网最强】币安合约邀请码cafe,享币安返佣40%-50%
2025-06-02 15:13:56,525 - cryptotradingcafe - INFO - 成功解析文章：Defi挖矿时使用FTX交易所借币和套保
2025-06-02 15:13:57,098 - cryptotradingcafe - INFO - 成功解析文章：币安KYC身份认证教程
2025-06-02 15:13:57,812 - cryptotradingcafe - INFO - 成功解析文章：无聊猿游艇俱乐部（Bored Ape Yacht Club，即“BAYC”）研究报告（下）：代币经济与市场竞争
2025-06-02 15:13:57,815 - cryptotradingcafe - INFO - 请求页面：https://cryptotradingcafe.com/page/27
2025-06-02 15:13:59,547 - cryptotradingcafe - INFO - 成功解析文章：炒虚拟货币OTC出金usdt遇到黑钱冻卡怎么办？
2025-06-02 15:14:00,217 - cryptotradingcafe - INFO - 成功解析文章：科普比特币合约，永续合约和比特币爆仓
2025-06-02 15:14:01,061 - cryptotradingcafe - INFO - 成功解析文章：【全网最高】欧易OKX注册教程，使用邀请码cafe888享手续费返佣
2025-06-02 15:14:01,612 - cryptotradingcafe - INFO - 成功解析文章：币安是哪个国家的？币安总部在哪？
2025-06-02 15:14:02,252 - cryptotradingcafe - INFO - 成功解析文章：​到底什么价格，什么时候适合抄底比特币
2025-06-02 15:14:02,867 - cryptotradingcafe - INFO - 成功解析文章：大陆如何下载币安交易所app？
2025-06-02 15:14:02,869 - cryptotradingcafe - INFO - 请求页面：https://cryptotradingcafe.com/page/28
2025-06-02 15:14:04,226 - cryptotradingcafe - INFO - 成功解析文章：币安怎么支付宝充值人民币？
2025-06-02 15:14:04,846 - cryptotradingcafe - INFO - 成功解析文章：imToken钱包官网下载，小心假官网诈骗
2025-06-02 15:14:05,476 - cryptotradingcafe - INFO - 成功解析文章：聊聊币圈的套利交易
2025-06-02 15:14:06,124 - cryptotradingcafe - INFO - 成功解析文章：一颗在币圈活着的老韭菜自白
2025-06-02 15:14:07,797 - cryptotradingcafe - INFO - 成功解析文章：Bitfrog（原“合约帝”）实盘跟单软件
2025-06-02 15:14:08,335 - cryptotradingcafe - INFO - 成功解析文章：一个研究生的一年币圈亏钱故事
2025-06-02 15:14:08,337 - cryptotradingcafe - INFO - 请求页面：https://cryptotradingcafe.com/page/29
2025-06-02 15:14:09,516 - cryptotradingcafe - INFO - 成功解析文章：【科普】为什么使用defi产品前会有approve这么多余的操作？
2025-06-02 15:14:10,423 - cryptotradingcafe - INFO - 成功解析文章：币圈比特币和山寨行情轮动规律
2025-06-02 15:14:10,984 - cryptotradingcafe - INFO - 成功解析文章：小K的数字货币故事
2025-06-02 15:14:11,655 - cryptotradingcafe - INFO - 成功解析文章：就Ronin被盗聊聊“假如你是黑客怎么隐藏身份和洗币”
2025-06-02 15:14:12,207 - cryptotradingcafe - INFO - 成功解析文章：我个人投资Stepn（gmt币）的思路分享
2025-06-02 15:14:12,903 - cryptotradingcafe - INFO - 成功解析文章：矿工的角度浅谈FIL（Filecoin文件币）的价格和前景
2025-06-02 15:14:12,905 - cryptotradingcafe - INFO - 请求页面：https://cryptotradingcafe.com/page/30
2025-06-02 15:14:14,175 - cryptotradingcafe - INFO - 成功解析文章：NFT收藏品赛道报告（下）：未来发展与投资注意问题
2025-06-02 15:14:14,758 - cryptotradingcafe - INFO - 成功解析文章：币安服务受限地区怎么解决？美国可以使用币安吗？
2025-06-02 15:14:15,375 - cryptotradingcafe - INFO - 成功解析文章：币安合法吗？靠谱安全吗？
2025-06-02 15:14:16,077 - cryptotradingcafe - INFO - 成功解析文章：火币不能用了怎么办？火币清退中国大陆用户怎么办？
2025-06-02 15:14:16,728 - cryptotradingcafe - INFO - 成功解析文章：如何炒币？该买什么币？加密货币投资逻辑解析
2025-06-02 15:14:17,276 - cryptotradingcafe - INFO - 成功解析文章：NFT收藏品赛道报告（上）：前言和赛道详解
2025-06-02 15:14:17,277 - cryptotradingcafe - INFO - 请求页面：https://cryptotradingcafe.com/page/31
2025-06-02 15:14:18,472 - cryptotradingcafe - INFO - 成功解析文章：中国大陆如何用支付宝来人民币购买比特币等加密货币
2025-06-02 15:14:19,033 - cryptotradingcafe - INFO - 成功解析文章：技术分析里的“价格形态”
2025-06-02 15:14:19,651 - cryptotradingcafe - INFO - 成功解析文章：中国大陆如何购买狗狗币？狗狗币和柴犬币（屎币）是什么？
2025-06-02 15:14:20,295 - cryptotradingcafe - INFO - 成功解析文章：专业的中文币圈社区和论坛推荐
2025-06-02 15:14:20,872 - cryptotradingcafe - INFO - 成功解析文章：使用“突破”来交易
2025-06-02 15:14:21,585 - cryptotradingcafe - INFO - 成功解析文章：币安中国能用吗？币安清退中国大陆用户怎么办？
2025-06-02 15:14:21,587 - cryptotradingcafe - INFO - 请求页面：https://cryptotradingcafe.com/page/32
2025-06-02 15:14:22,836 - cryptotradingcafe - INFO - 成功解析文章：币圈安全出金usdt，套现防黑钱方法
2025-06-02 15:14:25,378 - cryptotradingcafe - INFO - 成功解析文章：支持中国大陆用户的虚拟货币交易所
2025-06-02 15:14:26,266 - cryptotradingcafe - INFO - 成功解析文章：币coin，币圈第一比特币合约高手实盘软件
2025-06-02 15:14:26,808 - cryptotradingcafe - INFO - 成功解析文章：急涨奔逃反转(Bump and Run Reversal)形态
2025-06-02 15:14:27,435 - cryptotradingcafe - INFO - 成功解析文章：趋势的定义和交易策略
2025-06-02 15:14:28,068 - cryptotradingcafe - INFO - 成功解析文章：头肩顶和头肩底形态
2025-06-02 15:14:28,070 - cryptotradingcafe - INFO - 请求页面：https://cryptotradingcafe.com/page/33
2025-06-02 15:14:29,333 - cryptotradingcafe - INFO - 成功解析文章：斐波那契回撤和斐波那契扩展的使用
2025-06-02 15:14:29,998 - cryptotradingcafe - INFO - 成功解析文章：利用“杯柄形态”来交易
2025-06-02 15:14:30,564 - cryptotradingcafe - INFO - 成功解析文章：交易中如何管理情绪
2025-06-02 15:14:31,775 - cryptotradingcafe - INFO - 成功解析文章：移动平均线（MA）的四种简单使用方式
2025-06-02 15:14:32,514 - cryptotradingcafe - INFO - 成功解析文章：中国大陆Binance币安注册及身份认证教程(2025最新)
2025-06-02 15:14:33,287 - cryptotradingcafe - INFO - 成功解析文章：币安Binance，全球第一的数字货币交易所
2025-06-02 15:14:33,289 - cryptotradingcafe - INFO - 请求页面：https://cryptotradingcafe.com/page/34
2025-06-02 15:14:34,629 - cryptotradingcafe - INFO - 成功解析文章：肥宅比特币，一身是胆
2025-06-02 15:14:35,203 - cryptotradingcafe - INFO - 成功解析文章：从顶尖比特币合约交易员身上得到的六个启示
2025-06-02 15:14:35,817 - cryptotradingcafe - INFO - 成功解析文章：欧阳拽白，最牛多头
2025-06-02 15:14:36,346 - cryptotradingcafe - INFO - 成功解析文章：使用支撑和阻力来交易
2025-06-02 15:14:36,915 - cryptotradingcafe - INFO - 成功解析文章：比特皇，内功深厚的扫地僧
2025-06-02 15:14:37,484 - cryptotradingcafe - INFO - 成功解析文章：币圈凉兮，天才还是疯子？
2025-06-02 15:14:37,485 - cryptotradingcafe - INFO - 请求页面：https://cryptotradingcafe.com/page/35
2025-06-02 15:14:38,722 - cryptotradingcafe - INFO - 所有链接都已爬取，终止爬取。
2025-06-02 15:14:38,724 - cryptotradingcafe - INFO - 爬取任务完成
2025-06-02 15:18:41,010 - cryptotradingcafe - INFO - 已加载 0 条历史链接
2025-06-02 15:18:41,010 - cryptotradingcafe - INFO - 开始爬取 CryptoTradingCafe
2025-06-02 15:18:41,011 - cryptotradingcafe - INFO - 请求页面：https://cryptotradingcafe.com/page/1
2025-06-02 15:18:43,109 - cryptotradingcafe - INFO - 成功解析文章：如何用支付宝在币安和欧易使用人民币购买usdt
2025-06-02 15:18:43,750 - cryptotradingcafe - INFO - 成功解析文章：予与vkx，币圈新晋千万实盘大V
2025-06-02 15:18:44,294 - cryptotradingcafe - INFO - 成功解析文章：币圈实盘大V川沐（川沐第一个500U/川沐笔记）
2025-06-02 15:18:44,947 - cryptotradingcafe - INFO - 成功解析文章：熬鹰allincrypto，热度很高的二级带单大V
2025-06-02 15:18:45,605 - cryptotradingcafe - INFO - 成功解析文章：Backpack背包交易所推荐码注册及实名认证教程，参与积分计划享平台币空投
2025-06-02 15:18:46,329 - cryptotradingcafe - INFO - 成功解析文章：币安钱包TGE（代币生成活动）的打新攻略
2025-06-02 15:18:46,331 - cryptotradingcafe - INFO - 请求页面：https://cryptotradingcafe.com/page/2
2025-06-02 15:18:47,843 - cryptotradingcafe - INFO - 成功解析文章：币COIN实盘大户“先定10个大目标”
2025-06-02 15:18:48,405 - cryptotradingcafe - INFO - 成功解析文章：方程式新闻创始人——知乎“00后富一代”vida
2025-06-02 15:18:49,076 - cryptotradingcafe - INFO - 成功解析文章：币安可以用护照认证吗？
2025-06-02 15:18:49,610 - cryptotradingcafe - INFO - 成功解析文章：合约交易的仓位管理
2025-06-02 15:18:50,244 - cryptotradingcafe - INFO - 成功解析文章：中文币圈最快的新闻源：方程式新闻
2025-06-02 15:18:50,979 - cryptotradingcafe - INFO - 成功解析文章：通过刻意练习实现币圈交易的知行合一
2025-06-02 15:18:50,982 - cryptotradingcafe - INFO - 请求页面：https://cryptotradingcafe.com/page/3
2025-06-02 15:18:52,218 - cryptotradingcafe - INFO - 成功解析文章：新手做不好止损的九大原因
2025-06-02 15:18:52,867 - cryptotradingcafe - INFO - 成功解析文章：新手交易常见问题之冲动盲目&暴富幻想
2025-06-02 15:18:53,512 - cryptotradingcafe - INFO - 成功解析文章：不要成为全职交易员
2025-06-02 15:18:54,191 - cryptotradingcafe - INFO - 成功解析文章：什么是滚仓？合约如何滚仓（浮盈加仓）？
2025-06-02 15:18:55,196 - cryptotradingcafe - INFO - 成功解析文章：合约交易的盈亏比管理
2025-06-02 15:18:55,739 - cryptotradingcafe - INFO - 成功解析文章：如何进行趋势交易？
2025-06-02 15:18:55,740 - cryptotradingcafe - INFO - 请求页面：https://cryptotradingcafe.com/page/4
2025-06-02 15:18:56,908 - cryptotradingcafe - INFO - 成功解析文章：PI币（Pi Network）是什么？注册欧易来交易PI币
2025-06-02 15:18:57,460 - cryptotradingcafe - INFO - 成功解析文章：币安和欧易对比，币安和欧易哪个更好？
2025-06-02 15:18:58,116 - cryptotradingcafe - INFO - 成功解析文章：仓位管理之金字塔加减仓
2025-06-02 15:18:58,756 - cryptotradingcafe - INFO - 成功解析文章：半木夏，从爆仓到5000万的逆袭之路
2025-06-02 15:18:59,437 - cryptotradingcafe - INFO - 成功解析文章：如何注销币安？重新注册币安拿40%手续费返佣
2025-06-02 15:19:00,538 - cryptotradingcafe - INFO - 成功解析文章：如何使用币安的跟单交易来进行比特币合约跟单
2025-06-02 15:19:00,541 - cryptotradingcafe - INFO - 请求页面：https://cryptotradingcafe.com/page/5
2025-06-02 15:19:01,949 - cryptotradingcafe - INFO - 成功解析文章：最佳比特币看盘软件和币圈数字货币行情网站
2025-06-02 15:19:02,621 - cryptotradingcafe - INFO - 成功解析文章：什么是Desci
2025-06-02 15:19:03,305 - cryptotradingcafe - INFO - 成功解析文章：以买MEME交易为例，新人最全的链上web3入门科普教程
2025-06-02 15:19:04,002 - cryptotradingcafe - INFO - 成功解析文章：Trump Coin特朗普币（川普币）是什么？怎么买？
2025-06-02 15:19:04,668 - cryptotradingcafe - INFO - 成功解析文章：币圈比特币永续合约怎么玩？合约赚钱技巧
2025-06-02 15:19:05,317 - cryptotradingcafe - INFO - 成功解析文章：什么是AiAgent
2025-06-02 15:19:05,319 - cryptotradingcafe - INFO - 请求页面：https://cryptotradingcafe.com/page/6
2025-06-02 15:19:06,466 - cryptotradingcafe - INFO - 成功解析文章：跟对趋势做事，时间才能站在你这边
2025-06-02 15:19:07,129 - cryptotradingcafe - INFO - 成功解析文章：该买什么币？什么加密货币最有前景？
2025-06-02 15:19:07,829 - cryptotradingcafe - INFO - 成功解析文章：整理了AI meme 相关币
2025-06-02 15:19:08,494 - cryptotradingcafe - INFO - 成功解析文章：币圈VIP付费社群聚合
2025-06-02 15:19:09,075 - cryptotradingcafe - INFO - 成功解析文章：币圈币安比特币VIP大客户A8A9俱乐部
2025-06-02 15:19:09,637 - cryptotradingcafe - INFO - 成功解析文章：币圈交易所手续费比较，哪个手续费最低？
2025-06-02 15:19:09,638 - cryptotradingcafe - INFO - 请求页面：https://cryptotradingcafe.com/page/7
2025-06-02 15:19:10,912 - cryptotradingcafe - INFO - 成功解析文章：2024年最火币coin合约实盘明星bit浪浪的心路历程
2025-06-02 15:19:11,990 - cryptotradingcafe - INFO - 成功解析文章：性价比最高的标的是比特币吗？个人建议的投资比例
2025-06-02 15:19:12,666 - cryptotradingcafe - INFO - 成功解析文章：币圈的gas费（矿工费）是什么？
2025-06-02 15:19:13,227 - cryptotradingcafe - INFO - 成功解析文章：什么是铭文，什么是Brc20，为什么大多数铭文归零
2025-06-02 15:19:13,971 - cryptotradingcafe - INFO - 成功解析文章：什么是公链，它有什么用？
2025-06-02 15:19:14,657 - cryptotradingcafe - INFO - 成功解析文章：区块链常见骗局盘点：Plustoken钱包诈骗案件
2025-06-02 15:19:14,659 - cryptotradingcafe - INFO - 请求页面：https://cryptotradingcafe.com/page/8
2025-06-02 15:19:16,241 - cryptotradingcafe - INFO - 成功解析文章：币安官网打不开，网络无法访问怎么办？
2025-06-02 15:19:16,874 - cryptotradingcafe - INFO - 成功解析文章：什么是NFT？
2025-06-02 15:19:17,789 - cryptotradingcafe - INFO - 成功解析文章：华为手机如何下载安装币安？
2025-06-02 15:19:18,439 - cryptotradingcafe - INFO - 成功解析文章：币圈空投airdrop是什么？
2025-06-02 15:19:18,795 - cryptotradingcafe - ERROR - 解析文章失败：https://cryptotradingcafe.com/11127/
urllib3.exceptions.SSLError: EOF occurred in violation of protocol (_ssl.c:1002)

The above exception was the direct cause of the following exception:

Traceback (most recent call last):
  File "D:\coding\date_spider\.venv\Lib\site-packages\requests\adapters.py", line 667, in send
    resp = conn.urlopen(
           ^^^^^^^^^^^^^
  File "D:\coding\date_spider\.venv\Lib\site-packages\urllib3\connectionpool.py", line 841, in urlopen
    retries = retries.increment(
              ^^^^^^^^^^^^^^^^^^
  File "D:\coding\date_spider\.venv\Lib\site-packages\urllib3\util\retry.py", line 519, in increment
    raise MaxRetryError(_pool, url, reason) from reason  # type: ignore[arg-type]
    ^^^^^^^^^^^^^^^^^^^^^^^^^^^^^^^^^^^^^^^^^^^^^^^^^^^
urllib3.exceptions.MaxRetryError: HTTPSConnectionPool(host='cryptotradingcafe.com', port=443): Max retries exceeded with url: /11127/ (Caused by SSLError(SSLEOFError(8, 'EOF occurred in violation of protocol (_ssl.c:1002)')))

During handling of the above exception, another exception occurred:

Traceback (most recent call last):
  File "D:\coding\date_spider\crawler\spider_cryptotradingcafe.py", line 31, in article_get
    response = requests.get(url, headers=headers, timeout=10)
               ^^^^^^^^^^^^^^^^^^^^^^^^^^^^^^^^^^^^^^^^^^^^^^
  File "D:\coding\date_spider\.venv\Lib\site-packages\requests\api.py", line 73, in get
    return request("get", url, params=params, **kwargs)
           ^^^^^^^^^^^^^^^^^^^^^^^^^^^^^^^^^^^^^^^^^^^^
  File "D:\coding\date_spider\.venv\Lib\site-packages\requests\api.py", line 59, in request
    return session.request(method=method, url=url, **kwargs)
           ^^^^^^^^^^^^^^^^^^^^^^^^^^^^^^^^^^^^^^^^^^^^^^^^^
  File "D:\coding\date_spider\.venv\Lib\site-packages\requests\sessions.py", line 589, in request
    resp = self.send(prep, **send_kwargs)
           ^^^^^^^^^^^^^^^^^^^^^^^^^^^^^^
  File "D:\coding\date_spider\.venv\Lib\site-packages\requests\sessions.py", line 703, in send
    r = adapter.send(request, **kwargs)
        ^^^^^^^^^^^^^^^^^^^^^^^^^^^^^^^
  File "D:\coding\date_spider\.venv\Lib\site-packages\requests\adapters.py", line 698, in send
    raise SSLError(e, request=request)
requests.exceptions.SSLError: HTTPSConnectionPool(host='cryptotradingcafe.com', port=443): Max retries exceeded with url: /11127/ (Caused by SSLError(SSLEOFError(8, 'EOF occurred in violation of protocol (_ssl.c:1002)')))
2025-06-02 15:19:18,798 - cryptotradingcafe - WARNING - 爬取失败，记录错误：https://cryptotradingcafe.com/11127/
2025-06-02 15:19:19,704 - cryptotradingcafe - INFO - 成功解析文章：解析Ton公链生态的崛起及趋势
2025-06-02 15:19:19,707 - cryptotradingcafe - INFO - 请求页面：https://cryptotradingcafe.com/page/9
2025-06-02 15:19:20,920 - cryptotradingcafe - INFO - 成功解析文章：币圈比特币期现套利教程
2025-06-02 15:19:21,586 - cryptotradingcafe - INFO - 成功解析文章：全球比特币交易平台排行，世界五大比特币交易所
2025-06-02 15:19:22,226 - cryptotradingcafe - INFO - 成功解析文章：科普币圈稳定币，以及usdt是什么？
2025-06-02 15:19:22,849 - cryptotradingcafe - INFO - 成功解析文章：比特币怎么玩？比特币怎么赚钱？
2025-06-02 15:19:23,542 - cryptotradingcafe - INFO - 成功解析文章：什么是Gamefi？爆火的axie（阿蟹）和steph（跑步赚币）
2025-06-02 15:19:24,198 - cryptotradingcafe - INFO - 成功解析文章：Defi挖矿是什么？怎么利用挖矿来存币生息？
2025-06-02 15:19:24,200 - cryptotradingcafe - INFO - 请求页面：https://cryptotradingcafe.com/page/10
2025-06-02 15:19:25,069 - cryptotradingcafe - ERROR - 解析文章失败：https://cryptotradingcafe.com/9862/
urllib3.exceptions.SSLError: EOF occurred in violation of protocol (_ssl.c:1002)

The above exception was the direct cause of the following exception:

Traceback (most recent call last):
  File "D:\coding\date_spider\.venv\Lib\site-packages\requests\adapters.py", line 667, in send
    resp = conn.urlopen(
           ^^^^^^^^^^^^^
  File "D:\coding\date_spider\.venv\Lib\site-packages\urllib3\connectionpool.py", line 841, in urlopen
    retries = retries.increment(
              ^^^^^^^^^^^^^^^^^^
  File "D:\coding\date_spider\.venv\Lib\site-packages\urllib3\util\retry.py", line 519, in increment
    raise MaxRetryError(_pool, url, reason) from reason  # type: ignore[arg-type]
    ^^^^^^^^^^^^^^^^^^^^^^^^^^^^^^^^^^^^^^^^^^^^^^^^^^^
urllib3.exceptions.MaxRetryError: HTTPSConnectionPool(host='cryptotradingcafe.com', port=443): Max retries exceeded with url: /9862/ (Caused by SSLError(SSLEOFError(8, 'EOF occurred in violation of protocol (_ssl.c:1002)')))

During handling of the above exception, another exception occurred:

Traceback (most recent call last):
  File "D:\coding\date_spider\crawler\spider_cryptotradingcafe.py", line 31, in article_get
    response = requests.get(url, headers=headers, timeout=10)
               ^^^^^^^^^^^^^^^^^^^^^^^^^^^^^^^^^^^^^^^^^^^^^^
  File "D:\coding\date_spider\.venv\Lib\site-packages\requests\api.py", line 73, in get
    return request("get", url, params=params, **kwargs)
           ^^^^^^^^^^^^^^^^^^^^^^^^^^^^^^^^^^^^^^^^^^^^
  File "D:\coding\date_spider\.venv\Lib\site-packages\requests\api.py", line 59, in request
    return session.request(method=method, url=url, **kwargs)
           ^^^^^^^^^^^^^^^^^^^^^^^^^^^^^^^^^^^^^^^^^^^^^^^^^
  File "D:\coding\date_spider\.venv\Lib\site-packages\requests\sessions.py", line 589, in request
    resp = self.send(prep, **send_kwargs)
           ^^^^^^^^^^^^^^^^^^^^^^^^^^^^^^
  File "D:\coding\date_spider\.venv\Lib\site-packages\requests\sessions.py", line 703, in send
    r = adapter.send(request, **kwargs)
        ^^^^^^^^^^^^^^^^^^^^^^^^^^^^^^^
  File "D:\coding\date_spider\.venv\Lib\site-packages\requests\adapters.py", line 698, in send
    raise SSLError(e, request=request)
requests.exceptions.SSLError: HTTPSConnectionPool(host='cryptotradingcafe.com', port=443): Max retries exceeded with url: /9862/ (Caused by SSLError(SSLEOFError(8, 'EOF occurred in violation of protocol (_ssl.c:1002)')))
2025-06-02 15:19:25,071 - cryptotradingcafe - WARNING - 爬取失败，记录错误：https://cryptotradingcafe.com/9862/
2025-06-02 15:19:25,391 - cryptotradingcafe - ERROR - 解析文章失败：https://cryptotradingcafe.com/9893/
urllib3.exceptions.SSLError: EOF occurred in violation of protocol (_ssl.c:1002)

The above exception was the direct cause of the following exception:

Traceback (most recent call last):
  File "D:\coding\date_spider\.venv\Lib\site-packages\requests\adapters.py", line 667, in send
    resp = conn.urlopen(
           ^^^^^^^^^^^^^
  File "D:\coding\date_spider\.venv\Lib\site-packages\urllib3\connectionpool.py", line 841, in urlopen
    retries = retries.increment(
              ^^^^^^^^^^^^^^^^^^
  File "D:\coding\date_spider\.venv\Lib\site-packages\urllib3\util\retry.py", line 519, in increment
    raise MaxRetryError(_pool, url, reason) from reason  # type: ignore[arg-type]
    ^^^^^^^^^^^^^^^^^^^^^^^^^^^^^^^^^^^^^^^^^^^^^^^^^^^
urllib3.exceptions.MaxRetryError: HTTPSConnectionPool(host='cryptotradingcafe.com', port=443): Max retries exceeded with url: /9893/ (Caused by SSLError(SSLEOFError(8, 'EOF occurred in violation of protocol (_ssl.c:1002)')))

During handling of the above exception, another exception occurred:

Traceback (most recent call last):
  File "D:\coding\date_spider\crawler\spider_cryptotradingcafe.py", line 31, in article_get
    response = requests.get(url, headers=headers, timeout=10)
               ^^^^^^^^^^^^^^^^^^^^^^^^^^^^^^^^^^^^^^^^^^^^^^
  File "D:\coding\date_spider\.venv\Lib\site-packages\requests\api.py", line 73, in get
    return request("get", url, params=params, **kwargs)
           ^^^^^^^^^^^^^^^^^^^^^^^^^^^^^^^^^^^^^^^^^^^^
  File "D:\coding\date_spider\.venv\Lib\site-packages\requests\api.py", line 59, in request
    return session.request(method=method, url=url, **kwargs)
           ^^^^^^^^^^^^^^^^^^^^^^^^^^^^^^^^^^^^^^^^^^^^^^^^^
  File "D:\coding\date_spider\.venv\Lib\site-packages\requests\sessions.py", line 589, in request
    resp = self.send(prep, **send_kwargs)
           ^^^^^^^^^^^^^^^^^^^^^^^^^^^^^^
  File "D:\coding\date_spider\.venv\Lib\site-packages\requests\sessions.py", line 703, in send
    r = adapter.send(request, **kwargs)
        ^^^^^^^^^^^^^^^^^^^^^^^^^^^^^^^
  File "D:\coding\date_spider\.venv\Lib\site-packages\requests\adapters.py", line 698, in send
    raise SSLError(e, request=request)
requests.exceptions.SSLError: HTTPSConnectionPool(host='cryptotradingcafe.com', port=443): Max retries exceeded with url: /9893/ (Caused by SSLError(SSLEOFError(8, 'EOF occurred in violation of protocol (_ssl.c:1002)')))
2025-06-02 15:19:25,392 - cryptotradingcafe - WARNING - 爬取失败，记录错误：https://cryptotradingcafe.com/9893/
2025-06-02 15:19:25,615 - cryptotradingcafe - ERROR - 解析文章失败：https://cryptotradingcafe.com/10028/
urllib3.exceptions.SSLError: EOF occurred in violation of protocol (_ssl.c:1002)

The above exception was the direct cause of the following exception:

Traceback (most recent call last):
  File "D:\coding\date_spider\.venv\Lib\site-packages\requests\adapters.py", line 667, in send
    resp = conn.urlopen(
           ^^^^^^^^^^^^^
  File "D:\coding\date_spider\.venv\Lib\site-packages\urllib3\connectionpool.py", line 841, in urlopen
    retries = retries.increment(
              ^^^^^^^^^^^^^^^^^^
  File "D:\coding\date_spider\.venv\Lib\site-packages\urllib3\util\retry.py", line 519, in increment
    raise MaxRetryError(_pool, url, reason) from reason  # type: ignore[arg-type]
    ^^^^^^^^^^^^^^^^^^^^^^^^^^^^^^^^^^^^^^^^^^^^^^^^^^^
urllib3.exceptions.MaxRetryError: HTTPSConnectionPool(host='cryptotradingcafe.com', port=443): Max retries exceeded with url: /10028/ (Caused by SSLError(SSLEOFError(8, 'EOF occurred in violation of protocol (_ssl.c:1002)')))

During handling of the above exception, another exception occurred:

Traceback (most recent call last):
  File "D:\coding\date_spider\crawler\spider_cryptotradingcafe.py", line 31, in article_get
    response = requests.get(url, headers=headers, timeout=10)
               ^^^^^^^^^^^^^^^^^^^^^^^^^^^^^^^^^^^^^^^^^^^^^^
  File "D:\coding\date_spider\.venv\Lib\site-packages\requests\api.py", line 73, in get
    return request("get", url, params=params, **kwargs)
           ^^^^^^^^^^^^^^^^^^^^^^^^^^^^^^^^^^^^^^^^^^^^
  File "D:\coding\date_spider\.venv\Lib\site-packages\requests\api.py", line 59, in request
    return session.request(method=method, url=url, **kwargs)
           ^^^^^^^^^^^^^^^^^^^^^^^^^^^^^^^^^^^^^^^^^^^^^^^^^
  File "D:\coding\date_spider\.venv\Lib\site-packages\requests\sessions.py", line 589, in request
    resp = self.send(prep, **send_kwargs)
           ^^^^^^^^^^^^^^^^^^^^^^^^^^^^^^
  File "D:\coding\date_spider\.venv\Lib\site-packages\requests\sessions.py", line 703, in send
    r = adapter.send(request, **kwargs)
        ^^^^^^^^^^^^^^^^^^^^^^^^^^^^^^^
  File "D:\coding\date_spider\.venv\Lib\site-packages\requests\adapters.py", line 698, in send
    raise SSLError(e, request=request)
requests.exceptions.SSLError: HTTPSConnectionPool(host='cryptotradingcafe.com', port=443): Max retries exceeded with url: /10028/ (Caused by SSLError(SSLEOFError(8, 'EOF occurred in violation of protocol (_ssl.c:1002)')))
2025-06-02 15:19:25,619 - cryptotradingcafe - WARNING - 爬取失败，记录错误：https://cryptotradingcafe.com/10028/
2025-06-02 15:19:26,283 - cryptotradingcafe - INFO - 成功解析文章：频繁交易，即使挣钱也不快乐
2025-06-02 15:19:26,974 - cryptotradingcafe - INFO - 成功解析文章：MEME模因币的底层逻辑
2025-06-02 15:19:27,330 - cryptotradingcafe - ERROR - 解析文章失败：https://cryptotradingcafe.com/9865/
urllib3.exceptions.SSLError: EOF occurred in violation of protocol (_ssl.c:1002)

The above exception was the direct cause of the following exception:

Traceback (most recent call last):
  File "D:\coding\date_spider\.venv\Lib\site-packages\requests\adapters.py", line 667, in send
    resp = conn.urlopen(
           ^^^^^^^^^^^^^
  File "D:\coding\date_spider\.venv\Lib\site-packages\urllib3\connectionpool.py", line 841, in urlopen
    retries = retries.increment(
              ^^^^^^^^^^^^^^^^^^
  File "D:\coding\date_spider\.venv\Lib\site-packages\urllib3\util\retry.py", line 519, in increment
    raise MaxRetryError(_pool, url, reason) from reason  # type: ignore[arg-type]
    ^^^^^^^^^^^^^^^^^^^^^^^^^^^^^^^^^^^^^^^^^^^^^^^^^^^
urllib3.exceptions.MaxRetryError: HTTPSConnectionPool(host='cryptotradingcafe.com', port=443): Max retries exceeded with url: /9865/ (Caused by SSLError(SSLEOFError(8, 'EOF occurred in violation of protocol (_ssl.c:1002)')))

During handling of the above exception, another exception occurred:

Traceback (most recent call last):
  File "D:\coding\date_spider\crawler\spider_cryptotradingcafe.py", line 31, in article_get
    response = requests.get(url, headers=headers, timeout=10)
               ^^^^^^^^^^^^^^^^^^^^^^^^^^^^^^^^^^^^^^^^^^^^^^
  File "D:\coding\date_spider\.venv\Lib\site-packages\requests\api.py", line 73, in get
    return request("get", url, params=params, **kwargs)
           ^^^^^^^^^^^^^^^^^^^^^^^^^^^^^^^^^^^^^^^^^^^^
  File "D:\coding\date_spider\.venv\Lib\site-packages\requests\api.py", line 59, in request
    return session.request(method=method, url=url, **kwargs)
           ^^^^^^^^^^^^^^^^^^^^^^^^^^^^^^^^^^^^^^^^^^^^^^^^^
  File "D:\coding\date_spider\.venv\Lib\site-packages\requests\sessions.py", line 589, in request
    resp = self.send(prep, **send_kwargs)
           ^^^^^^^^^^^^^^^^^^^^^^^^^^^^^^
  File "D:\coding\date_spider\.venv\Lib\site-packages\requests\sessions.py", line 703, in send
    r = adapter.send(request, **kwargs)
        ^^^^^^^^^^^^^^^^^^^^^^^^^^^^^^^
  File "D:\coding\date_spider\.venv\Lib\site-packages\requests\adapters.py", line 698, in send
    raise SSLError(e, request=request)
requests.exceptions.SSLError: HTTPSConnectionPool(host='cryptotradingcafe.com', port=443): Max retries exceeded with url: /9865/ (Caused by SSLError(SSLEOFError(8, 'EOF occurred in violation of protocol (_ssl.c:1002)')))
2025-06-02 15:19:27,332 - cryptotradingcafe - WARNING - 爬取失败，记录错误：https://cryptotradingcafe.com/9865/
2025-06-02 15:19:27,333 - cryptotradingcafe - INFO - 请求页面：https://cryptotradingcafe.com/page/11
2025-06-02 15:19:27,711 - cryptotradingcafe - ERROR - 请求页面失败：https://cryptotradingcafe.com/page/11
urllib3.exceptions.SSLError: EOF occurred in violation of protocol (_ssl.c:1002)

The above exception was the direct cause of the following exception:

Traceback (most recent call last):
  File "D:\coding\date_spider\.venv\Lib\site-packages\requests\adapters.py", line 667, in send
    resp = conn.urlopen(
           ^^^^^^^^^^^^^
  File "D:\coding\date_spider\.venv\Lib\site-packages\urllib3\connectionpool.py", line 841, in urlopen
    retries = retries.increment(
              ^^^^^^^^^^^^^^^^^^
  File "D:\coding\date_spider\.venv\Lib\site-packages\urllib3\util\retry.py", line 519, in increment
    raise MaxRetryError(_pool, url, reason) from reason  # type: ignore[arg-type]
    ^^^^^^^^^^^^^^^^^^^^^^^^^^^^^^^^^^^^^^^^^^^^^^^^^^^
urllib3.exceptions.MaxRetryError: HTTPSConnectionPool(host='cryptotradingcafe.com', port=443): Max retries exceeded with url: /page/11 (Caused by SSLError(SSLEOFError(8, 'EOF occurred in violation of protocol (_ssl.c:1002)')))

During handling of the above exception, another exception occurred:

Traceback (most recent call last):
  File "D:\coding\date_spider\crawler\spider_cryptotradingcafe.py", line 73, in crawl
    response = requests.get(page_url, headers=headers, timeout=10)
               ^^^^^^^^^^^^^^^^^^^^^^^^^^^^^^^^^^^^^^^^^^^^^^^^^^^
  File "D:\coding\date_spider\.venv\Lib\site-packages\requests\api.py", line 73, in get
    return request("get", url, params=params, **kwargs)
           ^^^^^^^^^^^^^^^^^^^^^^^^^^^^^^^^^^^^^^^^^^^^
  File "D:\coding\date_spider\.venv\Lib\site-packages\requests\api.py", line 59, in request
    return session.request(method=method, url=url, **kwargs)
           ^^^^^^^^^^^^^^^^^^^^^^^^^^^^^^^^^^^^^^^^^^^^^^^^^
  File "D:\coding\date_spider\.venv\Lib\site-packages\requests\sessions.py", line 589, in request
    resp = self.send(prep, **send_kwargs)
           ^^^^^^^^^^^^^^^^^^^^^^^^^^^^^^
  File "D:\coding\date_spider\.venv\Lib\site-packages\requests\sessions.py", line 703, in send
    r = adapter.send(request, **kwargs)
        ^^^^^^^^^^^^^^^^^^^^^^^^^^^^^^^
  File "D:\coding\date_spider\.venv\Lib\site-packages\requests\adapters.py", line 698, in send
    raise SSLError(e, request=request)
requests.exceptions.SSLError: HTTPSConnectionPool(host='cryptotradingcafe.com', port=443): Max retries exceeded with url: /page/11 (Caused by SSLError(SSLEOFError(8, 'EOF occurred in violation of protocol (_ssl.c:1002)')))
2025-06-02 15:19:27,713 - cryptotradingcafe - INFO - 请求页面：https://cryptotradingcafe.com/page/12
2025-06-02 15:19:28,962 - cryptotradingcafe - INFO - 成功解析文章：聊聊erc404项目pandora
2025-06-02 15:19:29,560 - cryptotradingcafe - INFO - 成功解析文章：Etherscan-最常用的以太坊的区块浏览器
2025-06-02 15:19:30,115 - cryptotradingcafe - INFO - 成功解析文章：Coingecko币虎-好用的加密货币信息汇总平台
2025-06-02 15:19:30,688 - cryptotradingcafe - INFO - 成功解析文章：Defillama-defi数据聚合平台
2025-06-02 15:19:31,362 - cryptotradingcafe - INFO - 成功解析文章：Metamask-从浏览器插件起步的数字货币钱包
2025-06-02 15:19:32,069 - cryptotradingcafe - INFO - 成功解析文章：小议Uniswap（uni）的护城河
2025-06-02 15:19:32,070 - cryptotradingcafe - INFO - 请求页面：https://cryptotradingcafe.com/page/13
2025-06-02 15:19:33,145 - cryptotradingcafe - INFO - 成功解析文章：币圈年年都有新机会，老一代投资者别老犯PTSD
2025-06-02 15:19:33,825 - cryptotradingcafe - INFO - 成功解析文章：币圈选币剩者为王
2025-06-02 15:19:34,467 - cryptotradingcafe - INFO - 成功解析文章：如何研究新项目？
2025-06-02 15:19:35,126 - cryptotradingcafe - INFO - 成功解析文章：传销是往下传播，比特币是往上“传销”
2025-06-02 15:19:35,767 - cryptotradingcafe - INFO - 成功解析文章：宏观经济真的在转好，对加密数字货币来说，到底什么是宏观？
2025-06-02 15:19:36,374 - cryptotradingcafe - INFO - 成功解析文章：聊聊技术分析的那些事儿
2025-06-02 15:19:36,376 - cryptotradingcafe - INFO - 请求页面：https://cryptotradingcafe.com/page/14
2025-06-02 15:19:37,546 - cryptotradingcafe - INFO - 成功解析文章：币圈信息源头变迁史，从bitcointalk到twitter
2025-06-02 15:19:38,177 - cryptotradingcafe - INFO - 成功解析文章：现在是止损（止错）的好时机，学会止损是投资人生的必修课
2025-06-02 15:19:38,812 - cryptotradingcafe - INFO - 成功解析文章：就uni(uniswap)谈谈好应用不一定代表好代币
2025-06-02 15:19:39,332 - cryptotradingcafe - INFO - 成功解析文章：当你看好一个投资品，你应该投入多少本金？
2025-06-02 15:19:40,006 - cryptotradingcafe - INFO - 成功解析文章：大三开始全职炒币 7 年，长期处于痛苦之中
2025-06-02 15:19:40,647 - cryptotradingcafe - INFO - 成功解析文章：加密叙事观察
2025-06-02 15:19:40,649 - cryptotradingcafe - INFO - 请求页面：https://cryptotradingcafe.com/page/15
2025-06-02 15:19:42,801 - cryptotradingcafe - INFO - 成功解析文章：熊市观察三：Arb生态
2025-06-02 15:19:43,601 - cryptotradingcafe - INFO - 成功解析文章：熊市观察之LSD
2025-06-02 15:19:44,216 - cryptotradingcafe - INFO - 成功解析文章：从手机操作系统的竞争历史判断以太坊不会一直垄断
2025-06-02 15:19:44,840 - cryptotradingcafe - INFO - 成功解析文章：熊市观察之Op生态
2025-06-02 15:19:45,508 - cryptotradingcafe - INFO - 成功解析文章：那些上升的和下沉的币圈叙事
2025-06-02 15:19:46,141 - cryptotradingcafe - INFO - 成功解析文章：加密叙事与触发器
2025-06-02 15:19:46,143 - cryptotradingcafe - INFO - 请求页面：https://cryptotradingcafe.com/page/16
2025-06-02 15:19:47,421 - cryptotradingcafe - INFO - 成功解析文章：从估值计算角度来看以太坊ETH的合理价格区间
2025-06-02 15:19:47,973 - cryptotradingcafe - INFO - 成功解析文章：比特币的安全模型经得起区块奖励减半的考验
2025-06-02 15:19:48,538 - cryptotradingcafe - INFO - 成功解析文章：熊市观察之二
2025-06-02 15:19:49,040 - cryptotradingcafe - INFO - 成功解析文章：千币笔记：VSP、BOND、ZKSP、MINA、MASK
2025-06-02 15:19:49,722 - cryptotradingcafe - INFO - 成功解析文章：这波熊的观察和思考
2025-06-02 15:19:50,229 - cryptotradingcafe - INFO - 成功解析文章：千币笔记：QUICK、TEL、KLAY、GTC、MATIC、XCH
2025-06-02 15:19:50,230 - cryptotradingcafe - INFO - 请求页面：https://cryptotradingcafe.com/page/17
2025-06-02 15:19:51,805 - cryptotradingcafe - INFO - 成功解析文章：炒币的人生没有厚度
2025-06-02 15:19:52,426 - cryptotradingcafe - INFO - 成功解析文章：千币笔记：DEXT，MBOX，Opensea，RARE，NFTB，DOGGY，YGG，NBA Top Shot，Meebits
2025-06-02 15:19:53,070 - cryptotradingcafe - INFO - 成功解析文章：如何使用私钥钱包安全保管比特币？私钥泄漏的5种常见原因
2025-06-02 15:19:53,739 - cryptotradingcafe - INFO - 成功解析文章：千币笔记：BAKE，SLP，Autoglyphs，Cryptopunks，MLN，AXS
2025-06-02 15:19:54,369 - cryptotradingcafe - INFO - 成功解析文章：中心化交易所对DeFi拙劣的模仿，这是创新者的窘境吗？
2025-06-02 15:19:54,899 - cryptotradingcafe - INFO - 成功解析文章：你应该囤多少个比特币？囤多少可以fire财务自由退休？
2025-06-02 15:19:54,900 - cryptotradingcafe - INFO - 请求页面：https://cryptotradingcafe.com/page/18
2025-06-02 15:19:56,050 - cryptotradingcafe - INFO - 成功解析文章：比特币博弈论
2025-06-02 15:19:57,056 - cryptotradingcafe - INFO - 成功解析文章：千币笔记：TORN，ARMOR，EDEN，GRO，OHM，HEX，PSP
2025-06-02 15:19:57,705 - cryptotradingcafe - INFO - 成功解析文章：千币笔记：APT，OP，ARB，APT，SUI
2025-06-02 15:19:58,335 - cryptotradingcafe - INFO - 成功解析文章：千币笔记：Loot，AGLD，zkSync，Starkware
2025-06-02 15:19:58,960 - cryptotradingcafe - INFO - 成功解析文章：美SEC答复比特币现货ETF申请，长达86页
2025-06-02 15:19:59,879 - cryptotradingcafe - INFO - 成功解析文章：千币笔记：PEPE，ORDI，BLUR，MAV
2025-06-02 15:19:59,881 - cryptotradingcafe - INFO - 请求页面：https://cryptotradingcafe.com/page/19
2025-06-02 15:20:01,186 - cryptotradingcafe - INFO - 成功解析文章：新闻交易教学及科普
2025-06-02 15:20:02,185 - cryptotradingcafe - INFO - 成功解析文章：炒币玩合约或山寨持续亏损，深陷负债怎么办？
2025-06-02 15:20:02,728 - cryptotradingcafe - INFO - 成功解析文章：怎么申请discord频道的mod（管理员）
2025-06-02 15:20:03,392 - cryptotradingcafe - INFO - 成功解析文章：一文建立对web3的整体观感
2025-06-02 15:20:04,043 - cryptotradingcafe - INFO - 成功解析文章：熊市老韭菜的过来之言
2025-06-02 15:20:05,681 - cryptotradingcafe - INFO - 成功解析文章：如何在币安使用traderwagon进行合约跟单
2025-06-02 15:20:05,683 - cryptotradingcafe - INFO - 请求页面：https://cryptotradingcafe.com/page/20
2025-06-02 15:20:07,958 - cryptotradingcafe - INFO - 成功解析文章：区块链三刀的近期想法
2025-06-02 15:20:08,936 - cryptotradingcafe - INFO - 成功解析文章：区块链三刀谈ftx交易所和ftt
2025-06-02 15:20:09,466 - cryptotradingcafe - INFO - 成功解析文章：警惕账户迁移短信和谷歌搜索的虚假官网
2025-06-02 15:20:10,129 - cryptotradingcafe - INFO - 成功解析文章：2025年中国大陆用户火币HTX注册及实名认证教程
2025-06-02 15:20:10,669 - cryptotradingcafe - INFO - 成功解析文章：分析下“币圈葫芦娃”的玩法
2025-06-02 15:20:11,219 - cryptotradingcafe - INFO - 成功解析文章：欢迎加入本站币圈炒币（比特币）电报交流群
2025-06-02 15:20:11,221 - cryptotradingcafe - INFO - 请求页面：https://cryptotradingcafe.com/page/21
2025-06-02 15:20:12,422 - cryptotradingcafe - INFO - 成功解析文章：Web3公司收入调研，Token价值捕获研究
2025-06-02 15:20:13,464 - cryptotradingcafe - INFO - 成功解析文章：解决苹果手机使用币安遇到“欺骗性网站”警告
2025-06-02 15:20:14,010 - cryptotradingcafe - INFO - 成功解析文章：Defi协议代币投资思路之一：PE估值法
2025-06-02 15:20:14,839 - cryptotradingcafe - INFO - 成功解析文章：本轮反弹行情复盘思考（2022年8月）
2025-06-02 15:20:15,493 - cryptotradingcafe - INFO - 成功解析文章：币圈著名空头“棋局”座谈会总结
2025-06-02 15:20:16,107 - cryptotradingcafe - INFO - 成功解析文章：论网格对非交易型币圈选手的重要性
2025-06-02 15:20:16,109 - cryptotradingcafe - INFO - 请求页面：https://cryptotradingcafe.com/page/22
2025-06-02 15:20:17,359 - cryptotradingcafe - INFO - 成功解析文章：Defi挖矿以及借贷对应的风险及规避措施
2025-06-02 15:20:17,897 - cryptotradingcafe - INFO - 成功解析文章：写在币圈低谷时-聊聊攀比带来的痛苦
2025-06-02 15:20:18,527 - cryptotradingcafe - INFO - 成功解析文章：区块链领域未来几年应关注的重点板块
2025-06-02 15:20:19,081 - cryptotradingcafe - INFO - 成功解析文章：Bybit交易所中国大陆注册及kyc，输入邀请码享全网最高返佣优惠
2025-06-02 15:20:19,745 - cryptotradingcafe - INFO - 成功解析文章：比特币和以太坊的矿机关机币价怎么计算，怎么理解？
2025-06-02 15:20:20,337 - cryptotradingcafe - INFO - 成功解析文章：Optimism投资研究报告
2025-06-02 15:20:20,338 - cryptotradingcafe - INFO - 请求页面：https://cryptotradingcafe.com/page/23
2025-06-02 15:20:21,477 - cryptotradingcafe - INFO - 成功解析文章：如何创建自己的数字货币钱包，以onekey为例
2025-06-02 15:20:22,253 - cryptotradingcafe - INFO - 成功解析文章：科普限价单/市价单/限价止盈止损单/OCO订单下单方式
2025-06-02 15:20:23,883 - cryptotradingcafe - INFO - 成功解析文章：币安买币（使用）教程
2025-06-02 15:20:24,533 - cryptotradingcafe - INFO - 成功解析文章：币安的U（USDT）本位永续合约介绍
2025-06-02 15:20:25,187 - cryptotradingcafe - INFO - 成功解析文章：如何从币安交易所提币
2025-06-02 15:20:25,746 - cryptotradingcafe - INFO - 成功解析文章：算法稳定币luna（Terra）出问题了？UST脱钩暴雷？
2025-06-02 15:20:25,748 - cryptotradingcafe - INFO - 请求页面：https://cryptotradingcafe.com/page/24
2025-06-02 15:20:26,882 - cryptotradingcafe - INFO - 成功解析文章：ENS域名注册/解析/买卖教程，4数/3字母/双拼价值分析
2025-06-02 15:20:27,538 - cryptotradingcafe - INFO - 成功解析文章：币安现货合约交易手续费怎么算？手续费如何减免返还？
2025-06-02 15:20:28,316 - cryptotradingcafe - INFO - 成功解析文章：6年风雨路，从千万亏损到平常心
2025-06-02 15:20:28,867 - cryptotradingcafe - INFO - 成功解析文章：聊聊币安币（BNB）是什么，探讨下前景和价值
2025-06-02 15:20:30,000 - cryptotradingcafe - INFO - 成功解析文章：DeFi流动性挖矿的常见安全风险与风控策略
2025-06-02 15:20:31,011 - cryptotradingcafe - INFO - 成功解析文章：如何注册美区苹果apple id来下载币圈app？
2025-06-02 15:20:31,012 - cryptotradingcafe - INFO - 请求页面：https://cryptotradingcafe.com/page/25
2025-06-02 15:20:32,329 - cryptotradingcafe - INFO - 成功解析文章：OpenSea-最大的NFT交易平台研报
2025-06-02 15:20:32,867 - cryptotradingcafe - INFO - 成功解析文章：对加密货币未来4年的行情预测
2025-06-02 15:20:33,558 - cryptotradingcafe - INFO - 成功解析文章：Stepn（gmt币）深度投研报告
2025-06-02 15:20:34,236 - cryptotradingcafe - INFO - 成功解析文章：聊聊网格交易策略，以币安的网格交易功能为例
2025-06-02 15:20:34,962 - cryptotradingcafe - INFO - 成功解析文章：热门扩容方案Arbitrum研报
2025-06-02 15:20:35,606 - cryptotradingcafe - INFO - 成功解析文章：定投比特币靠谱吗？该用什么定投策略？
2025-06-02 15:20:35,607 - cryptotradingcafe - INFO - 请求页面：https://cryptotradingcafe.com/page/26
2025-06-02 15:20:36,802 - cryptotradingcafe - INFO - 成功解析文章：聊聊众筹平台juicebox
2025-06-02 15:20:37,389 - cryptotradingcafe - INFO - 成功解析文章：无聊猿游艇俱乐部（Bored Ape Yacht Club，即“BAYC”）研究报告（上）：项目详解与发展过程
2025-06-02 15:20:38,097 - cryptotradingcafe - INFO - 成功解析文章：无聊猿游艇俱乐部（Bored Ape Yacht Club，即“BAYC”）研究报告（下）：代币经济与市场竞争
2025-06-02 15:20:39,131 - cryptotradingcafe - INFO - 成功解析文章：币安KYC身份认证教程
2025-06-02 15:20:39,676 - cryptotradingcafe - INFO - 成功解析文章：【2025全网最强】币安合约邀请码cafe,享币安返佣40%-50%
2025-06-02 15:20:40,220 - cryptotradingcafe - INFO - 成功解析文章：Defi挖矿时使用FTX交易所借币和套保
2025-06-02 15:20:40,222 - cryptotradingcafe - INFO - 请求页面：https://cryptotradingcafe.com/page/27
2025-06-02 15:20:41,286 - cryptotradingcafe - INFO - 成功解析文章：​到底什么价格，什么时候适合抄底比特币
2025-06-02 15:20:41,889 - cryptotradingcafe - INFO - 成功解析文章：大陆如何下载币安交易所app？
2025-06-02 15:20:42,368 - cryptotradingcafe - INFO - 成功解析文章：炒虚拟货币OTC出金usdt遇到黑钱冻卡怎么办？
2025-06-02 15:20:42,895 - cryptotradingcafe - INFO - 成功解析文章：币安是哪个国家的？币安总部在哪？
2025-06-02 15:20:43,456 - cryptotradingcafe - INFO - 成功解析文章：【全网最高】欧易OKX注册教程，使用邀请码cafe888享手续费返佣
2025-06-02 15:20:44,005 - cryptotradingcafe - INFO - 成功解析文章：科普比特币合约，永续合约和比特币爆仓
2025-06-02 15:20:44,007 - cryptotradingcafe - INFO - 请求页面：https://cryptotradingcafe.com/page/28
2025-06-02 15:20:45,181 - cryptotradingcafe - INFO - 成功解析文章：Bitfrog（原“合约帝”）实盘跟单软件
2025-06-02 15:20:45,726 - cryptotradingcafe - INFO - 成功解析文章：一颗在币圈活着的老韭菜自白
2025-06-02 15:20:46,342 - cryptotradingcafe - INFO - 成功解析文章：聊聊币圈的套利交易
2025-06-02 15:20:46,862 - cryptotradingcafe - INFO - 成功解析文章：一个研究生的一年币圈亏钱故事
2025-06-02 15:20:47,393 - cryptotradingcafe - INFO - 成功解析文章：imToken钱包官网下载，小心假官网诈骗
2025-06-02 15:20:47,975 - cryptotradingcafe - INFO - 成功解析文章：币安怎么支付宝充值人民币？
2025-06-02 15:20:47,977 - cryptotradingcafe - INFO - 请求页面：https://cryptotradingcafe.com/page/29
2025-06-02 15:20:49,331 - cryptotradingcafe - INFO - 成功解析文章：币圈比特币和山寨行情轮动规律
2025-06-02 15:20:49,958 - cryptotradingcafe - INFO - 成功解析文章：矿工的角度浅谈FIL（Filecoin文件币）的价格和前景
2025-06-02 15:20:50,703 - cryptotradingcafe - INFO - 成功解析文章：【科普】为什么使用defi产品前会有approve这么多余的操作？
2025-06-02 15:20:51,268 - cryptotradingcafe - INFO - 成功解析文章：我个人投资Stepn（gmt币）的思路分享
2025-06-02 15:20:51,911 - cryptotradingcafe - INFO - 成功解析文章：小K的数字货币故事
2025-06-02 15:20:52,575 - cryptotradingcafe - INFO - 成功解析文章：就Ronin被盗聊聊“假如你是黑客怎么隐藏身份和洗币”
2025-06-02 15:20:52,576 - cryptotradingcafe - INFO - 请求页面：https://cryptotradingcafe.com/page/30
2025-06-02 15:20:53,803 - cryptotradingcafe - INFO - 成功解析文章：NFT收藏品赛道报告（上）：前言和赛道详解
2025-06-02 15:20:54,666 - cryptotradingcafe - INFO - 成功解析文章：NFT收藏品赛道报告（下）：未来发展与投资注意问题
2025-06-02 15:20:55,326 - cryptotradingcafe - INFO - 成功解析文章：币安服务受限地区怎么解决？美国可以使用币安吗？
2025-06-02 15:20:55,969 - cryptotradingcafe - INFO - 成功解析文章：币安合法吗？靠谱安全吗？
2025-06-02 15:20:56,572 - cryptotradingcafe - INFO - 成功解析文章：火币不能用了怎么办？火币清退中国大陆用户怎么办？
2025-06-02 15:20:57,315 - cryptotradingcafe - INFO - 成功解析文章：如何炒币？该买什么币？加密货币投资逻辑解析
2025-06-02 15:20:57,317 - cryptotradingcafe - INFO - 请求页面：https://cryptotradingcafe.com/page/31
2025-06-02 15:20:58,554 - cryptotradingcafe - INFO - 成功解析文章：中国大陆如何用支付宝来人民币购买比特币等加密货币
2025-06-02 15:20:59,172 - cryptotradingcafe - INFO - 成功解析文章：中国大陆如何购买狗狗币？狗狗币和柴犬币（屎币）是什么？
2025-06-02 15:20:59,735 - cryptotradingcafe - INFO - 成功解析文章：币安中国能用吗？币安清退中国大陆用户怎么办？
2025-06-02 15:21:00,426 - cryptotradingcafe - INFO - 成功解析文章：专业的中文币圈社区和论坛推荐
2025-06-02 15:21:01,124 - cryptotradingcafe - INFO - 成功解析文章：技术分析里的“价格形态”
2025-06-02 15:21:01,654 - cryptotradingcafe - INFO - 成功解析文章：使用“突破”来交易
2025-06-02 15:21:01,656 - cryptotradingcafe - INFO - 请求页面：https://cryptotradingcafe.com/page/32
2025-06-02 15:21:03,091 - cryptotradingcafe - INFO - 成功解析文章：币coin，币圈第一比特币合约高手实盘软件
2025-06-02 15:21:03,666 - cryptotradingcafe - INFO - 成功解析文章：急涨奔逃反转(Bump and Run Reversal)形态
2025-06-02 15:21:04,238 - cryptotradingcafe - INFO - 成功解析文章：趋势的定义和交易策略
2025-06-02 15:21:05,544 - cryptotradingcafe - INFO - 成功解析文章：头肩顶和头肩底形态
2025-06-02 15:21:06,110 - cryptotradingcafe - INFO - 成功解析文章：币圈安全出金usdt，套现防黑钱方法
2025-06-02 15:21:06,724 - cryptotradingcafe - INFO - 成功解析文章：支持中国大陆用户的虚拟货币交易所
2025-06-02 15:21:06,726 - cryptotradingcafe - INFO - 请求页面：https://cryptotradingcafe.com/page/33
2025-06-02 15:21:07,778 - cryptotradingcafe - INFO - 成功解析文章：利用“杯柄形态”来交易
2025-06-02 15:21:08,788 - cryptotradingcafe - INFO - 成功解析文章：斐波那契回撤和斐波那契扩展的使用
2025-06-02 15:21:09,440 - cryptotradingcafe - INFO - 成功解析文章：币安Binance，全球第一的数字货币交易所
2025-06-02 15:21:10,092 - cryptotradingcafe - INFO - 成功解析文章：交易中如何管理情绪
2025-06-02 15:21:10,704 - cryptotradingcafe - INFO - 成功解析文章：移动平均线（MA）的四种简单使用方式
2025-06-02 15:21:11,369 - cryptotradingcafe - INFO - 成功解析文章：中国大陆Binance币安注册及身份认证教程(2025最新)
2025-06-02 15:21:11,371 - cryptotradingcafe - INFO - 请求页面：https://cryptotradingcafe.com/page/34
2025-06-02 15:21:12,559 - cryptotradingcafe - INFO - 成功解析文章：比特皇，内功深厚的扫地僧
2025-06-02 15:21:13,190 - cryptotradingcafe - INFO - 成功解析文章：币圈凉兮，天才还是疯子？
2025-06-02 15:21:13,743 - cryptotradingcafe - INFO - 成功解析文章：使用支撑和阻力来交易
2025-06-02 15:21:14,315 - cryptotradingcafe - INFO - 成功解析文章：欧阳拽白，最牛多头
2025-06-02 15:21:14,855 - cryptotradingcafe - INFO - 成功解析文章：从顶尖比特币合约交易员身上得到的六个启示
2025-06-02 15:21:15,528 - cryptotradingcafe - INFO - 成功解析文章：肥宅比特币，一身是胆
2025-06-02 15:21:15,529 - cryptotradingcafe - INFO - 请求页面：https://cryptotradingcafe.com/page/35
2025-06-02 15:21:16,401 - cryptotradingcafe - INFO - 所有链接都已爬取，终止爬取。
2025-06-02 15:21:16,405 - cryptotradingcafe - INFO - 爬取任务完成
2025-06-02 15:28:15,505 - cryptotradingcafe - INFO - 已加载 0 条历史链接
2025-06-02 15:28:15,506 - cryptotradingcafe - INFO - 开始爬取 CryptoTradingCafe
2025-06-02 15:28:15,506 - cryptotradingcafe - INFO - 请求页面：https://cryptotradingcafe.com/page/1
2025-06-02 15:28:17,621 - cryptotradingcafe - INFO - 成功解析文章：币安钱包TGE（代币生成活动）的打新攻略
2025-06-02 15:28:18,305 - cryptotradingcafe - INFO - 成功解析文章：如何用支付宝在币安和欧易使用人民币购买usdt
2025-06-02 15:28:18,954 - cryptotradingcafe - INFO - 成功解析文章：予与vkx，币圈新晋千万实盘大V
2025-06-02 15:28:19,641 - cryptotradingcafe - INFO - 成功解析文章：币圈实盘大V川沐（川沐第一个500U/川沐笔记）
2025-06-02 15:28:20,263 - cryptotradingcafe - INFO - 成功解析文章：Backpack背包交易所推荐码注册及实名认证教程，参与积分计划享平台币空投
2025-06-02 15:28:20,894 - cryptotradingcafe - INFO - 成功解析文章：熬鹰allincrypto，热度很高的二级带单大V
2025-06-02 15:28:20,896 - cryptotradingcafe - INFO - 请求页面：https://cryptotradingcafe.com/page/2
2025-06-02 15:28:22,140 - cryptotradingcafe - INFO - 成功解析文章：币COIN实盘大户“先定10个大目标”
2025-06-02 15:28:22,750 - cryptotradingcafe - INFO - 成功解析文章：中文币圈最快的新闻源：方程式新闻
2025-06-02 15:28:23,384 - cryptotradingcafe - INFO - 成功解析文章：方程式新闻创始人——知乎“00后富一代”vida
2025-06-02 15:28:24,043 - cryptotradingcafe - INFO - 成功解析文章：币安可以用护照认证吗？
2025-06-02 15:28:24,684 - cryptotradingcafe - INFO - 成功解析文章：合约交易的仓位管理
2025-06-02 15:28:25,348 - cryptotradingcafe - INFO - 成功解析文章：通过刻意练习实现币圈交易的知行合一
2025-06-02 15:28:25,351 - cryptotradingcafe - INFO - 请求页面：https://cryptotradingcafe.com/page/3
2025-06-02 15:28:26,699 - cryptotradingcafe - INFO - 成功解析文章：新手交易常见问题之冲动盲目&暴富幻想
2025-06-02 15:28:27,300 - cryptotradingcafe - INFO - 成功解析文章：合约交易的盈亏比管理
2025-06-02 15:28:28,067 - cryptotradingcafe - INFO - 成功解析文章：不要成为全职交易员
2025-06-02 15:28:29,724 - cryptotradingcafe - INFO - 成功解析文章：新手做不好止损的九大原因
2025-06-02 15:28:30,502 - cryptotradingcafe - INFO - 成功解析文章：什么是滚仓？合约如何滚仓（浮盈加仓）？
2025-06-02 15:28:31,233 - cryptotradingcafe - INFO - 成功解析文章：如何进行趋势交易？
2025-06-02 15:28:31,237 - cryptotradingcafe - INFO - 请求页面：https://cryptotradingcafe.com/page/4
2025-06-02 15:28:32,988 - cryptotradingcafe - INFO - 成功解析文章：半木夏，从爆仓到5000万的逆袭之路
2025-06-02 15:28:33,813 - cryptotradingcafe - INFO - 成功解析文章：币安和欧易对比，币安和欧易哪个更好？
2025-06-02 15:28:34,535 - cryptotradingcafe - INFO - 成功解析文章：PI币（Pi Network）是什么？注册欧易来交易PI币
2025-06-02 15:28:35,253 - cryptotradingcafe - INFO - 成功解析文章：仓位管理之金字塔加减仓
2025-06-02 15:28:36,040 - cryptotradingcafe - INFO - 成功解析文章：如何使用币安的跟单交易来进行比特币合约跟单
2025-06-02 15:28:36,860 - cryptotradingcafe - INFO - 成功解析文章：如何注销币安？重新注册币安拿40%手续费返佣
2025-06-02 15:28:36,865 - cryptotradingcafe - INFO - 请求页面：https://cryptotradingcafe.com/page/5
2025-06-02 15:28:38,295 - cryptotradingcafe - INFO - 成功解析文章：Trump Coin特朗普币（川普币）是什么？怎么买？
2025-06-02 15:28:39,032 - cryptotradingcafe - INFO - 成功解析文章：什么是AiAgent
2025-06-02 15:28:39,851 - cryptotradingcafe - INFO - 成功解析文章：币圈比特币永续合约怎么玩？合约赚钱技巧
2025-06-02 15:28:40,759 - cryptotradingcafe - INFO - 成功解析文章：以买MEME交易为例，新人最全的链上web3入门科普教程
2025-06-02 15:28:41,488 - cryptotradingcafe - INFO - 成功解析文章：什么是Desci
2025-06-02 15:28:41,756 - cryptotradingcafe - ERROR - 解析文章失败：https://cryptotradingcafe.com/13145/
urllib3.exceptions.SSLError: EOF occurred in violation of protocol (_ssl.c:1002)

The above exception was the direct cause of the following exception:

Traceback (most recent call last):
  File "D:\coding\date_spider\.venv\Lib\site-packages\requests\adapters.py", line 667, in send
    resp = conn.urlopen(
           ^^^^^^^^^^^^^
  File "D:\coding\date_spider\.venv\Lib\site-packages\urllib3\connectionpool.py", line 841, in urlopen
    retries = retries.increment(
              ^^^^^^^^^^^^^^^^^^
  File "D:\coding\date_spider\.venv\Lib\site-packages\urllib3\util\retry.py", line 519, in increment
    raise MaxRetryError(_pool, url, reason) from reason  # type: ignore[arg-type]
    ^^^^^^^^^^^^^^^^^^^^^^^^^^^^^^^^^^^^^^^^^^^^^^^^^^^
urllib3.exceptions.MaxRetryError: HTTPSConnectionPool(host='cryptotradingcafe.com', port=443): Max retries exceeded with url: /13145/ (Caused by SSLError(SSLEOFError(8, 'EOF occurred in violation of protocol (_ssl.c:1002)')))

During handling of the above exception, another exception occurred:

Traceback (most recent call last):
  File "D:\coding\date_spider\crawler\spider_cryptotradingcafe.py", line 31, in article_get
    response = requests.get(url, headers=headers, timeout=10)
               ^^^^^^^^^^^^^^^^^^^^^^^^^^^^^^^^^^^^^^^^^^^^^^
  File "D:\coding\date_spider\.venv\Lib\site-packages\requests\api.py", line 73, in get
    return request("get", url, params=params, **kwargs)
           ^^^^^^^^^^^^^^^^^^^^^^^^^^^^^^^^^^^^^^^^^^^^
  File "D:\coding\date_spider\.venv\Lib\site-packages\requests\api.py", line 59, in request
    return session.request(method=method, url=url, **kwargs)
           ^^^^^^^^^^^^^^^^^^^^^^^^^^^^^^^^^^^^^^^^^^^^^^^^^
  File "D:\coding\date_spider\.venv\Lib\site-packages\requests\sessions.py", line 589, in request
    resp = self.send(prep, **send_kwargs)
           ^^^^^^^^^^^^^^^^^^^^^^^^^^^^^^
  File "D:\coding\date_spider\.venv\Lib\site-packages\requests\sessions.py", line 703, in send
    r = adapter.send(request, **kwargs)
        ^^^^^^^^^^^^^^^^^^^^^^^^^^^^^^^
  File "D:\coding\date_spider\.venv\Lib\site-packages\requests\adapters.py", line 698, in send
    raise SSLError(e, request=request)
requests.exceptions.SSLError: HTTPSConnectionPool(host='cryptotradingcafe.com', port=443): Max retries exceeded with url: /13145/ (Caused by SSLError(SSLEOFError(8, 'EOF occurred in violation of protocol (_ssl.c:1002)')))
2025-06-02 15:28:41,766 - cryptotradingcafe - WARNING - 爬取失败，记录错误：https://cryptotradingcafe.com/13145/
2025-06-02 15:28:41,769 - cryptotradingcafe - INFO - 请求页面：https://cryptotradingcafe.com/page/6
2025-06-02 15:28:42,055 - cryptotradingcafe - ERROR - 请求页面失败：https://cryptotradingcafe.com/page/6
urllib3.exceptions.SSLError: EOF occurred in violation of protocol (_ssl.c:1002)

The above exception was the direct cause of the following exception:

Traceback (most recent call last):
  File "D:\coding\date_spider\.venv\Lib\site-packages\requests\adapters.py", line 667, in send
    resp = conn.urlopen(
           ^^^^^^^^^^^^^
  File "D:\coding\date_spider\.venv\Lib\site-packages\urllib3\connectionpool.py", line 841, in urlopen
    retries = retries.increment(
              ^^^^^^^^^^^^^^^^^^
  File "D:\coding\date_spider\.venv\Lib\site-packages\urllib3\util\retry.py", line 519, in increment
    raise MaxRetryError(_pool, url, reason) from reason  # type: ignore[arg-type]
    ^^^^^^^^^^^^^^^^^^^^^^^^^^^^^^^^^^^^^^^^^^^^^^^^^^^
urllib3.exceptions.MaxRetryError: HTTPSConnectionPool(host='cryptotradingcafe.com', port=443): Max retries exceeded with url: /page/6 (Caused by SSLError(SSLEOFError(8, 'EOF occurred in violation of protocol (_ssl.c:1002)')))

During handling of the above exception, another exception occurred:

Traceback (most recent call last):
  File "D:\coding\date_spider\crawler\spider_cryptotradingcafe.py", line 73, in crawl
    response = requests.get(page_url, headers=headers, timeout=10)
               ^^^^^^^^^^^^^^^^^^^^^^^^^^^^^^^^^^^^^^^^^^^^^^^^^^^
  File "D:\coding\date_spider\.venv\Lib\site-packages\requests\api.py", line 73, in get
    return request("get", url, params=params, **kwargs)
           ^^^^^^^^^^^^^^^^^^^^^^^^^^^^^^^^^^^^^^^^^^^^
  File "D:\coding\date_spider\.venv\Lib\site-packages\requests\api.py", line 59, in request
    return session.request(method=method, url=url, **kwargs)
           ^^^^^^^^^^^^^^^^^^^^^^^^^^^^^^^^^^^^^^^^^^^^^^^^^
  File "D:\coding\date_spider\.venv\Lib\site-packages\requests\sessions.py", line 589, in request
    resp = self.send(prep, **send_kwargs)
           ^^^^^^^^^^^^^^^^^^^^^^^^^^^^^^
  File "D:\coding\date_spider\.venv\Lib\site-packages\requests\sessions.py", line 703, in send
    r = adapter.send(request, **kwargs)
        ^^^^^^^^^^^^^^^^^^^^^^^^^^^^^^^
  File "D:\coding\date_spider\.venv\Lib\site-packages\requests\adapters.py", line 698, in send
    raise SSLError(e, request=request)
requests.exceptions.SSLError: HTTPSConnectionPool(host='cryptotradingcafe.com', port=443): Max retries exceeded with url: /page/6 (Caused by SSLError(SSLEOFError(8, 'EOF occurred in violation of protocol (_ssl.c:1002)')))
2025-06-02 15:28:42,060 - cryptotradingcafe - INFO - 请求页面：https://cryptotradingcafe.com/page/7
2025-06-02 15:28:42,514 - cryptotradingcafe - ERROR - 请求页面失败：https://cryptotradingcafe.com/page/7
urllib3.exceptions.SSLError: EOF occurred in violation of protocol (_ssl.c:1002)

The above exception was the direct cause of the following exception:

Traceback (most recent call last):
  File "D:\coding\date_spider\.venv\Lib\site-packages\requests\adapters.py", line 667, in send
    resp = conn.urlopen(
           ^^^^^^^^^^^^^
  File "D:\coding\date_spider\.venv\Lib\site-packages\urllib3\connectionpool.py", line 841, in urlopen
    retries = retries.increment(
              ^^^^^^^^^^^^^^^^^^
  File "D:\coding\date_spider\.venv\Lib\site-packages\urllib3\util\retry.py", line 519, in increment
    raise MaxRetryError(_pool, url, reason) from reason  # type: ignore[arg-type]
    ^^^^^^^^^^^^^^^^^^^^^^^^^^^^^^^^^^^^^^^^^^^^^^^^^^^
urllib3.exceptions.MaxRetryError: HTTPSConnectionPool(host='cryptotradingcafe.com', port=443): Max retries exceeded with url: /page/7 (Caused by SSLError(SSLEOFError(8, 'EOF occurred in violation of protocol (_ssl.c:1002)')))

During handling of the above exception, another exception occurred:

Traceback (most recent call last):
  File "D:\coding\date_spider\crawler\spider_cryptotradingcafe.py", line 73, in crawl
    response = requests.get(page_url, headers=headers, timeout=10)
               ^^^^^^^^^^^^^^^^^^^^^^^^^^^^^^^^^^^^^^^^^^^^^^^^^^^
  File "D:\coding\date_spider\.venv\Lib\site-packages\requests\api.py", line 73, in get
    return request("get", url, params=params, **kwargs)
           ^^^^^^^^^^^^^^^^^^^^^^^^^^^^^^^^^^^^^^^^^^^^
  File "D:\coding\date_spider\.venv\Lib\site-packages\requests\api.py", line 59, in request
    return session.request(method=method, url=url, **kwargs)
           ^^^^^^^^^^^^^^^^^^^^^^^^^^^^^^^^^^^^^^^^^^^^^^^^^
  File "D:\coding\date_spider\.venv\Lib\site-packages\requests\sessions.py", line 589, in request
    resp = self.send(prep, **send_kwargs)
           ^^^^^^^^^^^^^^^^^^^^^^^^^^^^^^
  File "D:\coding\date_spider\.venv\Lib\site-packages\requests\sessions.py", line 703, in send
    r = adapter.send(request, **kwargs)
        ^^^^^^^^^^^^^^^^^^^^^^^^^^^^^^^
  File "D:\coding\date_spider\.venv\Lib\site-packages\requests\adapters.py", line 698, in send
    raise SSLError(e, request=request)
requests.exceptions.SSLError: HTTPSConnectionPool(host='cryptotradingcafe.com', port=443): Max retries exceeded with url: /page/7 (Caused by SSLError(SSLEOFError(8, 'EOF occurred in violation of protocol (_ssl.c:1002)')))
2025-06-02 15:28:42,518 - cryptotradingcafe - INFO - 请求页面：https://cryptotradingcafe.com/page/8
2025-06-02 15:28:42,813 - cryptotradingcafe - ERROR - 请求页面失败：https://cryptotradingcafe.com/page/8
urllib3.exceptions.SSLError: EOF occurred in violation of protocol (_ssl.c:1002)

The above exception was the direct cause of the following exception:

Traceback (most recent call last):
  File "D:\coding\date_spider\.venv\Lib\site-packages\requests\adapters.py", line 667, in send
    resp = conn.urlopen(
           ^^^^^^^^^^^^^
  File "D:\coding\date_spider\.venv\Lib\site-packages\urllib3\connectionpool.py", line 841, in urlopen
    retries = retries.increment(
              ^^^^^^^^^^^^^^^^^^
  File "D:\coding\date_spider\.venv\Lib\site-packages\urllib3\util\retry.py", line 519, in increment
    raise MaxRetryError(_pool, url, reason) from reason  # type: ignore[arg-type]
    ^^^^^^^^^^^^^^^^^^^^^^^^^^^^^^^^^^^^^^^^^^^^^^^^^^^
urllib3.exceptions.MaxRetryError: HTTPSConnectionPool(host='cryptotradingcafe.com', port=443): Max retries exceeded with url: /page/8 (Caused by SSLError(SSLEOFError(8, 'EOF occurred in violation of protocol (_ssl.c:1002)')))

During handling of the above exception, another exception occurred:

Traceback (most recent call last):
  File "D:\coding\date_spider\crawler\spider_cryptotradingcafe.py", line 73, in crawl
    response = requests.get(page_url, headers=headers, timeout=10)
               ^^^^^^^^^^^^^^^^^^^^^^^^^^^^^^^^^^^^^^^^^^^^^^^^^^^
  File "D:\coding\date_spider\.venv\Lib\site-packages\requests\api.py", line 73, in get
    return request("get", url, params=params, **kwargs)
           ^^^^^^^^^^^^^^^^^^^^^^^^^^^^^^^^^^^^^^^^^^^^
  File "D:\coding\date_spider\.venv\Lib\site-packages\requests\api.py", line 59, in request
    return session.request(method=method, url=url, **kwargs)
           ^^^^^^^^^^^^^^^^^^^^^^^^^^^^^^^^^^^^^^^^^^^^^^^^^
  File "D:\coding\date_spider\.venv\Lib\site-packages\requests\sessions.py", line 589, in request
    resp = self.send(prep, **send_kwargs)
           ^^^^^^^^^^^^^^^^^^^^^^^^^^^^^^
  File "D:\coding\date_spider\.venv\Lib\site-packages\requests\sessions.py", line 703, in send
    r = adapter.send(request, **kwargs)
        ^^^^^^^^^^^^^^^^^^^^^^^^^^^^^^^
  File "D:\coding\date_spider\.venv\Lib\site-packages\requests\adapters.py", line 698, in send
    raise SSLError(e, request=request)
requests.exceptions.SSLError: HTTPSConnectionPool(host='cryptotradingcafe.com', port=443): Max retries exceeded with url: /page/8 (Caused by SSLError(SSLEOFError(8, 'EOF occurred in violation of protocol (_ssl.c:1002)')))
2025-06-02 15:28:42,817 - cryptotradingcafe - INFO - 请求页面：https://cryptotradingcafe.com/page/9
2025-06-02 15:28:43,736 - cryptotradingcafe - ERROR - 解析文章失败：https://cryptotradingcafe.com/10098/
urllib3.exceptions.SSLError: EOF occurred in violation of protocol (_ssl.c:1002)

The above exception was the direct cause of the following exception:

Traceback (most recent call last):
  File "D:\coding\date_spider\.venv\Lib\site-packages\requests\adapters.py", line 667, in send
    resp = conn.urlopen(
           ^^^^^^^^^^^^^
  File "D:\coding\date_spider\.venv\Lib\site-packages\urllib3\connectionpool.py", line 841, in urlopen
    retries = retries.increment(
              ^^^^^^^^^^^^^^^^^^
  File "D:\coding\date_spider\.venv\Lib\site-packages\urllib3\util\retry.py", line 519, in increment
    raise MaxRetryError(_pool, url, reason) from reason  # type: ignore[arg-type]
    ^^^^^^^^^^^^^^^^^^^^^^^^^^^^^^^^^^^^^^^^^^^^^^^^^^^
urllib3.exceptions.MaxRetryError: HTTPSConnectionPool(host='cryptotradingcafe.com', port=443): Max retries exceeded with url: /10098/ (Caused by SSLError(SSLEOFError(8, 'EOF occurred in violation of protocol (_ssl.c:1002)')))

During handling of the above exception, another exception occurred:

Traceback (most recent call last):
  File "D:\coding\date_spider\crawler\spider_cryptotradingcafe.py", line 31, in article_get
    response = requests.get(url, headers=headers, timeout=10)
               ^^^^^^^^^^^^^^^^^^^^^^^^^^^^^^^^^^^^^^^^^^^^^^
  File "D:\coding\date_spider\.venv\Lib\site-packages\requests\api.py", line 73, in get
    return request("get", url, params=params, **kwargs)
           ^^^^^^^^^^^^^^^^^^^^^^^^^^^^^^^^^^^^^^^^^^^^
  File "D:\coding\date_spider\.venv\Lib\site-packages\requests\api.py", line 59, in request
    return session.request(method=method, url=url, **kwargs)
           ^^^^^^^^^^^^^^^^^^^^^^^^^^^^^^^^^^^^^^^^^^^^^^^^^
  File "D:\coding\date_spider\.venv\Lib\site-packages\requests\sessions.py", line 589, in request
    resp = self.send(prep, **send_kwargs)
           ^^^^^^^^^^^^^^^^^^^^^^^^^^^^^^
  File "D:\coding\date_spider\.venv\Lib\site-packages\requests\sessions.py", line 703, in send
    r = adapter.send(request, **kwargs)
        ^^^^^^^^^^^^^^^^^^^^^^^^^^^^^^^
  File "D:\coding\date_spider\.venv\Lib\site-packages\requests\adapters.py", line 698, in send
    raise SSLError(e, request=request)
requests.exceptions.SSLError: HTTPSConnectionPool(host='cryptotradingcafe.com', port=443): Max retries exceeded with url: /10098/ (Caused by SSLError(SSLEOFError(8, 'EOF occurred in violation of protocol (_ssl.c:1002)')))
2025-06-02 15:28:43,738 - cryptotradingcafe - WARNING - 爬取失败，记录错误：https://cryptotradingcafe.com/10098/
2025-06-02 15:28:44,201 - cryptotradingcafe - ERROR - 解析文章失败：https://cryptotradingcafe.com/10445/
urllib3.exceptions.SSLError: EOF occurred in violation of protocol (_ssl.c:1002)

The above exception was the direct cause of the following exception:

Traceback (most recent call last):
  File "D:\coding\date_spider\.venv\Lib\site-packages\requests\adapters.py", line 667, in send
    resp = conn.urlopen(
           ^^^^^^^^^^^^^
  File "D:\coding\date_spider\.venv\Lib\site-packages\urllib3\connectionpool.py", line 841, in urlopen
    retries = retries.increment(
              ^^^^^^^^^^^^^^^^^^
  File "D:\coding\date_spider\.venv\Lib\site-packages\urllib3\util\retry.py", line 519, in increment
    raise MaxRetryError(_pool, url, reason) from reason  # type: ignore[arg-type]
    ^^^^^^^^^^^^^^^^^^^^^^^^^^^^^^^^^^^^^^^^^^^^^^^^^^^
urllib3.exceptions.MaxRetryError: HTTPSConnectionPool(host='cryptotradingcafe.com', port=443): Max retries exceeded with url: /10445/ (Caused by SSLError(SSLEOFError(8, 'EOF occurred in violation of protocol (_ssl.c:1002)')))

During handling of the above exception, another exception occurred:

Traceback (most recent call last):
  File "D:\coding\date_spider\crawler\spider_cryptotradingcafe.py", line 31, in article_get
    response = requests.get(url, headers=headers, timeout=10)
               ^^^^^^^^^^^^^^^^^^^^^^^^^^^^^^^^^^^^^^^^^^^^^^
  File "D:\coding\date_spider\.venv\Lib\site-packages\requests\api.py", line 73, in get
    return request("get", url, params=params, **kwargs)
           ^^^^^^^^^^^^^^^^^^^^^^^^^^^^^^^^^^^^^^^^^^^^
  File "D:\coding\date_spider\.venv\Lib\site-packages\requests\api.py", line 59, in request
    return session.request(method=method, url=url, **kwargs)
           ^^^^^^^^^^^^^^^^^^^^^^^^^^^^^^^^^^^^^^^^^^^^^^^^^
  File "D:\coding\date_spider\.venv\Lib\site-packages\requests\sessions.py", line 589, in request
    resp = self.send(prep, **send_kwargs)
           ^^^^^^^^^^^^^^^^^^^^^^^^^^^^^^
  File "D:\coding\date_spider\.venv\Lib\site-packages\requests\sessions.py", line 703, in send
    r = adapter.send(request, **kwargs)
        ^^^^^^^^^^^^^^^^^^^^^^^^^^^^^^^
  File "D:\coding\date_spider\.venv\Lib\site-packages\requests\adapters.py", line 698, in send
    raise SSLError(e, request=request)
requests.exceptions.SSLError: HTTPSConnectionPool(host='cryptotradingcafe.com', port=443): Max retries exceeded with url: /10445/ (Caused by SSLError(SSLEOFError(8, 'EOF occurred in violation of protocol (_ssl.c:1002)')))
2025-06-02 15:28:44,203 - cryptotradingcafe - WARNING - 爬取失败，记录错误：https://cryptotradingcafe.com/10445/
2025-06-02 15:28:44,623 - cryptotradingcafe - ERROR - 解析文章失败：https://cryptotradingcafe.com/10418/
urllib3.exceptions.SSLError: EOF occurred in violation of protocol (_ssl.c:1002)

The above exception was the direct cause of the following exception:

Traceback (most recent call last):
  File "D:\coding\date_spider\.venv\Lib\site-packages\requests\adapters.py", line 667, in send
    resp = conn.urlopen(
           ^^^^^^^^^^^^^
  File "D:\coding\date_spider\.venv\Lib\site-packages\urllib3\connectionpool.py", line 841, in urlopen
    retries = retries.increment(
              ^^^^^^^^^^^^^^^^^^
  File "D:\coding\date_spider\.venv\Lib\site-packages\urllib3\util\retry.py", line 519, in increment
    raise MaxRetryError(_pool, url, reason) from reason  # type: ignore[arg-type]
    ^^^^^^^^^^^^^^^^^^^^^^^^^^^^^^^^^^^^^^^^^^^^^^^^^^^
urllib3.exceptions.MaxRetryError: HTTPSConnectionPool(host='cryptotradingcafe.com', port=443): Max retries exceeded with url: /10418/ (Caused by SSLError(SSLEOFError(8, 'EOF occurred in violation of protocol (_ssl.c:1002)')))

During handling of the above exception, another exception occurred:

Traceback (most recent call last):
  File "D:\coding\date_spider\crawler\spider_cryptotradingcafe.py", line 31, in article_get
    response = requests.get(url, headers=headers, timeout=10)
               ^^^^^^^^^^^^^^^^^^^^^^^^^^^^^^^^^^^^^^^^^^^^^^
  File "D:\coding\date_spider\.venv\Lib\site-packages\requests\api.py", line 73, in get
    return request("get", url, params=params, **kwargs)
           ^^^^^^^^^^^^^^^^^^^^^^^^^^^^^^^^^^^^^^^^^^^^
  File "D:\coding\date_spider\.venv\Lib\site-packages\requests\api.py", line 59, in request
    return session.request(method=method, url=url, **kwargs)
           ^^^^^^^^^^^^^^^^^^^^^^^^^^^^^^^^^^^^^^^^^^^^^^^^^
  File "D:\coding\date_spider\.venv\Lib\site-packages\requests\sessions.py", line 589, in request
    resp = self.send(prep, **send_kwargs)
           ^^^^^^^^^^^^^^^^^^^^^^^^^^^^^^
  File "D:\coding\date_spider\.venv\Lib\site-packages\requests\sessions.py", line 703, in send
    r = adapter.send(request, **kwargs)
        ^^^^^^^^^^^^^^^^^^^^^^^^^^^^^^^
  File "D:\coding\date_spider\.venv\Lib\site-packages\requests\adapters.py", line 698, in send
    raise SSLError(e, request=request)
requests.exceptions.SSLError: HTTPSConnectionPool(host='cryptotradingcafe.com', port=443): Max retries exceeded with url: /10418/ (Caused by SSLError(SSLEOFError(8, 'EOF occurred in violation of protocol (_ssl.c:1002)')))
2025-06-02 15:28:44,625 - cryptotradingcafe - WARNING - 爬取失败，记录错误：https://cryptotradingcafe.com/10418/
2025-06-02 15:28:45,444 - cryptotradingcafe - INFO - 成功解析文章：科普币圈稳定币，以及usdt是什么？
2025-06-02 15:28:46,306 - cryptotradingcafe - INFO - 成功解析文章：全球比特币交易平台排行，世界五大比特币交易所
2025-06-02 15:28:46,763 - cryptotradingcafe - ERROR - 解析文章失败：https://cryptotradingcafe.com/10152/
urllib3.exceptions.SSLError: EOF occurred in violation of protocol (_ssl.c:1002)

The above exception was the direct cause of the following exception:

Traceback (most recent call last):
  File "D:\coding\date_spider\.venv\Lib\site-packages\requests\adapters.py", line 667, in send
    resp = conn.urlopen(
           ^^^^^^^^^^^^^
  File "D:\coding\date_spider\.venv\Lib\site-packages\urllib3\connectionpool.py", line 841, in urlopen
    retries = retries.increment(
              ^^^^^^^^^^^^^^^^^^
  File "D:\coding\date_spider\.venv\Lib\site-packages\urllib3\util\retry.py", line 519, in increment
    raise MaxRetryError(_pool, url, reason) from reason  # type: ignore[arg-type]
    ^^^^^^^^^^^^^^^^^^^^^^^^^^^^^^^^^^^^^^^^^^^^^^^^^^^
urllib3.exceptions.MaxRetryError: HTTPSConnectionPool(host='cryptotradingcafe.com', port=443): Max retries exceeded with url: /10152/ (Caused by SSLError(SSLEOFError(8, 'EOF occurred in violation of protocol (_ssl.c:1002)')))

During handling of the above exception, another exception occurred:

Traceback (most recent call last):
  File "D:\coding\date_spider\crawler\spider_cryptotradingcafe.py", line 31, in article_get
    response = requests.get(url, headers=headers, timeout=10)
               ^^^^^^^^^^^^^^^^^^^^^^^^^^^^^^^^^^^^^^^^^^^^^^
  File "D:\coding\date_spider\.venv\Lib\site-packages\requests\api.py", line 73, in get
    return request("get", url, params=params, **kwargs)
           ^^^^^^^^^^^^^^^^^^^^^^^^^^^^^^^^^^^^^^^^^^^^
  File "D:\coding\date_spider\.venv\Lib\site-packages\requests\api.py", line 59, in request
    return session.request(method=method, url=url, **kwargs)
           ^^^^^^^^^^^^^^^^^^^^^^^^^^^^^^^^^^^^^^^^^^^^^^^^^
  File "D:\coding\date_spider\.venv\Lib\site-packages\requests\sessions.py", line 589, in request
    resp = self.send(prep, **send_kwargs)
           ^^^^^^^^^^^^^^^^^^^^^^^^^^^^^^
  File "D:\coding\date_spider\.venv\Lib\site-packages\requests\sessions.py", line 703, in send
    r = adapter.send(request, **kwargs)
        ^^^^^^^^^^^^^^^^^^^^^^^^^^^^^^^
  File "D:\coding\date_spider\.venv\Lib\site-packages\requests\adapters.py", line 698, in send
    raise SSLError(e, request=request)
requests.exceptions.SSLError: HTTPSConnectionPool(host='cryptotradingcafe.com', port=443): Max retries exceeded with url: /10152/ (Caused by SSLError(SSLEOFError(8, 'EOF occurred in violation of protocol (_ssl.c:1002)')))
2025-06-02 15:28:46,765 - cryptotradingcafe - WARNING - 爬取失败，记录错误：https://cryptotradingcafe.com/10152/
2025-06-02 15:28:46,766 - cryptotradingcafe - INFO - 请求页面：https://cryptotradingcafe.com/page/10
2025-06-02 15:28:48,099 - cryptotradingcafe - INFO - 成功解析文章：币圈资金费率套利教程
2025-06-02 15:28:48,708 - cryptotradingcafe - INFO - 成功解析文章：MEME模因币的底层逻辑
2025-06-02 15:28:50,054 - cryptotradingcafe - INFO - 成功解析文章：币圈大佬之BitMex创始人Arthur Hayes
2025-06-02 15:28:50,699 - cryptotradingcafe - INFO - 成功解析文章：频繁交易，即使挣钱也不快乐
2025-06-02 15:28:51,558 - cryptotradingcafe - INFO - 成功解析文章：Foresight—币圈常用媒体资讯新闻聚合网站
2025-06-02 15:28:52,110 - cryptotradingcafe - INFO - 成功解析文章：Uniswap大战SEC
2025-06-02 15:28:52,112 - cryptotradingcafe - INFO - 请求页面：https://cryptotradingcafe.com/page/11
2025-06-02 15:28:53,376 - cryptotradingcafe - INFO - 成功解析文章：聊聊币安刚上线的稳定币项目Ethena（ena）
2025-06-02 15:28:54,006 - cryptotradingcafe - INFO - 成功解析文章：推特X——炒币最重要的社交信息平台
2025-06-02 15:28:54,548 - cryptotradingcafe - INFO - 成功解析文章：解读大火的Eigenlayer
2025-06-02 15:28:55,199 - cryptotradingcafe - INFO - 成功解析文章：Dexscreener—查看一级市场早期代币信息的网站
2025-06-02 15:28:55,729 - cryptotradingcafe - INFO - 成功解析文章：使用revoke.cash来管理和撤销数字货币钱包的代币授权
2025-06-02 15:28:56,429 - cryptotradingcafe - INFO - 成功解析文章：bitmex交易所中国官网注册，输入邀请代码享30%手续费返佣
2025-06-02 15:28:56,432 - cryptotradingcafe - INFO - 请求页面：https://cryptotradingcafe.com/page/12
2025-06-02 15:28:57,675 - cryptotradingcafe - INFO - 成功解析文章：Defillama-defi数据聚合平台
2025-06-02 15:28:58,319 - cryptotradingcafe - INFO - 成功解析文章：Etherscan-最常用的以太坊的区块浏览器
2025-06-02 15:28:58,965 - cryptotradingcafe - INFO - 成功解析文章：小议Uniswap（uni）的护城河
2025-06-02 15:28:59,633 - cryptotradingcafe - INFO - 成功解析文章：Metamask-从浏览器插件起步的数字货币钱包
2025-06-02 15:29:00,175 - cryptotradingcafe - INFO - 成功解析文章：聊聊erc404项目pandora
2025-06-02 15:29:00,857 - cryptotradingcafe - INFO - 成功解析文章：Coingecko币虎-好用的加密货币信息汇总平台
2025-06-02 15:29:00,859 - cryptotradingcafe - INFO - 请求页面：https://cryptotradingcafe.com/page/13
2025-06-02 15:29:02,062 - cryptotradingcafe - INFO - 成功解析文章：聊聊技术分析的那些事儿
2025-06-02 15:29:02,729 - cryptotradingcafe - INFO - 成功解析文章：宏观经济真的在转好，对加密数字货币来说，到底什么是宏观？
2025-06-02 15:29:03,392 - cryptotradingcafe - INFO - 成功解析文章：如何研究新项目？
2025-06-02 15:29:04,089 - cryptotradingcafe - INFO - 成功解析文章：币圈选币剩者为王
2025-06-02 15:29:04,729 - cryptotradingcafe - INFO - 成功解析文章：币圈年年都有新机会，老一代投资者别老犯PTSD
2025-06-02 15:29:05,392 - cryptotradingcafe - INFO - 成功解析文章：传销是往下传播，比特币是往上“传销”
2025-06-02 15:29:05,394 - cryptotradingcafe - INFO - 请求页面：https://cryptotradingcafe.com/page/14
2025-06-02 15:29:06,615 - cryptotradingcafe - INFO - 成功解析文章：大三开始全职炒币 7 年，长期处于痛苦之中
2025-06-02 15:29:07,177 - cryptotradingcafe - INFO - 成功解析文章：就uni(uniswap)谈谈好应用不一定代表好代币
2025-06-02 15:29:07,949 - cryptotradingcafe - INFO - 成功解析文章：当你看好一个投资品，你应该投入多少本金？
2025-06-02 15:29:08,615 - cryptotradingcafe - INFO - 成功解析文章：现在是止损（止错）的好时机，学会止损是投资人生的必修课
2025-06-02 15:29:09,346 - cryptotradingcafe - INFO - 成功解析文章：币圈信息源头变迁史，从bitcointalk到twitter
2025-06-02 15:29:10,230 - cryptotradingcafe - INFO - 成功解析文章：加密叙事观察
2025-06-02 15:29:10,235 - cryptotradingcafe - INFO - 请求页面：https://cryptotradingcafe.com/page/15
2025-06-02 15:29:11,469 - cryptotradingcafe - INFO - 成功解析文章：熊市观察之Op生态
2025-06-02 15:29:12,403 - cryptotradingcafe - INFO - 成功解析文章：加密叙事与触发器
2025-06-02 15:29:13,032 - cryptotradingcafe - INFO - 成功解析文章：熊市观察三：Arb生态
2025-06-02 15:29:13,767 - cryptotradingcafe - INFO - 成功解析文章：那些上升的和下沉的币圈叙事
2025-06-02 15:29:14,467 - cryptotradingcafe - INFO - 成功解析文章：从手机操作系统的竞争历史判断以太坊不会一直垄断
2025-06-02 15:29:15,161 - cryptotradingcafe - INFO - 成功解析文章：熊市观察之LSD
2025-06-02 15:29:15,165 - cryptotradingcafe - INFO - 请求页面：https://cryptotradingcafe.com/page/16
2025-06-02 15:29:16,496 - cryptotradingcafe - INFO - 成功解析文章：千币笔记：VSP、BOND、ZKSP、MINA、MASK
2025-06-02 15:29:18,621 - cryptotradingcafe - INFO - 成功解析文章：比特币的安全模型经得起区块奖励减半的考验
2025-06-02 15:29:19,221 - cryptotradingcafe - INFO - 成功解析文章：千币笔记：QUICK、TEL、KLAY、GTC、MATIC、XCH
2025-06-02 15:29:19,934 - cryptotradingcafe - INFO - 成功解析文章：从估值计算角度来看以太坊ETH的合理价格区间
2025-06-02 15:29:20,642 - cryptotradingcafe - INFO - 成功解析文章：熊市观察之二
2025-06-02 15:29:21,220 - cryptotradingcafe - INFO - 成功解析文章：这波熊的观察和思考
2025-06-02 15:29:21,222 - cryptotradingcafe - INFO - 请求页面：https://cryptotradingcafe.com/page/17
2025-06-02 15:29:22,396 - cryptotradingcafe - INFO - 成功解析文章：千币笔记：DEXT，MBOX，Opensea，RARE，NFTB，DOGGY，YGG，NBA Top Shot，Meebits
2025-06-02 15:29:23,103 - cryptotradingcafe - INFO - 成功解析文章：炒币的人生没有厚度
2025-06-02 15:29:23,769 - cryptotradingcafe - INFO - 成功解析文章：你应该囤多少个比特币？囤多少可以fire财务自由退休？
2025-06-02 15:29:24,365 - cryptotradingcafe - INFO - 成功解析文章：千币笔记：BAKE，SLP，Autoglyphs，Cryptopunks，MLN，AXS
2025-06-02 15:29:24,913 - cryptotradingcafe - INFO - 成功解析文章：中心化交易所对DeFi拙劣的模仿，这是创新者的窘境吗？
2025-06-02 15:29:25,647 - cryptotradingcafe - INFO - 成功解析文章：如何使用私钥钱包安全保管比特币？私钥泄漏的5种常见原因
2025-06-02 15:29:25,648 - cryptotradingcafe - INFO - 请求页面：https://cryptotradingcafe.com/page/18
2025-06-02 15:29:27,032 - cryptotradingcafe - INFO - 成功解析文章：千币笔记：Loot，AGLD，zkSync，Starkware
2025-06-02 15:29:27,625 - cryptotradingcafe - INFO - 成功解析文章：千币笔记：APT，OP，ARB，APT，SUI
2025-06-02 15:29:28,295 - cryptotradingcafe - INFO - 成功解析文章：千币笔记：PEPE，ORDI，BLUR，MAV
2025-06-02 15:29:29,002 - cryptotradingcafe - INFO - 成功解析文章：比特币博弈论
2025-06-02 15:29:29,671 - cryptotradingcafe - INFO - 成功解析文章：千币笔记：TORN，ARMOR，EDEN，GRO，OHM，HEX，PSP
2025-06-02 15:29:30,358 - cryptotradingcafe - INFO - 成功解析文章：美SEC答复比特币现货ETF申请，长达86页
2025-06-02 15:29:30,360 - cryptotradingcafe - INFO - 请求页面：https://cryptotradingcafe.com/page/19
2025-06-02 15:29:31,974 - cryptotradingcafe - INFO - 成功解析文章：如何在币安使用traderwagon进行合约跟单
2025-06-02 15:29:32,730 - cryptotradingcafe - INFO - 成功解析文章：一文建立对web3的整体观感
2025-06-02 15:29:33,590 - cryptotradingcafe - INFO - 成功解析文章：炒币玩合约或山寨持续亏损，深陷负债怎么办？
2025-06-02 15:29:34,453 - cryptotradingcafe - INFO - 成功解析文章：新闻交易教学及科普
2025-06-02 15:29:35,231 - cryptotradingcafe - INFO - 成功解析文章：怎么申请discord频道的mod（管理员）
2025-06-02 15:29:36,135 - cryptotradingcafe - INFO - 成功解析文章：熊市老韭菜的过来之言
2025-06-02 15:29:36,144 - cryptotradingcafe - INFO - 请求页面：https://cryptotradingcafe.com/page/20
2025-06-02 15:29:37,630 - cryptotradingcafe - INFO - 成功解析文章：区块链三刀谈ftx交易所和ftt
2025-06-02 15:29:38,443 - cryptotradingcafe - INFO - 成功解析文章：区块链三刀的近期想法
2025-06-02 15:29:39,183 - cryptotradingcafe - INFO - 成功解析文章：2025年中国大陆用户火币HTX注册及实名认证教程
2025-06-02 15:29:40,088 - cryptotradingcafe - INFO - 成功解析文章：警惕账户迁移短信和谷歌搜索的虚假官网
2025-06-02 15:29:41,009 - cryptotradingcafe - INFO - 成功解析文章：分析下“币圈葫芦娃”的玩法
2025-06-02 15:29:41,991 - cryptotradingcafe - INFO - 成功解析文章：欢迎加入本站币圈炒币（比特币）电报交流群
2025-06-02 15:29:42,005 - cryptotradingcafe - INFO - 请求页面：https://cryptotradingcafe.com/page/21
2025-06-02 15:29:43,814 - cryptotradingcafe - INFO - 成功解析文章：本轮反弹行情复盘思考（2022年8月）
2025-06-02 15:29:44,474 - cryptotradingcafe - INFO - 成功解析文章：解决苹果手机使用币安遇到“欺骗性网站”警告
2025-06-02 15:29:45,752 - cryptotradingcafe - INFO - 成功解析文章：Defi协议代币投资思路之一：PE估值法
2025-06-02 15:29:45,902 - cryptotradingcafe - ERROR - 解析文章失败：https://cryptotradingcafe.com/5144/
urllib3.exceptions.SSLError: EOF occurred in violation of protocol (_ssl.c:1002)

The above exception was the direct cause of the following exception:

Traceback (most recent call last):
  File "D:\coding\date_spider\.venv\Lib\site-packages\requests\adapters.py", line 667, in send
    resp = conn.urlopen(
           ^^^^^^^^^^^^^
  File "D:\coding\date_spider\.venv\Lib\site-packages\urllib3\connectionpool.py", line 841, in urlopen
    retries = retries.increment(
              ^^^^^^^^^^^^^^^^^^
  File "D:\coding\date_spider\.venv\Lib\site-packages\urllib3\util\retry.py", line 519, in increment
    raise MaxRetryError(_pool, url, reason) from reason  # type: ignore[arg-type]
    ^^^^^^^^^^^^^^^^^^^^^^^^^^^^^^^^^^^^^^^^^^^^^^^^^^^
urllib3.exceptions.MaxRetryError: HTTPSConnectionPool(host='cryptotradingcafe.com', port=443): Max retries exceeded with url: /5144/ (Caused by SSLError(SSLEOFError(8, 'EOF occurred in violation of protocol (_ssl.c:1002)')))

During handling of the above exception, another exception occurred:

Traceback (most recent call last):
  File "D:\coding\date_spider\crawler\spider_cryptotradingcafe.py", line 31, in article_get
    response = requests.get(url, headers=headers, timeout=10)
               ^^^^^^^^^^^^^^^^^^^^^^^^^^^^^^^^^^^^^^^^^^^^^^
  File "D:\coding\date_spider\.venv\Lib\site-packages\requests\api.py", line 73, in get
    return request("get", url, params=params, **kwargs)
           ^^^^^^^^^^^^^^^^^^^^^^^^^^^^^^^^^^^^^^^^^^^^
  File "D:\coding\date_spider\.venv\Lib\site-packages\requests\api.py", line 59, in request
    return session.request(method=method, url=url, **kwargs)
           ^^^^^^^^^^^^^^^^^^^^^^^^^^^^^^^^^^^^^^^^^^^^^^^^^
  File "D:\coding\date_spider\.venv\Lib\site-packages\requests\sessions.py", line 589, in request
    resp = self.send(prep, **send_kwargs)
           ^^^^^^^^^^^^^^^^^^^^^^^^^^^^^^
  File "D:\coding\date_spider\.venv\Lib\site-packages\requests\sessions.py", line 703, in send
    r = adapter.send(request, **kwargs)
        ^^^^^^^^^^^^^^^^^^^^^^^^^^^^^^^
  File "D:\coding\date_spider\.venv\Lib\site-packages\requests\adapters.py", line 698, in send
    raise SSLError(e, request=request)
requests.exceptions.SSLError: HTTPSConnectionPool(host='cryptotradingcafe.com', port=443): Max retries exceeded with url: /5144/ (Caused by SSLError(SSLEOFError(8, 'EOF occurred in violation of protocol (_ssl.c:1002)')))
2025-06-02 15:29:45,914 - cryptotradingcafe - WARNING - 爬取失败，记录错误：https://cryptotradingcafe.com/5144/
2025-06-02 15:29:46,073 - cryptotradingcafe - ERROR - 解析文章失败：https://cryptotradingcafe.com/5046/
urllib3.exceptions.SSLError: EOF occurred in violation of protocol (_ssl.c:1002)

The above exception was the direct cause of the following exception:

Traceback (most recent call last):
  File "D:\coding\date_spider\.venv\Lib\site-packages\requests\adapters.py", line 667, in send
    resp = conn.urlopen(
           ^^^^^^^^^^^^^
  File "D:\coding\date_spider\.venv\Lib\site-packages\urllib3\connectionpool.py", line 841, in urlopen
    retries = retries.increment(
              ^^^^^^^^^^^^^^^^^^
  File "D:\coding\date_spider\.venv\Lib\site-packages\urllib3\util\retry.py", line 519, in increment
    raise MaxRetryError(_pool, url, reason) from reason  # type: ignore[arg-type]
    ^^^^^^^^^^^^^^^^^^^^^^^^^^^^^^^^^^^^^^^^^^^^^^^^^^^
urllib3.exceptions.MaxRetryError: HTTPSConnectionPool(host='cryptotradingcafe.com', port=443): Max retries exceeded with url: /5046/ (Caused by SSLError(SSLEOFError(8, 'EOF occurred in violation of protocol (_ssl.c:1002)')))

During handling of the above exception, another exception occurred:

Traceback (most recent call last):
  File "D:\coding\date_spider\crawler\spider_cryptotradingcafe.py", line 31, in article_get
    response = requests.get(url, headers=headers, timeout=10)
               ^^^^^^^^^^^^^^^^^^^^^^^^^^^^^^^^^^^^^^^^^^^^^^
  File "D:\coding\date_spider\.venv\Lib\site-packages\requests\api.py", line 73, in get
    return request("get", url, params=params, **kwargs)
           ^^^^^^^^^^^^^^^^^^^^^^^^^^^^^^^^^^^^^^^^^^^^
  File "D:\coding\date_spider\.venv\Lib\site-packages\requests\api.py", line 59, in request
    return session.request(method=method, url=url, **kwargs)
           ^^^^^^^^^^^^^^^^^^^^^^^^^^^^^^^^^^^^^^^^^^^^^^^^^
  File "D:\coding\date_spider\.venv\Lib\site-packages\requests\sessions.py", line 589, in request
    resp = self.send(prep, **send_kwargs)
           ^^^^^^^^^^^^^^^^^^^^^^^^^^^^^^
  File "D:\coding\date_spider\.venv\Lib\site-packages\requests\sessions.py", line 703, in send
    r = adapter.send(request, **kwargs)
        ^^^^^^^^^^^^^^^^^^^^^^^^^^^^^^^
  File "D:\coding\date_spider\.venv\Lib\site-packages\requests\adapters.py", line 698, in send
    raise SSLError(e, request=request)
requests.exceptions.SSLError: HTTPSConnectionPool(host='cryptotradingcafe.com', port=443): Max retries exceeded with url: /5046/ (Caused by SSLError(SSLEOFError(8, 'EOF occurred in violation of protocol (_ssl.c:1002)')))
2025-06-02 15:29:46,084 - cryptotradingcafe - WARNING - 爬取失败，记录错误：https://cryptotradingcafe.com/5046/
2025-06-02 15:29:46,283 - cryptotradingcafe - ERROR - 解析文章失败：https://cryptotradingcafe.com/5420/
urllib3.exceptions.SSLError: EOF occurred in violation of protocol (_ssl.c:1002)

The above exception was the direct cause of the following exception:

Traceback (most recent call last):
  File "D:\coding\date_spider\.venv\Lib\site-packages\requests\adapters.py", line 667, in send
    resp = conn.urlopen(
           ^^^^^^^^^^^^^
  File "D:\coding\date_spider\.venv\Lib\site-packages\urllib3\connectionpool.py", line 841, in urlopen
    retries = retries.increment(
              ^^^^^^^^^^^^^^^^^^
  File "D:\coding\date_spider\.venv\Lib\site-packages\urllib3\util\retry.py", line 519, in increment
    raise MaxRetryError(_pool, url, reason) from reason  # type: ignore[arg-type]
    ^^^^^^^^^^^^^^^^^^^^^^^^^^^^^^^^^^^^^^^^^^^^^^^^^^^
urllib3.exceptions.MaxRetryError: HTTPSConnectionPool(host='cryptotradingcafe.com', port=443): Max retries exceeded with url: /5420/ (Caused by SSLError(SSLEOFError(8, 'EOF occurred in violation of protocol (_ssl.c:1002)')))

During handling of the above exception, another exception occurred:

Traceback (most recent call last):
  File "D:\coding\date_spider\crawler\spider_cryptotradingcafe.py", line 31, in article_get
    response = requests.get(url, headers=headers, timeout=10)
               ^^^^^^^^^^^^^^^^^^^^^^^^^^^^^^^^^^^^^^^^^^^^^^
  File "D:\coding\date_spider\.venv\Lib\site-packages\requests\api.py", line 73, in get
    return request("get", url, params=params, **kwargs)
           ^^^^^^^^^^^^^^^^^^^^^^^^^^^^^^^^^^^^^^^^^^^^
  File "D:\coding\date_spider\.venv\Lib\site-packages\requests\api.py", line 59, in request
    return session.request(method=method, url=url, **kwargs)
           ^^^^^^^^^^^^^^^^^^^^^^^^^^^^^^^^^^^^^^^^^^^^^^^^^
  File "D:\coding\date_spider\.venv\Lib\site-packages\requests\sessions.py", line 589, in request
    resp = self.send(prep, **send_kwargs)
           ^^^^^^^^^^^^^^^^^^^^^^^^^^^^^^
  File "D:\coding\date_spider\.venv\Lib\site-packages\requests\sessions.py", line 703, in send
    r = adapter.send(request, **kwargs)
        ^^^^^^^^^^^^^^^^^^^^^^^^^^^^^^^
  File "D:\coding\date_spider\.venv\Lib\site-packages\requests\adapters.py", line 698, in send
    raise SSLError(e, request=request)
requests.exceptions.SSLError: HTTPSConnectionPool(host='cryptotradingcafe.com', port=443): Max retries exceeded with url: /5420/ (Caused by SSLError(SSLEOFError(8, 'EOF occurred in violation of protocol (_ssl.c:1002)')))
2025-06-02 15:29:46,295 - cryptotradingcafe - WARNING - 爬取失败，记录错误：https://cryptotradingcafe.com/5420/
2025-06-02 15:29:46,299 - cryptotradingcafe - INFO - 请求页面：https://cryptotradingcafe.com/page/22
2025-06-02 15:29:47,638 - cryptotradingcafe - INFO - 成功解析文章：区块链领域未来几年应关注的重点板块
2025-06-02 15:29:48,229 - cryptotradingcafe - INFO - 成功解析文章：比特币和以太坊的矿机关机币价怎么计算，怎么理解？
2025-06-02 15:29:48,822 - cryptotradingcafe - INFO - 成功解析文章：Bybit交易所中国大陆注册及kyc，输入邀请码享全网最高返佣优惠
2025-06-02 15:29:49,546 - cryptotradingcafe - INFO - 成功解析文章：Defi挖矿以及借贷对应的风险及规避措施
2025-06-02 15:29:50,207 - cryptotradingcafe - INFO - 成功解析文章：写在币圈低谷时-聊聊攀比带来的痛苦
2025-06-02 15:29:50,840 - cryptotradingcafe - INFO - 成功解析文章：Optimism投资研究报告
2025-06-02 15:29:50,844 - cryptotradingcafe - INFO - 请求页面：https://cryptotradingcafe.com/page/23
2025-06-02 15:29:52,182 - cryptotradingcafe - INFO - 成功解析文章：币安买币（使用）教程
2025-06-02 15:29:52,920 - cryptotradingcafe - INFO - 成功解析文章：算法稳定币luna（Terra）出问题了？UST脱钩暴雷？
2025-06-02 15:29:53,591 - cryptotradingcafe - INFO - 成功解析文章：如何从币安交易所提币
2025-06-02 15:29:54,298 - cryptotradingcafe - INFO - 成功解析文章：币安的U（USDT）本位永续合约介绍
2025-06-02 15:29:54,892 - cryptotradingcafe - INFO - 成功解析文章：科普限价单/市价单/限价止盈止损单/OCO订单下单方式
2025-06-02 15:29:55,552 - cryptotradingcafe - INFO - 成功解析文章：如何创建自己的数字货币钱包，以onekey为例
2025-06-02 15:29:55,555 - cryptotradingcafe - INFO - 请求页面：https://cryptotradingcafe.com/page/24
2025-06-02 15:29:56,950 - cryptotradingcafe - INFO - 成功解析文章：如何注册美区苹果apple id来下载币圈app？
2025-06-02 15:29:57,651 - cryptotradingcafe - INFO - 成功解析文章：DeFi流动性挖矿的常见安全风险与风控策略
2025-06-02 15:29:58,223 - cryptotradingcafe - INFO - 成功解析文章：币安现货合约交易手续费怎么算？手续费如何减免返还？
2025-06-02 15:29:58,819 - cryptotradingcafe - INFO - 成功解析文章：6年风雨路，从千万亏损到平常心
2025-06-02 15:29:59,555 - cryptotradingcafe - INFO - 成功解析文章：ENS域名注册/解析/买卖教程，4数/3字母/双拼价值分析
2025-06-02 15:30:00,282 - cryptotradingcafe - INFO - 成功解析文章：聊聊币安币（BNB）是什么，探讨下前景和价值
2025-06-02 15:30:00,285 - cryptotradingcafe - INFO - 请求页面：https://cryptotradingcafe.com/page/25
2025-06-02 15:30:01,915 - cryptotradingcafe - INFO - 成功解析文章：OpenSea-最大的NFT交易平台研报
2025-06-02 15:30:02,602 - cryptotradingcafe - INFO - 成功解析文章：定投比特币靠谱吗？该用什么定投策略？
2025-06-02 15:30:03,424 - cryptotradingcafe - INFO - 成功解析文章：Stepn（gmt币）深度投研报告
2025-06-02 15:30:04,123 - cryptotradingcafe - INFO - 成功解析文章：热门扩容方案Arbitrum研报
2025-06-02 15:30:04,691 - cryptotradingcafe - INFO - 成功解析文章：对加密货币未来4年的行情预测
2025-06-02 15:30:05,259 - cryptotradingcafe - INFO - 成功解析文章：聊聊网格交易策略，以币安的网格交易功能为例
2025-06-02 15:30:05,260 - cryptotradingcafe - INFO - 请求页面：https://cryptotradingcafe.com/page/26
2025-06-02 15:30:06,549 - cryptotradingcafe - INFO - 成功解析文章：币安KYC身份认证教程
2025-06-02 15:30:07,295 - cryptotradingcafe - INFO - 成功解析文章：【2025全网最强】币安合约邀请码cafe,享币安返佣40%-50%
2025-06-02 15:30:07,966 - cryptotradingcafe - INFO - 成功解析文章：无聊猿游艇俱乐部（Bored Ape Yacht Club，即“BAYC”）研究报告（下）：代币经济与市场竞争
2025-06-02 15:30:08,614 - cryptotradingcafe - INFO - 成功解析文章：聊聊众筹平台juicebox
2025-06-02 15:30:09,345 - cryptotradingcafe - INFO - 成功解析文章：无聊猿游艇俱乐部（Bored Ape Yacht Club，即“BAYC”）研究报告（上）：项目详解与发展过程
2025-06-02 15:30:09,979 - cryptotradingcafe - INFO - 成功解析文章：Defi挖矿时使用FTX交易所借币和套保
2025-06-02 15:30:09,979 - cryptotradingcafe - INFO - 请求页面：https://cryptotradingcafe.com/page/27
2025-06-02 15:30:11,128 - cryptotradingcafe - INFO - 成功解析文章：【全网最高】欧易OKX注册教程，使用邀请码cafe888享手续费返佣
2025-06-02 15:30:11,663 - cryptotradingcafe - INFO - 成功解析文章：科普比特币合约，永续合约和比特币爆仓
2025-06-02 15:30:12,229 - cryptotradingcafe - INFO - 成功解析文章：大陆如何下载币安交易所app？
2025-06-02 15:30:12,826 - cryptotradingcafe - INFO - 成功解析文章：​到底什么价格，什么时候适合抄底比特币
2025-06-02 15:30:13,393 - cryptotradingcafe - INFO - 成功解析文章：币安是哪个国家的？币安总部在哪？
2025-06-02 15:30:13,966 - cryptotradingcafe - INFO - 成功解析文章：炒虚拟货币OTC出金usdt遇到黑钱冻卡怎么办？
2025-06-02 15:30:13,968 - cryptotradingcafe - INFO - 请求页面：https://cryptotradingcafe.com/page/28
2025-06-02 15:30:15,299 - cryptotradingcafe - INFO - 成功解析文章：一颗在币圈活着的老韭菜自白
2025-06-02 15:30:15,963 - cryptotradingcafe - INFO - 成功解析文章：imToken钱包官网下载，小心假官网诈骗
2025-06-02 15:30:16,708 - cryptotradingcafe - INFO - 成功解析文章：Bitfrog（原“合约帝”）实盘跟单软件
2025-06-02 15:30:17,264 - cryptotradingcafe - INFO - 成功解析文章：聊聊币圈的套利交易
2025-06-02 15:30:17,965 - cryptotradingcafe - INFO - 成功解析文章：币安怎么支付宝充值人民币？
2025-06-02 15:30:19,207 - cryptotradingcafe - INFO - 成功解析文章：一个研究生的一年币圈亏钱故事
2025-06-02 15:30:19,210 - cryptotradingcafe - INFO - 请求页面：https://cryptotradingcafe.com/page/29
2025-06-02 15:30:20,457 - cryptotradingcafe - INFO - 成功解析文章：小K的数字货币故事
2025-06-02 15:30:21,166 - cryptotradingcafe - INFO - 成功解析文章：就Ronin被盗聊聊“假如你是黑客怎么隐藏身份和洗币”
2025-06-02 15:30:22,081 - cryptotradingcafe - INFO - 成功解析文章：我个人投资Stepn（gmt币）的思路分享
2025-06-02 15:30:22,790 - cryptotradingcafe - INFO - 成功解析文章：矿工的角度浅谈FIL（Filecoin文件币）的价格和前景
2025-06-02 15:30:23,640 - cryptotradingcafe - INFO - 成功解析文章：币圈比特币和山寨行情轮动规律
2025-06-02 15:30:24,463 - cryptotradingcafe - INFO - 成功解析文章：【科普】为什么使用defi产品前会有approve这么多余的操作？
2025-06-02 15:30:24,468 - cryptotradingcafe - INFO - 请求页面：https://cryptotradingcafe.com/page/30
2025-06-02 15:30:25,665 - cryptotradingcafe - INFO - 成功解析文章：火币不能用了怎么办？火币清退中国大陆用户怎么办？
2025-06-02 15:30:26,205 - cryptotradingcafe - INFO - 成功解析文章：币安服务受限地区怎么解决？美国可以使用币安吗？
2025-06-02 15:30:26,791 - cryptotradingcafe - INFO - 成功解析文章：NFT收藏品赛道报告（上）：前言和赛道详解
2025-06-02 15:30:27,455 - cryptotradingcafe - INFO - 成功解析文章：币安合法吗？靠谱安全吗？
2025-06-02 15:30:28,089 - cryptotradingcafe - INFO - 成功解析文章：如何炒币？该买什么币？加密货币投资逻辑解析
2025-06-02 15:30:28,740 - cryptotradingcafe - INFO - 成功解析文章：NFT收藏品赛道报告（下）：未来发展与投资注意问题
2025-06-02 15:30:28,741 - cryptotradingcafe - INFO - 请求页面：https://cryptotradingcafe.com/page/31
2025-06-02 15:30:30,180 - cryptotradingcafe - INFO - 成功解析文章：使用“突破”来交易
2025-06-02 15:30:30,700 - cryptotradingcafe - INFO - 成功解析文章：专业的中文币圈社区和论坛推荐
2025-06-02 15:30:31,223 - cryptotradingcafe - INFO - 成功解析文章：币安中国能用吗？币安清退中国大陆用户怎么办？
2025-06-02 15:30:31,855 - cryptotradingcafe - INFO - 成功解析文章：技术分析里的“价格形态”
2025-06-02 15:30:32,512 - cryptotradingcafe - INFO - 成功解析文章：中国大陆如何用支付宝来人民币购买比特币等加密货币
2025-06-02 15:30:33,206 - cryptotradingcafe - INFO - 成功解析文章：中国大陆如何购买狗狗币？狗狗币和柴犬币（屎币）是什么？
2025-06-02 15:30:33,208 - cryptotradingcafe - INFO - 请求页面：https://cryptotradingcafe.com/page/32
2025-06-02 15:30:34,398 - cryptotradingcafe - INFO - 成功解析文章：趋势的定义和交易策略
2025-06-02 15:30:34,932 - cryptotradingcafe - INFO - 成功解析文章：支持中国大陆用户的虚拟货币交易所
2025-06-02 15:30:35,494 - cryptotradingcafe - INFO - 成功解析文章：币圈安全出金usdt，套现防黑钱方法
2025-06-02 15:30:36,279 - cryptotradingcafe - INFO - 成功解析文章：头肩顶和头肩底形态
2025-06-02 15:30:36,822 - cryptotradingcafe - INFO - 成功解析文章：急涨奔逃反转(Bump and Run Reversal)形态
2025-06-02 15:30:37,366 - cryptotradingcafe - INFO - 成功解析文章：币coin，币圈第一比特币合约高手实盘软件
2025-06-02 15:30:37,368 - cryptotradingcafe - INFO - 请求页面：https://cryptotradingcafe.com/page/33
2025-06-02 15:30:38,725 - cryptotradingcafe - INFO - 成功解析文章：斐波那契回撤和斐波那契扩展的使用
2025-06-02 15:30:39,414 - cryptotradingcafe - INFO - 成功解析文章：中国大陆Binance币安注册及身份认证教程(2025最新)
2025-06-02 15:30:40,107 - cryptotradingcafe - INFO - 成功解析文章：利用“杯柄形态”来交易
2025-06-02 15:30:40,659 - cryptotradingcafe - INFO - 成功解析文章：币安Binance，全球第一的数字货币交易所
2025-06-02 15:30:41,252 - cryptotradingcafe - INFO - 成功解析文章：交易中如何管理情绪
2025-06-02 15:30:41,897 - cryptotradingcafe - INFO - 成功解析文章：移动平均线（MA）的四种简单使用方式
2025-06-02 15:30:41,899 - cryptotradingcafe - INFO - 请求页面：https://cryptotradingcafe.com/page/34
2025-06-02 15:30:43,079 - cryptotradingcafe - INFO - 成功解析文章：比特皇，内功深厚的扫地僧
2025-06-02 15:30:43,654 - cryptotradingcafe - INFO - 成功解析文章：欧阳拽白，最牛多头
2025-06-02 15:30:44,288 - cryptotradingcafe - INFO - 成功解析文章：币圈凉兮，天才还是疯子？
2025-06-02 15:30:44,809 - cryptotradingcafe - INFO - 成功解析文章：从顶尖比特币合约交易员身上得到的六个启示
2025-06-02 15:30:46,244 - cryptotradingcafe - INFO - 成功解析文章：使用支撑和阻力来交易
2025-06-02 15:30:46,909 - cryptotradingcafe - INFO - 成功解析文章：肥宅比特币，一身是胆
2025-06-02 15:30:46,910 - cryptotradingcafe - INFO - 请求页面：https://cryptotradingcafe.com/page/35
2025-06-02 15:30:47,895 - cryptotradingcafe - INFO - 所有链接都已爬取，终止爬取。
2025-06-02 15:30:47,899 - cryptotradingcafe - INFO - 爬取任务完成
2025-06-02 17:44:29,550 - cryptotradingcafe - INFO - 已加载 0 条历史链接
2025-06-02 17:44:29,552 - cryptotradingcafe - INFO - 开始爬取 CryptoTradingCafe
2025-06-02 17:44:29,553 - cryptotradingcafe - INFO - 请求页面：https://cryptotradingcafe.com/page/1
2025-06-02 17:44:31,553 - cryptotradingcafe - INFO - 成功解析文章：熬鹰allincrypto，热度很高的二级带单大V
2025-06-02 17:44:32,226 - cryptotradingcafe - INFO - 成功解析文章：予与vkx，币圈新晋千万实盘大V
2025-06-02 17:44:32,905 - cryptotradingcafe - INFO - 成功解析文章：币安钱包TGE（代币生成活动）的打新攻略
2025-06-02 17:44:33,588 - cryptotradingcafe - INFO - 成功解析文章：如何用支付宝在币安和欧易使用人民币购买usdt
2025-06-02 17:44:34,285 - cryptotradingcafe - INFO - 成功解析文章：币圈实盘大V川沐（川沐第一个500U/川沐笔记）
2025-06-02 17:44:34,920 - cryptotradingcafe - INFO - 成功解析文章：Backpack背包交易所推荐码注册及实名认证教程，参与积分计划享平台币空投
2025-06-02 17:44:34,922 - cryptotradingcafe - INFO - 请求页面：https://cryptotradingcafe.com/page/2
2025-06-02 17:44:36,626 - cryptotradingcafe - INFO - 成功解析文章：通过刻意练习实现币圈交易的知行合一
2025-06-02 17:44:37,248 - cryptotradingcafe - INFO - 成功解析文章：币COIN实盘大户“先定10个大目标”
2025-06-02 17:44:37,743 - cryptotradingcafe - INFO - 成功解析文章：中文币圈最快的新闻源：方程式新闻
2025-06-02 17:44:38,384 - cryptotradingcafe - INFO - 成功解析文章：合约交易的仓位管理
2025-06-02 17:44:38,916 - cryptotradingcafe - INFO - 成功解析文章：方程式新闻创始人——知乎“00后富一代”vida
2025-06-02 17:44:39,602 - cryptotradingcafe - INFO - 成功解析文章：币安可以用护照认证吗？
2025-06-02 17:44:39,603 - cryptotradingcafe - INFO - 请求页面：https://cryptotradingcafe.com/page/3
2025-06-02 17:44:42,366 - cryptotradingcafe - INFO - 成功解析文章：不要成为全职交易员
2025-06-02 17:44:42,995 - cryptotradingcafe - INFO - 成功解析文章：如何进行趋势交易？
2025-06-02 17:44:43,630 - cryptotradingcafe - INFO - 成功解析文章：合约交易的盈亏比管理
2025-06-02 17:44:44,160 - cryptotradingcafe - INFO - 成功解析文章：什么是滚仓？合约如何滚仓（浮盈加仓）？
2025-06-02 17:44:44,665 - cryptotradingcafe - INFO - 成功解析文章：新手做不好止损的九大原因
2025-06-02 17:44:45,372 - cryptotradingcafe - INFO - 成功解析文章：新手交易常见问题之冲动盲目&暴富幻想
2025-06-02 17:44:45,373 - cryptotradingcafe - INFO - 请求页面：https://cryptotradingcafe.com/page/4
2025-06-02 17:44:47,457 - cryptotradingcafe - INFO - 成功解析文章：半木夏，从爆仓到5000万的逆袭之路
2025-06-02 17:44:48,039 - cryptotradingcafe - INFO - 成功解析文章：如何注销币安？重新注册币安拿40%手续费返佣
2025-06-02 17:44:48,564 - cryptotradingcafe - INFO - 成功解析文章：仓位管理之金字塔加减仓
2025-06-02 17:44:49,256 - cryptotradingcafe - INFO - 成功解析文章：PI币（Pi Network）是什么？注册欧易来交易PI币
2025-06-02 17:44:49,911 - cryptotradingcafe - INFO - 成功解析文章：币安和欧易对比，币安和欧易哪个更好？
2025-06-02 17:44:50,472 - cryptotradingcafe - INFO - 成功解析文章：如何使用币安的跟单交易来进行比特币合约跟单
2025-06-02 17:44:50,474 - cryptotradingcafe - INFO - 请求页面：https://cryptotradingcafe.com/page/5
2025-06-02 17:44:52,649 - cryptotradingcafe - INFO - 成功解析文章：币圈比特币永续合约怎么玩？合约赚钱技巧
2025-06-02 17:44:53,286 - cryptotradingcafe - INFO - 成功解析文章：什么是Desci
2025-06-02 17:44:53,909 - cryptotradingcafe - INFO - 成功解析文章：Trump Coin特朗普币（川普币）是什么？怎么买？
2025-06-02 17:44:54,603 - cryptotradingcafe - INFO - 成功解析文章：什么是AiAgent
2025-06-02 17:44:55,314 - cryptotradingcafe - INFO - 成功解析文章：以买MEME交易为例，新人最全的链上web3入门科普教程
2025-06-02 17:44:55,890 - cryptotradingcafe - INFO - 成功解析文章：最佳比特币看盘软件和币圈数字货币行情网站
2025-06-02 17:44:55,892 - cryptotradingcafe - INFO - 请求页面：https://cryptotradingcafe.com/page/6
2025-06-02 17:44:58,014 - cryptotradingcafe - INFO - 成功解析文章：币圈交易所手续费比较，哪个手续费最低？
2025-06-02 17:44:58,603 - cryptotradingcafe - INFO - 成功解析文章：币圈VIP付费社群聚合
2025-06-02 17:44:59,251 - cryptotradingcafe - INFO - 成功解析文章：币圈币安比特币VIP大客户A8A9俱乐部
2025-06-02 17:44:59,893 - cryptotradingcafe - INFO - 成功解析文章：整理了AI meme 相关币
2025-06-02 17:45:00,620 - cryptotradingcafe - INFO - 成功解析文章：跟对趋势做事，时间才能站在你这边
2025-06-02 17:45:01,273 - cryptotradingcafe - INFO - 成功解析文章：该买什么币？什么加密货币最有前景？
2025-06-02 17:45:01,275 - cryptotradingcafe - INFO - 请求页面：https://cryptotradingcafe.com/page/7
2025-06-02 17:45:03,380 - cryptotradingcafe - INFO - 成功解析文章：性价比最高的标的是比特币吗？个人建议的投资比例
2025-06-02 17:45:04,057 - cryptotradingcafe - INFO - 成功解析文章：2024年最火币coin合约实盘明星bit浪浪的心路历程
2025-06-02 17:45:04,763 - cryptotradingcafe - INFO - 成功解析文章：币圈的gas费（矿工费）是什么？
2025-06-02 17:45:05,458 - cryptotradingcafe - INFO - 成功解析文章：区块链常见骗局盘点：Plustoken钱包诈骗案件
2025-06-02 17:45:06,027 - cryptotradingcafe - INFO - 成功解析文章：什么是公链，它有什么用？
2025-06-02 17:45:06,607 - cryptotradingcafe - INFO - 成功解析文章：什么是铭文，什么是Brc20，为什么大多数铭文归零
2025-06-02 17:45:06,609 - cryptotradingcafe - INFO - 请求页面：https://cryptotradingcafe.com/page/8
2025-06-02 17:45:08,566 - cryptotradingcafe - INFO - 成功解析文章：币安官网打不开，网络无法访问怎么办？
2025-06-02 17:45:09,103 - cryptotradingcafe - INFO - 成功解析文章：中国大陆注册bitget交易所，邀请码bg1234享20%自动返佣
2025-06-02 17:45:09,764 - cryptotradingcafe - INFO - 成功解析文章：解析Ton公链生态的崛起及趋势
2025-06-02 17:45:10,445 - cryptotradingcafe - INFO - 成功解析文章：币圈空投airdrop是什么？
2025-06-02 17:48:25,370 - cryptotradingcafe - INFO - 已加载 0 条历史链接
2025-06-02 17:48:25,375 - cryptotradingcafe - INFO - 开始爬取 CryptoTradingCafe
2025-06-02 17:48:25,377 - cryptotradingcafe - INFO - 请求页面：https://cryptotradingcafe.com/page/1
2025-06-02 17:48:27,224 - cryptotradingcafe - INFO - 成功解析文章：熬鹰allincrypto，热度很高的二级带单大V
2025-06-02 17:48:27,961 - cryptotradingcafe - INFO - 成功解析文章：币安钱包TGE（代币生成活动）的打新攻略
2025-06-02 17:48:28,617 - cryptotradingcafe - INFO - 成功解析文章：予与vkx，币圈新晋千万实盘大V
2025-06-02 17:48:29,362 - cryptotradingcafe - INFO - 成功解析文章：币圈实盘大V川沐（川沐第一个500U/川沐笔记）
2025-06-02 17:48:30,009 - cryptotradingcafe - INFO - 成功解析文章：Backpack背包交易所推荐码注册及实名认证教程，参与积分计划享平台币空投
2025-06-02 17:48:30,697 - cryptotradingcafe - INFO - 成功解析文章：如何用支付宝在币安和欧易使用人民币购买usdt
2025-06-02 17:48:30,699 - cryptotradingcafe - INFO - 请求页面：https://cryptotradingcafe.com/page/2
2025-06-02 17:48:33,632 - cryptotradingcafe - INFO - 成功解析文章：币安可以用护照认证吗？
2025-06-02 17:48:35,397 - cryptotradingcafe - INFO - 成功解析文章：通过刻意练习实现币圈交易的知行合一
2025-06-02 17:48:36,138 - cryptotradingcafe - INFO - 成功解析文章：中文币圈最快的新闻源：方程式新闻
2025-06-02 17:48:36,825 - cryptotradingcafe - INFO - 成功解析文章：合约交易的仓位管理
2025-06-02 17:48:37,501 - cryptotradingcafe - INFO - 成功解析文章：币COIN实盘大户“先定10个大目标”
2025-06-02 17:48:38,175 - cryptotradingcafe - INFO - 成功解析文章：方程式新闻创始人——知乎“00后富一代”vida
2025-06-02 17:48:38,178 - cryptotradingcafe - INFO - 请求页面：https://cryptotradingcafe.com/page/3
2025-06-02 17:48:40,599 - cryptotradingcafe - INFO - 成功解析文章：不要成为全职交易员
2025-06-02 17:48:41,320 - cryptotradingcafe - INFO - 成功解析文章：合约交易的盈亏比管理
2025-06-02 17:48:42,446 - cryptotradingcafe - INFO - 成功解析文章：新手做不好止损的九大原因
2025-06-02 17:48:43,038 - cryptotradingcafe - INFO - 成功解析文章：什么是滚仓？合约如何滚仓（浮盈加仓）？
2025-06-02 17:48:43,703 - cryptotradingcafe - INFO - 成功解析文章：新手交易常见问题之冲动盲目&暴富幻想
2025-06-02 17:48:44,259 - cryptotradingcafe - INFO - 成功解析文章：如何进行趋势交易？
2025-06-02 17:48:44,261 - cryptotradingcafe - INFO - 请求页面：https://cryptotradingcafe.com/page/4
2025-06-02 17:48:46,627 - cryptotradingcafe - INFO - 成功解析文章：币安和欧易对比，币安和欧易哪个更好？
2025-06-02 17:48:47,594 - cryptotradingcafe - INFO - 成功解析文章：仓位管理之金字塔加减仓
2025-06-02 17:48:48,240 - cryptotradingcafe - INFO - 成功解析文章：PI币（Pi Network）是什么？注册欧易来交易PI币
2025-06-02 17:48:48,938 - cryptotradingcafe - INFO - 成功解析文章：半木夏，从爆仓到5000万的逆袭之路
2025-06-02 17:48:49,469 - cryptotradingcafe - INFO - 成功解析文章：如何使用币安的跟单交易来进行比特币合约跟单
2025-06-02 17:48:50,147 - cryptotradingcafe - INFO - 成功解析文章：如何注销币安？重新注册币安拿40%手续费返佣
2025-06-02 17:48:50,149 - cryptotradingcafe - INFO - 请求页面：https://cryptotradingcafe.com/page/5
2025-06-02 17:48:52,490 - cryptotradingcafe - INFO - 成功解析文章：什么是Desci
2025-06-02 17:48:53,210 - cryptotradingcafe - INFO - 成功解析文章：币圈比特币永续合约怎么玩？合约赚钱技巧
2025-06-02 17:48:54,436 - cryptotradingcafe - INFO - 成功解析文章：以买MEME交易为例，新人最全的链上web3入门科普教程
2025-06-02 17:48:55,177 - cryptotradingcafe - INFO - 成功解析文章：什么是AiAgent
2025-06-02 17:48:55,877 - cryptotradingcafe - INFO - 成功解析文章：最佳比特币看盘软件和币圈数字货币行情网站
2025-06-02 17:48:56,606 - cryptotradingcafe - INFO - 成功解析文章：Trump Coin特朗普币（川普币）是什么？怎么买？
2025-06-02 17:48:56,611 - cryptotradingcafe - INFO - 请求页面：https://cryptotradingcafe.com/page/6
2025-06-02 17:48:59,442 - cryptotradingcafe - INFO - 成功解析文章：该买什么币？什么加密货币最有前景？
2025-06-02 17:49:00,397 - cryptotradingcafe - INFO - 成功解析文章：币圈VIP付费社群聚合
2025-06-02 17:49:01,062 - cryptotradingcafe - INFO - 成功解析文章：币圈币安比特币VIP大客户A8A9俱乐部
2025-06-02 17:49:02,320 - cryptotradingcafe - INFO - 成功解析文章：币圈交易所手续费比较，哪个手续费最低？
2025-06-02 17:49:02,955 - cryptotradingcafe - INFO - 成功解析文章：跟对趋势做事，时间才能站在你这边
2025-06-02 17:49:03,640 - cryptotradingcafe - INFO - 成功解析文章：整理了AI meme 相关币
2025-06-02 17:49:03,642 - cryptotradingcafe - INFO - 请求页面：https://cryptotradingcafe.com/page/7
2025-06-02 17:49:05,822 - cryptotradingcafe - INFO - 成功解析文章：什么是公链，它有什么用？
2025-06-02 17:49:06,470 - cryptotradingcafe - INFO - 成功解析文章：区块链常见骗局盘点：Plustoken钱包诈骗案件
2025-06-02 17:49:07,041 - cryptotradingcafe - INFO - 成功解析文章：性价比最高的标的是比特币吗？个人建议的投资比例
2025-06-02 17:49:07,717 - cryptotradingcafe - INFO - 成功解析文章：2024年最火币coin合约实盘明星bit浪浪的心路历程
2025-06-02 17:49:08,456 - cryptotradingcafe - INFO - 成功解析文章：什么是铭文，什么是Brc20，为什么大多数铭文归零
2025-06-02 17:49:09,891 - cryptotradingcafe - INFO - 成功解析文章：币圈的gas费（矿工费）是什么？
2025-06-02 17:49:09,893 - cryptotradingcafe - INFO - 请求页面：https://cryptotradingcafe.com/page/8
2025-06-02 17:49:12,212 - cryptotradingcafe - INFO - 成功解析文章：华为手机如何下载安装币安？
2025-06-02 17:49:12,970 - cryptotradingcafe - INFO - 成功解析文章：币安官网打不开，网络无法访问怎么办？
2025-06-02 17:49:14,504 - cryptotradingcafe - INFO - 成功解析文章：什么是NFT？
2025-06-02 17:49:15,158 - cryptotradingcafe - INFO - 成功解析文章：币圈空投airdrop是什么？
2025-06-02 17:49:15,861 - cryptotradingcafe - INFO - 成功解析文章：中国大陆注册bitget交易所，邀请码bg1234享20%自动返佣
2025-06-02 17:49:16,037 - cryptotradingcafe - ERROR - 解析文章失败：https://cryptotradingcafe.com/10921/
urllib3.exceptions.SSLError: EOF occurred in violation of protocol (_ssl.c:1002)

The above exception was the direct cause of the following exception:

Traceback (most recent call last):
  File "D:\coding\date_spider\.venv\Lib\site-packages\requests\adapters.py", line 667, in send
    resp = conn.urlopen(
           ^^^^^^^^^^^^^
  File "D:\coding\date_spider\.venv\Lib\site-packages\urllib3\connectionpool.py", line 841, in urlopen
    retries = retries.increment(
              ^^^^^^^^^^^^^^^^^^
  File "D:\coding\date_spider\.venv\Lib\site-packages\urllib3\util\retry.py", line 519, in increment
    raise MaxRetryError(_pool, url, reason) from reason  # type: ignore[arg-type]
    ^^^^^^^^^^^^^^^^^^^^^^^^^^^^^^^^^^^^^^^^^^^^^^^^^^^
urllib3.exceptions.MaxRetryError: HTTPSConnectionPool(host='cryptotradingcafe.com', port=443): Max retries exceeded with url: /10921/ (Caused by SSLError(SSLEOFError(8, 'EOF occurred in violation of protocol (_ssl.c:1002)')))

During handling of the above exception, another exception occurred:

Traceback (most recent call last):
  File "D:\coding\date_spider\crawler\spider_cryptotradingcafe.py", line 31, in article_get
    response = requests.get(url, headers=headers, timeout=10)
               ^^^^^^^^^^^^^^^^^^^^^^^^^^^^^^^^^^^^^^^^^^^^^^
  File "D:\coding\date_spider\.venv\Lib\site-packages\requests\api.py", line 73, in get
    return request("get", url, params=params, **kwargs)
           ^^^^^^^^^^^^^^^^^^^^^^^^^^^^^^^^^^^^^^^^^^^^
  File "D:\coding\date_spider\.venv\Lib\site-packages\requests\api.py", line 59, in request
    return session.request(method=method, url=url, **kwargs)
           ^^^^^^^^^^^^^^^^^^^^^^^^^^^^^^^^^^^^^^^^^^^^^^^^^
  File "D:\coding\date_spider\.venv\Lib\site-packages\requests\sessions.py", line 589, in request
    resp = self.send(prep, **send_kwargs)
           ^^^^^^^^^^^^^^^^^^^^^^^^^^^^^^
  File "D:\coding\date_spider\.venv\Lib\site-packages\requests\sessions.py", line 703, in send
    r = adapter.send(request, **kwargs)
        ^^^^^^^^^^^^^^^^^^^^^^^^^^^^^^^
  File "D:\coding\date_spider\.venv\Lib\site-packages\requests\adapters.py", line 698, in send
    raise SSLError(e, request=request)
requests.exceptions.SSLError: HTTPSConnectionPool(host='cryptotradingcafe.com', port=443): Max retries exceeded with url: /10921/ (Caused by SSLError(SSLEOFError(8, 'EOF occurred in violation of protocol (_ssl.c:1002)')))
2025-06-02 17:49:16,042 - cryptotradingcafe - WARNING - 爬取失败，记录错误：https://cryptotradingcafe.com/10921/
2025-06-02 17:49:16,055 - cryptotradingcafe - INFO - 请求页面：https://cryptotradingcafe.com/page/9
2025-06-02 17:49:16,357 - cryptotradingcafe - ERROR - 请求页面失败：https://cryptotradingcafe.com/page/9
urllib3.exceptions.SSLError: EOF occurred in violation of protocol (_ssl.c:1002)

The above exception was the direct cause of the following exception:

Traceback (most recent call last):
  File "D:\coding\date_spider\.venv\Lib\site-packages\requests\adapters.py", line 667, in send
    resp = conn.urlopen(
           ^^^^^^^^^^^^^
  File "D:\coding\date_spider\.venv\Lib\site-packages\urllib3\connectionpool.py", line 841, in urlopen
    retries = retries.increment(
              ^^^^^^^^^^^^^^^^^^
  File "D:\coding\date_spider\.venv\Lib\site-packages\urllib3\util\retry.py", line 519, in increment
    raise MaxRetryError(_pool, url, reason) from reason  # type: ignore[arg-type]
    ^^^^^^^^^^^^^^^^^^^^^^^^^^^^^^^^^^^^^^^^^^^^^^^^^^^
urllib3.exceptions.MaxRetryError: HTTPSConnectionPool(host='cryptotradingcafe.com', port=443): Max retries exceeded with url: /page/9 (Caused by SSLError(SSLEOFError(8, 'EOF occurred in violation of protocol (_ssl.c:1002)')))

During handling of the above exception, another exception occurred:

Traceback (most recent call last):
  File "D:\coding\date_spider\crawler\spider_cryptotradingcafe.py", line 73, in crawl
    response = requests.get(page_url, headers=headers, timeout=10)
               ^^^^^^^^^^^^^^^^^^^^^^^^^^^^^^^^^^^^^^^^^^^^^^^^^^^
  File "D:\coding\date_spider\.venv\Lib\site-packages\requests\api.py", line 73, in get
    return request("get", url, params=params, **kwargs)
           ^^^^^^^^^^^^^^^^^^^^^^^^^^^^^^^^^^^^^^^^^^^^
  File "D:\coding\date_spider\.venv\Lib\site-packages\requests\api.py", line 59, in request
    return session.request(method=method, url=url, **kwargs)
           ^^^^^^^^^^^^^^^^^^^^^^^^^^^^^^^^^^^^^^^^^^^^^^^^^
  File "D:\coding\date_spider\.venv\Lib\site-packages\requests\sessions.py", line 589, in request
    resp = self.send(prep, **send_kwargs)
           ^^^^^^^^^^^^^^^^^^^^^^^^^^^^^^
  File "D:\coding\date_spider\.venv\Lib\site-packages\requests\sessions.py", line 703, in send
    r = adapter.send(request, **kwargs)
        ^^^^^^^^^^^^^^^^^^^^^^^^^^^^^^^
  File "D:\coding\date_spider\.venv\Lib\site-packages\requests\adapters.py", line 698, in send
    raise SSLError(e, request=request)
requests.exceptions.SSLError: HTTPSConnectionPool(host='cryptotradingcafe.com', port=443): Max retries exceeded with url: /page/9 (Caused by SSLError(SSLEOFError(8, 'EOF occurred in violation of protocol (_ssl.c:1002)')))
2025-06-02 17:49:16,366 - cryptotradingcafe - INFO - 请求页面：https://cryptotradingcafe.com/page/10
2025-06-02 17:49:18,394 - cryptotradingcafe - INFO - 成功解析文章：MEME模因币的底层逻辑
2025-06-02 17:49:19,043 - cryptotradingcafe - INFO - 成功解析文章：频繁交易，即使挣钱也不快乐
2025-06-02 17:49:19,800 - cryptotradingcafe - INFO - 成功解析文章：币圈资金费率套利教程
2025-06-02 17:49:20,649 - cryptotradingcafe - INFO - 成功解析文章：Uniswap大战SEC
2025-06-02 17:49:21,399 - cryptotradingcafe - INFO - 成功解析文章：Foresight—币圈常用媒体资讯新闻聚合网站
2025-06-02 17:49:22,246 - cryptotradingcafe - INFO - 成功解析文章：币圈大佬之BitMex创始人Arthur Hayes
2025-06-02 17:49:22,249 - cryptotradingcafe - INFO - 请求页面：https://cryptotradingcafe.com/page/11
2025-06-02 17:49:22,482 - cryptotradingcafe - ERROR - 请求页面失败：https://cryptotradingcafe.com/page/11
urllib3.exceptions.SSLError: EOF occurred in violation of protocol (_ssl.c:1002)

The above exception was the direct cause of the following exception:

Traceback (most recent call last):
  File "D:\coding\date_spider\.venv\Lib\site-packages\requests\adapters.py", line 667, in send
    resp = conn.urlopen(
           ^^^^^^^^^^^^^
  File "D:\coding\date_spider\.venv\Lib\site-packages\urllib3\connectionpool.py", line 841, in urlopen
    retries = retries.increment(
              ^^^^^^^^^^^^^^^^^^
  File "D:\coding\date_spider\.venv\Lib\site-packages\urllib3\util\retry.py", line 519, in increment
    raise MaxRetryError(_pool, url, reason) from reason  # type: ignore[arg-type]
    ^^^^^^^^^^^^^^^^^^^^^^^^^^^^^^^^^^^^^^^^^^^^^^^^^^^
urllib3.exceptions.MaxRetryError: HTTPSConnectionPool(host='cryptotradingcafe.com', port=443): Max retries exceeded with url: /page/11 (Caused by SSLError(SSLEOFError(8, 'EOF occurred in violation of protocol (_ssl.c:1002)')))

During handling of the above exception, another exception occurred:

Traceback (most recent call last):
  File "D:\coding\date_spider\crawler\spider_cryptotradingcafe.py", line 73, in crawl
    response = requests.get(page_url, headers=headers, timeout=10)
               ^^^^^^^^^^^^^^^^^^^^^^^^^^^^^^^^^^^^^^^^^^^^^^^^^^^
  File "D:\coding\date_spider\.venv\Lib\site-packages\requests\api.py", line 73, in get
    return request("get", url, params=params, **kwargs)
           ^^^^^^^^^^^^^^^^^^^^^^^^^^^^^^^^^^^^^^^^^^^^
  File "D:\coding\date_spider\.venv\Lib\site-packages\requests\api.py", line 59, in request
    return session.request(method=method, url=url, **kwargs)
           ^^^^^^^^^^^^^^^^^^^^^^^^^^^^^^^^^^^^^^^^^^^^^^^^^
  File "D:\coding\date_spider\.venv\Lib\site-packages\requests\sessions.py", line 589, in request
    resp = self.send(prep, **send_kwargs)
           ^^^^^^^^^^^^^^^^^^^^^^^^^^^^^^
  File "D:\coding\date_spider\.venv\Lib\site-packages\requests\sessions.py", line 703, in send
    r = adapter.send(request, **kwargs)
        ^^^^^^^^^^^^^^^^^^^^^^^^^^^^^^^
  File "D:\coding\date_spider\.venv\Lib\site-packages\requests\adapters.py", line 698, in send
    raise SSLError(e, request=request)
requests.exceptions.SSLError: HTTPSConnectionPool(host='cryptotradingcafe.com', port=443): Max retries exceeded with url: /page/11 (Caused by SSLError(SSLEOFError(8, 'EOF occurred in violation of protocol (_ssl.c:1002)')))
2025-06-02 17:49:22,487 - cryptotradingcafe - INFO - 请求页面：https://cryptotradingcafe.com/page/12
2025-06-02 17:49:25,126 - cryptotradingcafe - INFO - 成功解析文章：Coingecko币虎-好用的加密货币信息汇总平台
2025-06-02 17:49:25,762 - cryptotradingcafe - INFO - 成功解析文章：聊聊erc404项目pandora
2025-06-02 17:49:26,831 - cryptotradingcafe - INFO - 成功解析文章：Defillama-defi数据聚合平台
2025-06-02 17:49:27,480 - cryptotradingcafe - INFO - 成功解析文章：Etherscan-最常用的以太坊的区块浏览器
2025-06-02 17:49:28,176 - cryptotradingcafe - INFO - 成功解析文章：Metamask-从浏览器插件起步的数字货币钱包
2025-06-02 17:49:28,816 - cryptotradingcafe - INFO - 成功解析文章：小议Uniswap（uni）的护城河
2025-06-02 17:49:28,818 - cryptotradingcafe - INFO - 请求页面：https://cryptotradingcafe.com/page/13
2025-06-02 17:49:31,035 - cryptotradingcafe - INFO - 成功解析文章：宏观经济真的在转好，对加密数字货币来说，到底什么是宏观？
2025-06-02 17:49:31,965 - cryptotradingcafe - INFO - 成功解析文章：传销是往下传播，比特币是往上“传销”
2025-06-02 17:49:32,854 - cryptotradingcafe - INFO - 成功解析文章：币圈选币剩者为王
2025-06-02 17:49:34,255 - cryptotradingcafe - INFO - 成功解析文章：币圈年年都有新机会，老一代投资者别老犯PTSD
2025-06-02 17:49:34,873 - cryptotradingcafe - INFO - 成功解析文章：聊聊技术分析的那些事儿
2025-06-02 17:49:35,534 - cryptotradingcafe - INFO - 成功解析文章：如何研究新项目？
2025-06-02 17:49:35,540 - cryptotradingcafe - INFO - 请求页面：https://cryptotradingcafe.com/page/14
2025-06-02 17:49:37,852 - cryptotradingcafe - INFO - 成功解析文章：加密叙事观察
2025-06-02 17:49:38,427 - cryptotradingcafe - INFO - 成功解析文章：币圈信息源头变迁史，从bitcointalk到twitter
2025-06-02 17:49:39,209 - cryptotradingcafe - INFO - 成功解析文章：当你看好一个投资品，你应该投入多少本金？
2025-06-02 17:49:39,803 - cryptotradingcafe - INFO - 成功解析文章：就uni(uniswap)谈谈好应用不一定代表好代币
2025-06-02 17:49:40,368 - cryptotradingcafe - INFO - 成功解析文章：现在是止损（止错）的好时机，学会止损是投资人生的必修课
2025-06-02 17:49:40,949 - cryptotradingcafe - INFO - 成功解析文章：大三开始全职炒币 7 年，长期处于痛苦之中
2025-06-02 17:49:40,951 - cryptotradingcafe - INFO - 请求页面：https://cryptotradingcafe.com/page/15
2025-06-02 17:49:43,065 - cryptotradingcafe - INFO - 成功解析文章：从手机操作系统的竞争历史判断以太坊不会一直垄断
2025-06-02 17:49:43,701 - cryptotradingcafe - INFO - 成功解析文章：加密叙事与触发器
2025-06-02 17:49:44,330 - cryptotradingcafe - INFO - 成功解析文章：熊市观察之LSD
2025-06-02 17:49:45,559 - cryptotradingcafe - INFO - 成功解析文章：熊市观察三：Arb生态
2025-06-02 17:49:46,101 - cryptotradingcafe - INFO - 成功解析文章：那些上升的和下沉的币圈叙事
2025-06-02 17:49:46,695 - cryptotradingcafe - INFO - 成功解析文章：熊市观察之Op生态
2025-06-02 17:49:46,697 - cryptotradingcafe - INFO - 请求页面：https://cryptotradingcafe.com/page/16
2025-06-02 17:49:48,943 - cryptotradingcafe - INFO - 成功解析文章：熊市观察之二
2025-06-02 17:49:49,486 - cryptotradingcafe - INFO - 成功解析文章：比特币的安全模型经得起区块奖励减半的考验
2025-06-02 17:49:50,185 - cryptotradingcafe - INFO - 成功解析文章：千币笔记：QUICK、TEL、KLAY、GTC、MATIC、XCH
2025-06-02 17:49:50,834 - cryptotradingcafe - INFO - 成功解析文章：从估值计算角度来看以太坊ETH的合理价格区间
2025-06-02 17:49:51,437 - cryptotradingcafe - INFO - 成功解析文章：这波熊的观察和思考
2025-06-02 17:49:52,108 - cryptotradingcafe - INFO - 成功解析文章：千币笔记：VSP、BOND、ZKSP、MINA、MASK
2025-06-02 17:49:52,151 - cryptotradingcafe - INFO - 请求页面：https://cryptotradingcafe.com/page/17
2025-06-02 17:49:54,347 - cryptotradingcafe - INFO - 成功解析文章：炒币的人生没有厚度
2025-06-02 17:49:55,058 - cryptotradingcafe - INFO - 成功解析文章：你应该囤多少个比特币？囤多少可以fire财务自由退休？
2025-06-02 17:49:55,796 - cryptotradingcafe - INFO - 成功解析文章：千币笔记：BAKE，SLP，Autoglyphs，Cryptopunks，MLN，AXS
2025-06-02 17:49:56,504 - cryptotradingcafe - INFO - 成功解析文章：千币笔记：DEXT，MBOX，Opensea，RARE，NFTB，DOGGY，YGG，NBA Top Shot，Meebits
2025-06-02 17:49:57,042 - cryptotradingcafe - INFO - 成功解析文章：中心化交易所对DeFi拙劣的模仿，这是创新者的窘境吗？
2025-06-02 17:49:57,629 - cryptotradingcafe - INFO - 成功解析文章：如何使用私钥钱包安全保管比特币？私钥泄漏的5种常见原因
2025-06-02 17:49:57,630 - cryptotradingcafe - INFO - 请求页面：https://cryptotradingcafe.com/page/18
2025-06-02 17:49:59,691 - cryptotradingcafe - INFO - 成功解析文章：千币笔记：Loot，AGLD，zkSync，Starkware
2025-06-02 17:50:00,347 - cryptotradingcafe - INFO - 成功解析文章：千币笔记：PEPE，ORDI，BLUR，MAV
2025-06-02 17:50:00,906 - cryptotradingcafe - INFO - 成功解析文章：千币笔记：TORN，ARMOR，EDEN，GRO，OHM，HEX，PSP
2025-06-02 17:50:01,613 - cryptotradingcafe - INFO - 成功解析文章：美SEC答复比特币现货ETF申请，长达86页
2025-06-02 17:50:02,333 - cryptotradingcafe - INFO - 成功解析文章：千币笔记：APT，OP，ARB，APT，SUI
2025-06-02 17:50:03,035 - cryptotradingcafe - INFO - 成功解析文章：比特币博弈论
2025-06-02 17:50:03,038 - cryptotradingcafe - INFO - 请求页面：https://cryptotradingcafe.com/page/19
2025-06-02 17:50:05,348 - cryptotradingcafe - INFO - 成功解析文章：如何在币安使用traderwagon进行合约跟单
2025-06-02 17:50:05,932 - cryptotradingcafe - INFO - 成功解析文章：一文建立对web3的整体观感
2025-06-02 17:50:06,452 - cryptotradingcafe - INFO - 成功解析文章：炒币玩合约或山寨持续亏损，深陷负债怎么办？
2025-06-02 17:50:07,106 - cryptotradingcafe - INFO - 成功解析文章：怎么申请discord频道的mod（管理员）
2025-06-02 17:50:07,674 - cryptotradingcafe - INFO - 成功解析文章：熊市老韭菜的过来之言
2025-06-02 17:50:08,343 - cryptotradingcafe - INFO - 成功解析文章：新闻交易教学及科普
2025-06-02 17:50:08,345 - cryptotradingcafe - INFO - 请求页面：https://cryptotradingcafe.com/page/20
2025-06-02 17:50:10,481 - cryptotradingcafe - INFO - 成功解析文章：分析下“币圈葫芦娃”的玩法
2025-06-02 17:50:11,196 - cryptotradingcafe - INFO - 成功解析文章：区块链三刀的近期想法
2025-06-02 17:50:11,928 - cryptotradingcafe - INFO - 成功解析文章：欢迎加入本站币圈炒币（比特币）电报交流群
2025-06-02 17:50:12,585 - cryptotradingcafe - INFO - 成功解析文章：2025年中国大陆用户火币HTX注册及实名认证教程
2025-06-02 17:50:13,228 - cryptotradingcafe - INFO - 成功解析文章：区块链三刀谈ftx交易所和ftt
2025-06-02 17:50:13,883 - cryptotradingcafe - INFO - 成功解析文章：警惕账户迁移短信和谷歌搜索的虚假官网
2025-06-02 17:50:13,886 - cryptotradingcafe - INFO - 请求页面：https://cryptotradingcafe.com/page/21
2025-06-02 17:50:15,906 - cryptotradingcafe - INFO - 成功解析文章：Web3公司收入调研，Token价值捕获研究
2025-06-02 17:50:16,589 - cryptotradingcafe - INFO - 成功解析文章：币圈著名空头“棋局”座谈会总结
2025-06-02 17:50:17,281 - cryptotradingcafe - INFO - 成功解析文章：Defi协议代币投资思路之一：PE估值法
2025-06-02 17:50:17,943 - cryptotradingcafe - INFO - 成功解析文章：论网格对非交易型币圈选手的重要性
2025-06-02 17:50:18,568 - cryptotradingcafe - INFO - 成功解析文章：解决苹果手机使用币安遇到“欺骗性网站”警告
2025-06-02 17:50:19,263 - cryptotradingcafe - INFO - 成功解析文章：本轮反弹行情复盘思考（2022年8月）
2025-06-02 17:50:19,265 - cryptotradingcafe - INFO - 请求页面：https://cryptotradingcafe.com/page/22
2025-06-02 17:50:21,491 - cryptotradingcafe - INFO - 成功解析文章：区块链领域未来几年应关注的重点板块
2025-06-02 17:50:22,158 - cryptotradingcafe - INFO - 成功解析文章：Bybit交易所中国大陆注册及kyc，输入邀请码享全网最高返佣优惠
2025-06-02 17:50:22,922 - cryptotradingcafe - INFO - 成功解析文章：比特币和以太坊的矿机关机币价怎么计算，怎么理解？
2025-06-02 17:50:23,632 - cryptotradingcafe - INFO - 成功解析文章：Defi挖矿以及借贷对应的风险及规避措施
2025-06-02 17:50:24,283 - cryptotradingcafe - INFO - 成功解析文章：Optimism投资研究报告
2025-06-02 17:50:24,904 - cryptotradingcafe - INFO - 成功解析文章：写在币圈低谷时-聊聊攀比带来的痛苦
2025-06-02 17:50:24,905 - cryptotradingcafe - INFO - 请求页面：https://cryptotradingcafe.com/page/23
2025-06-02 17:50:27,020 - cryptotradingcafe - INFO - 成功解析文章：币安的U（USDT）本位永续合约介绍
2025-06-02 17:50:27,566 - cryptotradingcafe - INFO - 成功解析文章：如何创建自己的数字货币钱包，以onekey为例
2025-06-02 17:50:28,201 - cryptotradingcafe - INFO - 成功解析文章：算法稳定币luna（Terra）出问题了？UST脱钩暴雷？
2025-06-02 17:50:28,883 - cryptotradingcafe - INFO - 成功解析文章：科普限价单/市价单/限价止盈止损单/OCO订单下单方式
2025-06-02 17:50:29,483 - cryptotradingcafe - INFO - 成功解析文章：币安买币（使用）教程
2025-06-02 17:50:30,174 - cryptotradingcafe - INFO - 成功解析文章：如何从币安交易所提币
2025-06-02 17:50:30,176 - cryptotradingcafe - INFO - 请求页面：https://cryptotradingcafe.com/page/24
2025-06-02 17:50:32,270 - cryptotradingcafe - INFO - 成功解析文章：聊聊币安币（BNB）是什么，探讨下前景和价值
2025-06-02 17:50:32,893 - cryptotradingcafe - INFO - 成功解析文章：DeFi流动性挖矿的常见安全风险与风控策略
2025-06-02 17:50:33,452 - cryptotradingcafe - INFO - 成功解析文章：ENS域名注册/解析/买卖教程，4数/3字母/双拼价值分析
2025-06-02 17:50:34,144 - cryptotradingcafe - INFO - 成功解析文章：6年风雨路，从千万亏损到平常心
2025-06-02 17:50:34,805 - cryptotradingcafe - INFO - 成功解析文章：如何注册美区苹果apple id来下载币圈app？
2025-06-02 17:50:35,449 - cryptotradingcafe - INFO - 成功解析文章：币安现货合约交易手续费怎么算？手续费如何减免返还？
2025-06-02 17:50:35,451 - cryptotradingcafe - INFO - 请求页面：https://cryptotradingcafe.com/page/25
2025-06-02 17:50:37,564 - cryptotradingcafe - INFO - 成功解析文章：Stepn（gmt币）深度投研报告
2025-06-02 17:50:38,302 - cryptotradingcafe - INFO - 成功解析文章：OpenSea-最大的NFT交易平台研报
2025-06-02 17:50:38,874 - cryptotradingcafe - INFO - 成功解析文章：定投比特币靠谱吗？该用什么定投策略？
2025-06-02 17:50:39,609 - cryptotradingcafe - INFO - 成功解析文章：热门扩容方案Arbitrum研报
2025-06-02 17:50:40,317 - cryptotradingcafe - INFO - 成功解析文章：对加密货币未来4年的行情预测
2025-06-02 17:50:40,859 - cryptotradingcafe - INFO - 成功解析文章：聊聊网格交易策略，以币安的网格交易功能为例
2025-06-02 17:50:40,862 - cryptotradingcafe - INFO - 请求页面：https://cryptotradingcafe.com/page/26
2025-06-02 17:50:42,871 - cryptotradingcafe - INFO - 成功解析文章：聊聊众筹平台juicebox
2025-06-02 17:50:43,597 - cryptotradingcafe - INFO - 成功解析文章：无聊猿游艇俱乐部（Bored Ape Yacht Club，即“BAYC”）研究报告（下）：代币经济与市场竞争
2025-06-02 17:50:44,252 - cryptotradingcafe - INFO - 成功解析文章：【2025全网最强】币安合约邀请码cafe,享币安返佣40%-50%
2025-06-02 17:50:45,586 - cryptotradingcafe - INFO - 成功解析文章：币安KYC身份认证教程
2025-06-02 17:50:46,176 - cryptotradingcafe - INFO - 成功解析文章：无聊猿游艇俱乐部（Bored Ape Yacht Club，即“BAYC”）研究报告（上）：项目详解与发展过程
2025-06-02 17:50:46,871 - cryptotradingcafe - INFO - 成功解析文章：Defi挖矿时使用FTX交易所借币和套保
2025-06-02 17:50:46,917 - cryptotradingcafe - INFO - 请求页面：https://cryptotradingcafe.com/page/27
2025-06-02 17:50:49,170 - cryptotradingcafe - INFO - 成功解析文章：科普比特币合约，永续合约和比特币爆仓
2025-06-02 17:50:49,749 - cryptotradingcafe - INFO - 成功解析文章：​到底什么价格，什么时候适合抄底比特币
2025-06-02 17:50:50,375 - cryptotradingcafe - INFO - 成功解析文章：大陆如何下载币安交易所app？
2025-06-02 17:50:51,058 - cryptotradingcafe - INFO - 成功解析文章：【全网最高】欧易OKX注册教程，使用邀请码cafe888享手续费返佣
2025-06-02 17:50:51,738 - cryptotradingcafe - INFO - 成功解析文章：炒虚拟货币OTC出金usdt遇到黑钱冻卡怎么办？
2025-06-02 17:50:52,392 - cryptotradingcafe - INFO - 成功解析文章：币安是哪个国家的？币安总部在哪？
2025-06-02 17:50:52,394 - cryptotradingcafe - INFO - 请求页面：https://cryptotradingcafe.com/page/28
2025-06-02 17:51:00,179 - cryptotradingcafe - INFO - 成功解析文章：imToken钱包官网下载，小心假官网诈骗
2025-06-02 17:51:00,869 - cryptotradingcafe - INFO - 成功解析文章：一颗在币圈活着的老韭菜自白
2025-06-02 17:51:01,640 - cryptotradingcafe - INFO - 成功解析文章：一个研究生的一年币圈亏钱故事
2025-06-02 17:51:02,269 - cryptotradingcafe - INFO - 成功解析文章：聊聊币圈的套利交易
2025-06-02 17:51:03,165 - cryptotradingcafe - INFO - 成功解析文章：Bitfrog（原“合约帝”）实盘跟单软件
2025-06-02 17:51:03,833 - cryptotradingcafe - INFO - 成功解析文章：币安怎么支付宝充值人民币？
2025-06-02 17:51:03,835 - cryptotradingcafe - INFO - 请求页面：https://cryptotradingcafe.com/page/29
2025-06-02 17:51:05,832 - cryptotradingcafe - INFO - 成功解析文章：币圈比特币和山寨行情轮动规律
2025-06-02 17:51:06,380 - cryptotradingcafe - INFO - 成功解析文章：【科普】为什么使用defi产品前会有approve这么多余的操作？
2025-06-02 17:51:08,094 - cryptotradingcafe - INFO - 成功解析文章：就Ronin被盗聊聊“假如你是黑客怎么隐藏身份和洗币”
2025-06-02 17:51:08,811 - cryptotradingcafe - INFO - 成功解析文章：小K的数字货币故事
2025-06-02 17:51:09,446 - cryptotradingcafe - INFO - 成功解析文章：我个人投资Stepn（gmt币）的思路分享
2025-06-02 17:51:10,006 - cryptotradingcafe - INFO - 成功解析文章：矿工的角度浅谈FIL（Filecoin文件币）的价格和前景
2025-06-02 17:51:10,008 - cryptotradingcafe - INFO - 请求页面：https://cryptotradingcafe.com/page/30
2025-06-02 17:51:12,348 - cryptotradingcafe - INFO - 成功解析文章：币安服务受限地区怎么解决？美国可以使用币安吗？
2025-06-02 17:51:13,050 - cryptotradingcafe - INFO - 成功解析文章：NFT收藏品赛道报告（下）：未来发展与投资注意问题
2025-06-02 17:51:13,658 - cryptotradingcafe - INFO - 成功解析文章：币安合法吗？靠谱安全吗？
2025-06-02 17:51:14,295 - cryptotradingcafe - INFO - 成功解析文章：如何炒币？该买什么币？加密货币投资逻辑解析
2025-06-02 17:51:15,009 - cryptotradingcafe - INFO - 成功解析文章：NFT收藏品赛道报告（上）：前言和赛道详解
2025-06-02 17:51:15,678 - cryptotradingcafe - INFO - 成功解析文章：火币不能用了怎么办？火币清退中国大陆用户怎么办？
2025-06-02 17:51:15,680 - cryptotradingcafe - INFO - 请求页面：https://cryptotradingcafe.com/page/31
2025-06-02 17:51:17,628 - cryptotradingcafe - INFO - 成功解析文章：技术分析里的“价格形态”
2025-06-02 17:51:18,261 - cryptotradingcafe - INFO - 成功解析文章：币安中国能用吗？币安清退中国大陆用户怎么办？
2025-06-02 17:51:19,027 - cryptotradingcafe - INFO - 成功解析文章：中国大陆如何用支付宝来人民币购买比特币等加密货币
2025-06-02 17:51:20,300 - cryptotradingcafe - INFO - 成功解析文章：使用“突破”来交易
2025-06-02 17:51:21,511 - cryptotradingcafe - INFO - 成功解析文章：专业的中文币圈社区和论坛推荐
2025-06-02 17:51:22,360 - cryptotradingcafe - INFO - 成功解析文章：中国大陆如何购买狗狗币？狗狗币和柴犬币（屎币）是什么？
2025-06-02 17:51:22,362 - cryptotradingcafe - INFO - 请求页面：https://cryptotradingcafe.com/page/32
2025-06-02 17:51:25,010 - cryptotradingcafe - INFO - 成功解析文章：趋势的定义和交易策略
2025-06-02 17:51:25,679 - cryptotradingcafe - INFO - 成功解析文章：币圈安全出金usdt，套现防黑钱方法
2025-06-02 17:51:27,117 - cryptotradingcafe - INFO - 成功解析文章：币coin，币圈第一比特币合约高手实盘软件
2025-06-02 17:51:28,227 - cryptotradingcafe - INFO - 成功解析文章：头肩顶和头肩底形态
2025-06-02 17:51:28,803 - cryptotradingcafe - INFO - 成功解析文章：支持中国大陆用户的虚拟货币交易所
2025-06-02 17:51:29,364 - cryptotradingcafe - INFO - 成功解析文章：急涨奔逃反转(Bump and Run Reversal)形态
2025-06-02 17:51:29,367 - cryptotradingcafe - INFO - 请求页面：https://cryptotradingcafe.com/page/33
2025-06-02 17:51:31,614 - cryptotradingcafe - INFO - 成功解析文章：交易中如何管理情绪
2025-06-02 17:51:32,259 - cryptotradingcafe - INFO - 成功解析文章：移动平均线（MA）的四种简单使用方式
2025-06-02 17:51:32,967 - cryptotradingcafe - INFO - 成功解析文章：币安Binance，全球第一的数字货币交易所
2025-06-02 17:51:33,672 - cryptotradingcafe - INFO - 成功解析文章：斐波那契回撤和斐波那契扩展的使用
2025-06-02 17:51:34,375 - cryptotradingcafe - INFO - 成功解析文章：中国大陆Binance币安注册及身份认证教程(2025最新)
2025-06-02 17:51:35,038 - cryptotradingcafe - INFO - 成功解析文章：利用“杯柄形态”来交易
2025-06-02 17:51:35,041 - cryptotradingcafe - INFO - 请求页面：https://cryptotradingcafe.com/page/34
2025-06-02 17:51:37,173 - cryptotradingcafe - INFO - 成功解析文章：比特皇，内功深厚的扫地僧
2025-06-02 17:51:37,778 - cryptotradingcafe - INFO - 成功解析文章：币圈凉兮，天才还是疯子？
2025-06-02 17:51:38,415 - cryptotradingcafe - INFO - 成功解析文章：使用支撑和阻力来交易
2025-06-02 17:51:38,956 - cryptotradingcafe - INFO - 成功解析文章：欧阳拽白，最牛多头
2025-06-02 17:51:39,538 - cryptotradingcafe - INFO - 成功解析文章：肥宅比特币，一身是胆
2025-06-02 17:51:40,246 - cryptotradingcafe - INFO - 成功解析文章：从顶尖比特币合约交易员身上得到的六个启示
2025-06-02 17:51:40,312 - cryptotradingcafe - INFO - 请求页面：https://cryptotradingcafe.com/page/35
2025-06-02 17:51:41,449 - cryptotradingcafe - INFO - 所有链接都已爬取，终止爬取。
2025-06-02 17:51:41,451 - cryptotradingcafe - INFO - 爬取任务完成
2025-06-03 23:37:21,698 - cryptotradingcafe - INFO - 已加载 192 条历史链接
2025-06-03 23:41:09,604 - cryptotradingcafe - INFO - 已加载 192 条历史链接
