2025-06-02 16:30:34,783 - theblockbeats - INFO - [theblockbeats][flash] 从ID 1 开始爬取
2025-06-02 16:30:35,988 - theblockbeats - WARNING - [theblockbeats] https://www.theblockbeats.info/flash/1 页面结构异常，未找到内容主体
2025-06-02 16:30:35,989 - theblockbeats - INFO - [theblockbeats][flash] 文章ID 1 爬取失败
2025-06-02 16:30:37,283 - theblockbeats - WARNING - [theblockbeats] https://www.theblockbeats.info/flash/2 页面结构异常，未找到内容主体
2025-06-02 16:30:37,284 - theblockbeats - INFO - [theblockbeats][flash] 文章ID 2 爬取失败
2025-06-02 16:30:38,560 - theblockbeats - WARNING - [theblockbeats] https://www.theblockbeats.info/flash/3 页面结构异常，未找到内容主体
2025-06-02 16:30:38,561 - theblockbeats - INFO - [theblockbeats][flash] 文章ID 3 爬取失败
2025-06-02 16:32:15,121 - theblockbeats - INFO - [theblockbeats][flash] 从ID 50000 开始爬取
2025-06-02 16:32:15,472 - theblockbeats - WARNING - [theblockbeats] https://www.theblockbeats.info/flash/50000 文章部分内容缺失
2025-06-02 16:32:15,474 - theblockbeats - INFO - [theblockbeats][flash] 文章ID 50000 爬取失败
2025-06-02 16:32:16,698 - theblockbeats - WARNING - [theblockbeats] https://www.theblockbeats.info/flash/50001 页面结构异常，未找到内容主体
2025-06-02 16:32:16,699 - theblockbeats - INFO - [theblockbeats][flash] 文章ID 50001 爬取失败
2025-06-02 16:32:17,976 - theblockbeats - WARNING - [theblockbeats] https://www.theblockbeats.info/flash/50002 页面结构异常，未找到内容主体
2025-06-02 16:32:17,976 - theblockbeats - INFO - [theblockbeats][flash] 文章ID 50002 爬取失败
2025-06-02 16:32:18,276 - theblockbeats - WARNING - [theblockbeats] https://www.theblockbeats.info/flash/50003 文章部分内容缺失
2025-06-02 16:32:18,277 - theblockbeats - INFO - [theblockbeats][flash] 文章ID 50003 爬取失败
2025-06-02 16:32:19,576 - theblockbeats - WARNING - [theblockbeats] https://www.theblockbeats.info/flash/50004 页面结构异常，未找到内容主体
2025-06-02 16:32:19,576 - theblockbeats - INFO - [theblockbeats][flash] 文章ID 50004 爬取失败
2025-06-02 16:32:20,794 - theblockbeats - WARNING - [theblockbeats] https://www.theblockbeats.info/flash/50005 页面结构异常，未找到内容主体
2025-06-02 16:32:20,794 - theblockbeats - INFO - [theblockbeats][flash] 文章ID 50005 爬取失败
2025-06-02 16:32:21,123 - theblockbeats - WARNING - [theblockbeats] https://www.theblockbeats.info/flash/50006 文章部分内容缺失
2025-06-02 16:32:21,124 - theblockbeats - INFO - [theblockbeats][flash] 文章ID 50006 爬取失败
2025-06-02 16:32:22,355 - theblockbeats - WARNING - [theblockbeats] https://www.theblockbeats.info/flash/50007 页面结构异常，未找到内容主体
2025-06-02 16:32:22,356 - theblockbeats - INFO - [theblockbeats][flash] 文章ID 50007 爬取失败
2025-06-02 16:32:23,530 - theblockbeats - WARNING - [theblockbeats] https://www.theblockbeats.info/flash/50008 页面结构异常，未找到内容主体
2025-06-02 16:32:23,531 - theblockbeats - INFO - [theblockbeats][flash] 文章ID 50008 爬取失败
2025-06-02 16:32:23,815 - theblockbeats - WARNING - [theblockbeats] https://www.theblockbeats.info/flash/50009 文章部分内容缺失
2025-06-02 16:32:23,816 - theblockbeats - INFO - [theblockbeats][flash] 文章ID 50009 爬取失败
2025-06-02 16:32:24,979 - theblockbeats - WARNING - [theblockbeats] https://www.theblockbeats.info/flash/50010 页面结构异常，未找到内容主体
2025-06-02 16:32:24,980 - theblockbeats - INFO - [theblockbeats][flash] 文章ID 50010 爬取失败
2025-06-02 16:32:26,263 - theblockbeats - WARNING - [theblockbeats] https://www.theblockbeats.info/flash/50011 页面结构异常，未找到内容主体
2025-06-02 16:32:26,264 - theblockbeats - INFO - [theblockbeats][flash] 文章ID 50011 爬取失败
2025-06-02 16:32:26,695 - theblockbeats - WARNING - [theblockbeats] https://www.theblockbeats.info/flash/50012 页面结构异常，未找到内容主体
2025-06-02 16:32:26,696 - theblockbeats - INFO - [theblockbeats][flash] 文章ID 50012 爬取失败
2025-06-02 16:33:09,430 - theblockbeats - INFO - [theblockbeats][flash] 从ID 50000 开始爬取
2025-06-02 16:33:09,894 - theblockbeats - WARNING - [theblockbeats] https://www.theblockbeats.info/flash/50000 页面结构异常，未找到内容主体
2025-06-02 16:33:09,895 - theblockbeats - INFO - [theblockbeats][flash] 文章ID 50000 爬取失败
2025-06-02 16:33:11,177 - theblockbeats - WARNING - [theblockbeats] https://www.theblockbeats.info/flash/50001 页面结构异常，未找到内容主体
2025-06-02 16:33:11,178 - theblockbeats - INFO - [theblockbeats][flash] 文章ID 50001 爬取失败
2025-06-02 16:35:26,180 - theblockbeats - INFO - [theblockbeats][flash] 从ID 296000 开始爬取
2025-06-02 16:35:26,501 - theblockbeats - WARNING - [theblockbeats] https://www.theblockbeats.info/flash/296000 文章部分内容缺失
2025-06-02 16:35:26,503 - theblockbeats - INFO - [theblockbeats][flash] 文章ID 296000 爬取失败
2025-06-02 16:35:26,972 - theblockbeats - WARNING - [theblockbeats] https://www.theblockbeats.info/flash/296001 页面结构异常，未找到内容主体
2025-06-02 16:35:26,973 - theblockbeats - INFO - [theblockbeats][flash] 文章ID 296001 爬取失败
2025-06-02 16:35:27,280 - theblockbeats - WARNING - [theblockbeats] https://www.theblockbeats.info/flash/296002 文章部分内容缺失
2025-06-02 16:35:27,280 - theblockbeats - INFO - [theblockbeats][flash] 文章ID 296002 爬取失败
2025-06-02 16:35:27,596 - theblockbeats - WARNING - [theblockbeats] https://www.theblockbeats.info/flash/296003 文章部分内容缺失
2025-06-02 16:35:27,596 - theblockbeats - INFO - [theblockbeats][flash] 文章ID 296003 爬取失败
2025-06-02 16:35:27,916 - theblockbeats - WARNING - [theblockbeats] https://www.theblockbeats.info/flash/296004 文章部分内容缺失
2025-06-02 16:35:27,917 - theblockbeats - INFO - [theblockbeats][flash] 文章ID 296004 爬取失败
2025-06-02 16:35:28,276 - theblockbeats - WARNING - [theblockbeats] https://www.theblockbeats.info/flash/296005 文章部分内容缺失
2025-06-02 16:35:28,277 - theblockbeats - INFO - [theblockbeats][flash] 文章ID 296005 爬取失败
2025-06-02 16:35:28,588 - theblockbeats - WARNING - [theblockbeats] https://www.theblockbeats.info/flash/296006 文章部分内容缺失
2025-06-02 16:35:28,589 - theblockbeats - INFO - [theblockbeats][flash] 文章ID 296006 爬取失败
2025-06-02 16:35:29,020 - theblockbeats - WARNING - [theblockbeats] https://www.theblockbeats.info/flash/296007 文章部分内容缺失
2025-06-02 16:35:29,021 - theblockbeats - INFO - [theblockbeats][flash] 文章ID 296007 爬取失败
2025-06-02 16:35:29,356 - theblockbeats - WARNING - [theblockbeats] https://www.theblockbeats.info/flash/296008 文章部分内容缺失
2025-06-02 16:35:29,357 - theblockbeats - INFO - [theblockbeats][flash] 文章ID 296008 爬取失败
2025-06-02 16:35:29,689 - theblockbeats - WARNING - [theblockbeats] https://www.theblockbeats.info/flash/296009 文章部分内容缺失
2025-06-02 16:35:29,690 - theblockbeats - INFO - [theblockbeats][flash] 文章ID 296009 爬取失败
2025-06-02 16:35:29,980 - theblockbeats - WARNING - [theblockbeats] https://www.theblockbeats.info/flash/296010 文章部分内容缺失
2025-06-02 16:35:29,981 - theblockbeats - INFO - [theblockbeats][flash] 文章ID 296010 爬取失败
2025-06-02 16:35:30,286 - theblockbeats - WARNING - [theblockbeats] https://www.theblockbeats.info/flash/296011 文章部分内容缺失
2025-06-02 16:35:30,286 - theblockbeats - INFO - [theblockbeats][flash] 文章ID 296011 爬取失败
2025-06-02 16:35:30,745 - theblockbeats - WARNING - [theblockbeats] https://www.theblockbeats.info/flash/296012 文章部分内容缺失
2025-06-02 16:35:30,746 - theblockbeats - INFO - [theblockbeats][flash] 文章ID 296012 爬取失败
2025-06-02 16:35:31,224 - theblockbeats - WARNING - [theblockbeats] https://www.theblockbeats.info/flash/296013 页面结构异常，未找到内容主体
2025-06-02 16:35:31,224 - theblockbeats - INFO - [theblockbeats][flash] 文章ID 296013 爬取失败
2025-06-02 16:35:31,555 - theblockbeats - WARNING - [theblockbeats] https://www.theblockbeats.info/flash/296014 文章部分内容缺失
2025-06-02 16:35:31,556 - theblockbeats - INFO - [theblockbeats][flash] 文章ID 296014 爬取失败
2025-06-02 16:35:31,893 - theblockbeats - WARNING - [theblockbeats] https://www.theblockbeats.info/flash/296015 文章部分内容缺失
2025-06-02 16:35:31,894 - theblockbeats - INFO - [theblockbeats][flash] 文章ID 296015 爬取失败
2025-06-02 16:35:32,400 - theblockbeats - WARNING - [theblockbeats] https://www.theblockbeats.info/flash/296016 页面结构异常，未找到内容主体
2025-06-02 16:35:32,401 - theblockbeats - INFO - [theblockbeats][flash] 文章ID 296016 爬取失败
2025-06-02 16:35:32,925 - theblockbeats - WARNING - [theblockbeats] https://www.theblockbeats.info/flash/296017 页面结构异常，未找到内容主体
2025-06-02 16:35:32,927 - theblockbeats - INFO - [theblockbeats][flash] 文章ID 296017 爬取失败
2025-06-02 16:35:33,267 - theblockbeats - WARNING - [theblockbeats] https://www.theblockbeats.info/flash/296018 文章部分内容缺失
2025-06-02 16:35:33,269 - theblockbeats - INFO - [theblockbeats][flash] 文章ID 296018 爬取失败
2025-06-02 16:35:33,573 - theblockbeats - WARNING - [theblockbeats] https://www.theblockbeats.info/flash/296019 文章部分内容缺失
2025-06-02 16:35:33,575 - theblockbeats - INFO - [theblockbeats][flash] 文章ID 296019 爬取失败
2025-06-02 16:35:33,918 - theblockbeats - WARNING - [theblockbeats] https://www.theblockbeats.info/flash/296020 文章部分内容缺失
2025-06-02 16:35:33,919 - theblockbeats - INFO - [theblockbeats][flash] 文章ID 296020 爬取失败
2025-06-02 16:35:34,269 - theblockbeats - WARNING - [theblockbeats] https://www.theblockbeats.info/flash/296021 文章部分内容缺失
2025-06-02 16:35:34,270 - theblockbeats - INFO - [theblockbeats][flash] 文章ID 296021 爬取失败
2025-06-02 16:35:34,911 - theblockbeats - WARNING - [theblockbeats] https://www.theblockbeats.info/flash/296022 页面结构异常，未找到内容主体
2025-06-02 16:35:34,914 - theblockbeats - INFO - [theblockbeats][flash] 文章ID 296022 爬取失败
2025-06-02 16:35:35,292 - theblockbeats - WARNING - [theblockbeats] https://www.theblockbeats.info/flash/296023 文章部分内容缺失
2025-06-02 16:35:35,294 - theblockbeats - INFO - [theblockbeats][flash] 文章ID 296023 爬取失败
2025-06-02 16:35:35,638 - theblockbeats - WARNING - [theblockbeats] https://www.theblockbeats.info/flash/296024 文章部分内容缺失
2025-06-02 16:35:35,640 - theblockbeats - INFO - [theblockbeats][flash] 文章ID 296024 爬取失败
2025-06-02 16:35:35,991 - theblockbeats - WARNING - [theblockbeats] https://www.theblockbeats.info/flash/296025 文章部分内容缺失
2025-06-02 16:35:35,993 - theblockbeats - INFO - [theblockbeats][flash] 文章ID 296025 爬取失败
2025-06-02 16:35:36,371 - theblockbeats - WARNING - [theblockbeats] https://www.theblockbeats.info/flash/296026 文章部分内容缺失
2025-06-02 16:35:36,373 - theblockbeats - INFO - [theblockbeats][flash] 文章ID 296026 爬取失败
2025-06-02 16:35:36,696 - theblockbeats - WARNING - [theblockbeats] https://www.theblockbeats.info/flash/296027 文章部分内容缺失
2025-06-02 16:35:36,698 - theblockbeats - INFO - [theblockbeats][flash] 文章ID 296027 爬取失败
2025-06-02 16:35:37,077 - theblockbeats - WARNING - [theblockbeats] https://www.theblockbeats.info/flash/296028 文章部分内容缺失
2025-06-02 16:35:37,079 - theblockbeats - INFO - [theblockbeats][flash] 文章ID 296028 爬取失败
2025-06-02 16:35:37,436 - theblockbeats - WARNING - [theblockbeats] https://www.theblockbeats.info/flash/296029 文章部分内容缺失
2025-06-02 16:35:37,437 - theblockbeats - INFO - [theblockbeats][flash] 文章ID 296029 爬取失败
2025-06-02 16:35:37,754 - theblockbeats - WARNING - [theblockbeats] https://www.theblockbeats.info/flash/296030 文章部分内容缺失
2025-06-02 16:35:37,756 - theblockbeats - INFO - [theblockbeats][flash] 文章ID 296030 爬取失败
2025-06-02 16:35:38,240 - theblockbeats - WARNING - [theblockbeats] https://www.theblockbeats.info/flash/296031 文章部分内容缺失
2025-06-02 16:35:38,242 - theblockbeats - INFO - [theblockbeats][flash] 文章ID 296031 爬取失败
2025-06-02 16:35:38,730 - theblockbeats - WARNING - [theblockbeats] https://www.theblockbeats.info/flash/296032 页面结构异常，未找到内容主体
2025-06-02 16:35:38,733 - theblockbeats - INFO - [theblockbeats][flash] 文章ID 296032 爬取失败
2025-06-02 16:35:39,148 - theblockbeats - WARNING - [theblockbeats] https://www.theblockbeats.info/flash/296033 文章部分内容缺失
2025-06-02 16:35:39,150 - theblockbeats - INFO - [theblockbeats][flash] 文章ID 296033 爬取失败
2025-06-02 16:35:39,515 - theblockbeats - WARNING - [theblockbeats] https://www.theblockbeats.info/flash/296034 文章部分内容缺失
2025-06-02 16:35:39,517 - theblockbeats - INFO - [theblockbeats][flash] 文章ID 296034 爬取失败
2025-06-02 16:35:39,876 - theblockbeats - WARNING - [theblockbeats] https://www.theblockbeats.info/flash/296035 文章部分内容缺失
2025-06-02 16:35:39,877 - theblockbeats - INFO - [theblockbeats][flash] 文章ID 296035 爬取失败
2025-06-02 16:35:40,197 - theblockbeats - WARNING - [theblockbeats] https://www.theblockbeats.info/flash/296036 文章部分内容缺失
2025-06-02 16:35:40,197 - theblockbeats - INFO - [theblockbeats][flash] 文章ID 296036 爬取失败
2025-06-02 16:35:40,502 - theblockbeats - WARNING - [theblockbeats] https://www.theblockbeats.info/flash/296037 文章部分内容缺失
2025-06-02 16:35:40,503 - theblockbeats - INFO - [theblockbeats][flash] 文章ID 296037 爬取失败
2025-06-02 16:35:40,998 - theblockbeats - WARNING - [theblockbeats] https://www.theblockbeats.info/flash/296038 页面结构异常，未找到内容主体
2025-06-02 16:35:40,999 - theblockbeats - INFO - [theblockbeats][flash] 文章ID 296038 爬取失败
2025-06-02 16:35:41,299 - theblockbeats - WARNING - [theblockbeats] https://www.theblockbeats.info/flash/296039 文章部分内容缺失
2025-06-02 16:35:41,300 - theblockbeats - INFO - [theblockbeats][flash] 文章ID 296039 爬取失败
2025-06-02 16:35:41,608 - theblockbeats - WARNING - [theblockbeats] https://www.theblockbeats.info/flash/296040 文章部分内容缺失
2025-06-02 16:35:41,609 - theblockbeats - INFO - [theblockbeats][flash] 文章ID 296040 爬取失败
2025-06-02 16:35:41,891 - theblockbeats - WARNING - [theblockbeats] https://www.theblockbeats.info/flash/296041 文章部分内容缺失
2025-06-02 16:35:41,892 - theblockbeats - INFO - [theblockbeats][flash] 文章ID 296041 爬取失败
2025-06-02 16:35:42,187 - theblockbeats - WARNING - [theblockbeats] https://www.theblockbeats.info/flash/296042 文章部分内容缺失
2025-06-02 16:35:42,188 - theblockbeats - INFO - [theblockbeats][flash] 文章ID 296042 爬取失败
2025-06-02 16:35:42,481 - theblockbeats - WARNING - [theblockbeats] https://www.theblockbeats.info/flash/296043 文章部分内容缺失
2025-06-02 16:35:42,482 - theblockbeats - INFO - [theblockbeats][flash] 文章ID 296043 爬取失败
2025-06-02 16:35:42,929 - theblockbeats - WARNING - [theblockbeats] https://www.theblockbeats.info/flash/296044 页面结构异常，未找到内容主体
2025-06-02 16:35:42,930 - theblockbeats - INFO - [theblockbeats][flash] 文章ID 296044 爬取失败
2025-06-02 16:35:43,260 - theblockbeats - WARNING - [theblockbeats] https://www.theblockbeats.info/flash/296045 文章部分内容缺失
2025-06-02 16:35:43,261 - theblockbeats - INFO - [theblockbeats][flash] 文章ID 296045 爬取失败
2025-06-02 16:35:43,698 - theblockbeats - WARNING - [theblockbeats] https://www.theblockbeats.info/flash/296046 页面结构异常，未找到内容主体
2025-06-02 16:35:43,699 - theblockbeats - INFO - [theblockbeats][flash] 文章ID 296046 爬取失败
2025-06-02 16:35:43,998 - theblockbeats - WARNING - [theblockbeats] https://www.theblockbeats.info/flash/296047 文章部分内容缺失
2025-06-02 16:35:43,999 - theblockbeats - INFO - [theblockbeats][flash] 文章ID 296047 爬取失败
2025-06-02 16:35:44,313 - theblockbeats - WARNING - [theblockbeats] https://www.theblockbeats.info/flash/296048 文章部分内容缺失
2025-06-02 16:35:44,314 - theblockbeats - INFO - [theblockbeats][flash] 文章ID 296048 爬取失败
2025-06-02 16:35:44,609 - theblockbeats - WARNING - [theblockbeats] https://www.theblockbeats.info/flash/296049 文章部分内容缺失
2025-06-02 16:35:44,609 - theblockbeats - INFO - [theblockbeats][flash] 文章ID 296049 爬取失败
2025-06-02 16:35:44,610 - theblockbeats - INFO - [theblockbeats][flash] 进入重试阶段，失败ID数量 50
2025-06-02 16:35:44,923 - theblockbeats - WARNING - [theblockbeats] https://www.theblockbeats.info/flash/296000 文章部分内容缺失
2025-06-02 16:35:45,268 - theblockbeats - WARNING - [theblockbeats] https://www.theblockbeats.info/flash/296001 文章部分内容缺失
2025-06-02 16:35:45,816 - theblockbeats - WARNING - [theblockbeats] https://www.theblockbeats.info/flash/296002 页面结构异常，未找到内容主体
2025-06-02 16:35:46,097 - theblockbeats - WARNING - [theblockbeats] https://www.theblockbeats.info/flash/296003 文章部分内容缺失
2025-06-02 16:35:46,399 - theblockbeats - WARNING - [theblockbeats] https://www.theblockbeats.info/flash/296004 文章部分内容缺失
2025-06-02 16:35:46,688 - theblockbeats - WARNING - [theblockbeats] https://www.theblockbeats.info/flash/296005 文章部分内容缺失
2025-06-02 16:35:46,987 - theblockbeats - WARNING - [theblockbeats] https://www.theblockbeats.info/flash/296006 文章部分内容缺失
2025-06-02 16:35:47,359 - theblockbeats - WARNING - [theblockbeats] https://www.theblockbeats.info/flash/296007 文章部分内容缺失
2025-06-02 16:35:47,830 - theblockbeats - WARNING - [theblockbeats] https://www.theblockbeats.info/flash/296008 文章部分内容缺失
2025-06-02 16:35:48,148 - theblockbeats - WARNING - [theblockbeats] https://www.theblockbeats.info/flash/296009 文章部分内容缺失
2025-06-02 16:35:48,557 - theblockbeats - WARNING - [theblockbeats] https://www.theblockbeats.info/flash/296010 文章部分内容缺失
2025-06-02 16:35:49,012 - theblockbeats - WARNING - [theblockbeats] https://www.theblockbeats.info/flash/296011 页面结构异常，未找到内容主体
2025-06-02 16:35:49,301 - theblockbeats - WARNING - [theblockbeats] https://www.theblockbeats.info/flash/296012 文章部分内容缺失
2025-06-02 16:35:49,646 - theblockbeats - WARNING - [theblockbeats] https://www.theblockbeats.info/flash/296013 文章部分内容缺失
2025-06-02 16:51:32,625 - theblockbeats - INFO - [theblockbeats][flash] 从ID 296000 开始爬取
2025-06-02 16:51:32,993 - theblockbeats - INFO - [theblockbeats][flash] 成功爬取文章ID 296000
2025-06-02 16:51:33,327 - theblockbeats - INFO - [theblockbeats][flash] 成功爬取文章ID 296001
2025-06-02 16:51:33,660 - theblockbeats - INFO - [theblockbeats][flash] 成功爬取文章ID 296002
2025-06-02 16:51:33,997 - theblockbeats - INFO - [theblockbeats][flash] 成功爬取文章ID 296003
2025-06-02 16:51:34,342 - theblockbeats - INFO - [theblockbeats][flash] 成功爬取文章ID 296004
2025-06-02 16:51:34,796 - theblockbeats - WARNING - [theblockbeats] https://www.theblockbeats.info/flash/296005 页面结构异常，未找到flash内容主体
2025-06-02 16:51:34,797 - theblockbeats - INFO - [theblockbeats][flash] 文章ID 296005 爬取失败
2025-06-02 16:51:35,215 - theblockbeats - WARNING - [theblockbeats] https://www.theblockbeats.info/flash/296006 页面结构异常，未找到flash内容主体
2025-06-02 16:51:35,216 - theblockbeats - INFO - [theblockbeats][flash] 文章ID 296006 爬取失败
2025-06-02 16:51:35,489 - theblockbeats - INFO - [theblockbeats][flash] 成功爬取文章ID 296007
2025-06-02 16:51:35,955 - theblockbeats - WARNING - [theblockbeats] https://www.theblockbeats.info/flash/296008 页面结构异常，未找到flash内容主体
2025-06-02 16:51:35,956 - theblockbeats - INFO - [theblockbeats][flash] 文章ID 296008 爬取失败
2025-06-02 16:51:36,257 - theblockbeats - INFO - [theblockbeats][flash] 成功爬取文章ID 296009
2025-06-02 16:51:36,566 - theblockbeats - INFO - [theblockbeats][flash] 成功爬取文章ID 296010
2025-06-02 16:51:37,046 - theblockbeats - WARNING - [theblockbeats] https://www.theblockbeats.info/flash/296011 页面结构异常，未找到flash内容主体
2025-06-02 16:51:37,047 - theblockbeats - INFO - [theblockbeats][flash] 文章ID 296011 爬取失败
2025-06-02 16:51:37,312 - theblockbeats - INFO - [theblockbeats][flash] 成功爬取文章ID 296012
2025-06-02 16:51:37,629 - theblockbeats - INFO - [theblockbeats][flash] 成功爬取文章ID 296013
2025-06-02 16:51:37,941 - theblockbeats - INFO - [theblockbeats][flash] 成功爬取文章ID 296014
2025-06-02 16:51:38,243 - theblockbeats - INFO - [theblockbeats][flash] 成功爬取文章ID 296015
2025-06-02 16:51:38,701 - theblockbeats - INFO - [theblockbeats][flash] 成功爬取文章ID 296016
2025-06-02 16:51:39,096 - theblockbeats - INFO - [theblockbeats][flash] 成功爬取文章ID 296017
2025-06-02 16:51:39,473 - theblockbeats - INFO - [theblockbeats][flash] 成功爬取文章ID 296018
2025-06-02 16:51:39,811 - theblockbeats - INFO - [theblockbeats][flash] 成功爬取文章ID 296019
2025-06-02 16:51:40,158 - theblockbeats - INFO - [theblockbeats][flash] 成功爬取文章ID 296020
2025-06-02 16:51:40,629 - theblockbeats - WARNING - [theblockbeats] https://www.theblockbeats.info/flash/296021 页面结构异常，未找到flash内容主体
2025-06-02 16:51:40,631 - theblockbeats - INFO - [theblockbeats][flash] 文章ID 296021 爬取失败
2025-06-02 16:51:40,961 - theblockbeats - INFO - [theblockbeats][flash] 成功爬取文章ID 296022
2025-06-02 16:51:41,343 - theblockbeats - INFO - [theblockbeats][flash] 成功爬取文章ID 296023
2025-06-02 16:51:41,656 - theblockbeats - INFO - [theblockbeats][flash] 成功爬取文章ID 296024
2025-06-02 16:51:42,033 - theblockbeats - INFO - [theblockbeats][flash] 成功爬取文章ID 296025
2025-06-02 16:51:42,354 - theblockbeats - INFO - [theblockbeats][flash] 成功爬取文章ID 296026
2025-06-02 16:51:42,761 - theblockbeats - INFO - [theblockbeats][flash] 成功爬取文章ID 296027
2025-06-02 16:51:43,300 - theblockbeats - WARNING - [theblockbeats] https://www.theblockbeats.info/flash/296028 页面结构异常，未找到flash内容主体
2025-06-02 16:51:43,302 - theblockbeats - INFO - [theblockbeats][flash] 文章ID 296028 爬取失败
2025-06-02 16:51:43,651 - theblockbeats - INFO - [theblockbeats][flash] 成功爬取文章ID 296029
2025-06-02 16:51:43,975 - theblockbeats - INFO - [theblockbeats][flash] 成功爬取文章ID 296030
2025-06-02 16:51:44,297 - theblockbeats - INFO - [theblockbeats][flash] 成功爬取文章ID 296031
2025-06-02 16:51:44,816 - theblockbeats - WARNING - [theblockbeats] https://www.theblockbeats.info/flash/296032 页面结构异常，未找到flash内容主体
2025-06-02 16:51:44,818 - theblockbeats - INFO - [theblockbeats][flash] 文章ID 296032 爬取失败
2025-06-02 16:51:45,131 - theblockbeats - INFO - [theblockbeats][flash] 成功爬取文章ID 296033
2025-06-02 16:51:45,515 - theblockbeats - INFO - [theblockbeats][flash] 成功爬取文章ID 296034
2025-06-02 16:51:45,953 - theblockbeats - WARNING - [theblockbeats] https://www.theblockbeats.info/flash/296035 页面结构异常，未找到flash内容主体
2025-06-02 16:51:45,955 - theblockbeats - INFO - [theblockbeats][flash] 文章ID 296035 爬取失败
2025-06-02 16:51:46,276 - theblockbeats - INFO - [theblockbeats][flash] 成功爬取文章ID 296036
2025-06-02 16:51:46,560 - theblockbeats - INFO - [theblockbeats][flash] 成功爬取文章ID 296037
2025-06-02 16:51:47,012 - theblockbeats - WARNING - [theblockbeats] https://www.theblockbeats.info/flash/296038 页面结构异常，未找到flash内容主体
2025-06-02 16:51:47,014 - theblockbeats - INFO - [theblockbeats][flash] 文章ID 296038 爬取失败
2025-06-02 16:51:47,493 - theblockbeats - INFO - [theblockbeats][flash] 成功爬取文章ID 296039
2025-06-02 16:51:47,820 - theblockbeats - INFO - [theblockbeats][flash] 成功爬取文章ID 296040
2025-06-02 16:51:48,247 - theblockbeats - WARNING - [theblockbeats] https://www.theblockbeats.info/flash/296041 页面结构异常，未找到flash内容主体
2025-06-02 16:51:48,249 - theblockbeats - INFO - [theblockbeats][flash] 文章ID 296041 爬取失败
2025-06-02 16:51:48,534 - theblockbeats - INFO - [theblockbeats][flash] 成功爬取文章ID 296042
2025-06-02 16:51:48,832 - theblockbeats - INFO - [theblockbeats][flash] 成功爬取文章ID 296043
2025-06-02 16:51:49,100 - theblockbeats - INFO - [theblockbeats][flash] 成功爬取文章ID 296044
2025-06-02 16:51:49,390 - theblockbeats - INFO - [theblockbeats][flash] 成功爬取文章ID 296045
2025-06-02 16:51:50,021 - theblockbeats - WARNING - [theblockbeats] https://www.theblockbeats.info/flash/296046 页面结构异常，未找到flash内容主体
2025-06-02 16:51:50,022 - theblockbeats - INFO - [theblockbeats][flash] 文章ID 296046 爬取失败
2025-06-02 16:51:50,288 - theblockbeats - INFO - [theblockbeats][flash] 成功爬取文章ID 296047
2025-06-02 16:51:50,580 - theblockbeats - INFO - [theblockbeats][flash] 成功爬取文章ID 296048
2025-06-02 16:51:50,871 - theblockbeats - INFO - [theblockbeats][flash] 成功爬取文章ID 296049
2025-06-02 16:51:51,155 - theblockbeats - INFO - [theblockbeats][flash] 成功爬取文章ID 296050
2025-06-02 16:51:51,455 - theblockbeats - INFO - [theblockbeats][flash] 成功爬取文章ID 296051
2025-06-02 16:51:51,742 - theblockbeats - INFO - [theblockbeats][flash] 成功爬取文章ID 296052
2025-06-02 16:51:52,038 - theblockbeats - INFO - [theblockbeats][flash] 成功爬取文章ID 296053
2025-06-02 16:51:52,318 - theblockbeats - INFO - [theblockbeats][flash] 成功爬取文章ID 296054
2025-06-02 16:51:52,582 - theblockbeats - INFO - [theblockbeats][flash] 成功爬取文章ID 296055
2025-06-02 16:51:53,005 - theblockbeats - WARNING - [theblockbeats] https://www.theblockbeats.info/flash/296056 页面结构异常，未找到flash内容主体
2025-06-02 16:51:53,006 - theblockbeats - INFO - [theblockbeats][flash] 文章ID 296056 爬取失败
2025-06-02 16:51:53,312 - theblockbeats - INFO - [theblockbeats][flash] 成功爬取文章ID 296057
2025-06-02 16:51:53,629 - theblockbeats - INFO - [theblockbeats][flash] 成功爬取文章ID 296058
2025-06-02 16:51:53,924 - theblockbeats - INFO - [theblockbeats][flash] 成功爬取文章ID 296059
2025-06-02 16:51:54,332 - theblockbeats - WARNING - [theblockbeats] https://www.theblockbeats.info/flash/296060 页面结构异常，未找到flash内容主体
2025-06-02 16:51:54,333 - theblockbeats - INFO - [theblockbeats][flash] 文章ID 296060 爬取失败
2025-06-02 16:51:54,665 - theblockbeats - INFO - [theblockbeats][flash] 成功爬取文章ID 296061
2025-06-02 16:51:55,155 - theblockbeats - WARNING - [theblockbeats] https://www.theblockbeats.info/flash/296062 页面结构异常，未找到flash内容主体
2025-06-02 16:51:55,156 - theblockbeats - INFO - [theblockbeats][flash] 文章ID 296062 爬取失败
2025-06-02 16:51:55,450 - theblockbeats - INFO - [theblockbeats][flash] 成功爬取文章ID 296063
2025-06-02 16:51:55,864 - theblockbeats - WARNING - [theblockbeats] https://www.theblockbeats.info/flash/296064 页面结构异常，未找到flash内容主体
2025-06-02 16:51:55,865 - theblockbeats - INFO - [theblockbeats][flash] 文章ID 296064 爬取失败
2025-06-02 16:51:56,168 - theblockbeats - INFO - [theblockbeats][flash] 成功爬取文章ID 296065
2025-06-02 16:51:56,466 - theblockbeats - INFO - [theblockbeats][flash] 成功爬取文章ID 296066
2025-06-02 16:51:56,745 - theblockbeats - INFO - [theblockbeats][flash] 成功爬取文章ID 296067
2025-06-02 16:51:57,030 - theblockbeats - INFO - [theblockbeats][flash] 成功爬取文章ID 296068
2025-06-02 16:51:57,305 - theblockbeats - INFO - [theblockbeats][flash] 成功爬取文章ID 296069
2025-06-02 16:51:57,581 - theblockbeats - INFO - [theblockbeats][flash] 成功爬取文章ID 296070
2025-06-02 16:51:57,896 - theblockbeats - INFO - [theblockbeats][flash] 成功爬取文章ID 296071
2025-06-02 16:51:58,180 - theblockbeats - INFO - [theblockbeats][flash] 成功爬取文章ID 296072
2025-06-02 16:51:58,489 - theblockbeats - INFO - [theblockbeats][flash] 成功爬取文章ID 296073
2025-06-02 16:51:58,778 - theblockbeats - INFO - [theblockbeats][flash] 成功爬取文章ID 296074
2025-06-02 16:51:59,112 - theblockbeats - INFO - [theblockbeats][flash] 成功爬取文章ID 296075
2025-06-02 16:51:59,453 - theblockbeats - INFO - [theblockbeats][flash] 成功爬取文章ID 296076
2025-06-02 16:51:59,786 - theblockbeats - INFO - [theblockbeats][flash] 成功爬取文章ID 296077
2025-06-02 16:52:00,104 - theblockbeats - INFO - [theblockbeats][flash] 成功爬取文章ID 296078
2025-06-02 16:52:00,451 - theblockbeats - INFO - [theblockbeats][flash] 成功爬取文章ID 296079
2025-06-02 16:52:00,845 - theblockbeats - INFO - [theblockbeats][flash] 成功爬取文章ID 296080
2025-06-02 16:52:01,257 - theblockbeats - INFO - [theblockbeats][flash] 成功爬取文章ID 296081
2025-06-02 16:52:01,553 - theblockbeats - INFO - [theblockbeats][flash] 成功爬取文章ID 296082
2025-06-02 16:52:01,894 - theblockbeats - INFO - [theblockbeats][flash] 成功爬取文章ID 296083
2025-06-02 16:52:02,178 - theblockbeats - INFO - [theblockbeats][flash] 成功爬取文章ID 296084
2025-06-02 16:52:02,474 - theblockbeats - INFO - [theblockbeats][flash] 成功爬取文章ID 296085
2025-06-02 16:52:02,842 - theblockbeats - INFO - [theblockbeats][flash] 成功爬取文章ID 296086
2025-06-02 16:52:03,170 - theblockbeats - INFO - [theblockbeats][flash] 成功爬取文章ID 296087
2025-06-02 16:52:03,637 - theblockbeats - WARNING - [theblockbeats] https://www.theblockbeats.info/flash/296088 页面结构异常，未找到flash内容主体
2025-06-02 16:52:03,639 - theblockbeats - INFO - [theblockbeats][flash] 文章ID 296088 爬取失败
2025-06-02 16:52:03,981 - theblockbeats - INFO - [theblockbeats][flash] 成功爬取文章ID 296089
2025-06-02 16:52:04,317 - theblockbeats - INFO - [theblockbeats][flash] 成功爬取文章ID 296090
2025-06-02 16:52:04,815 - theblockbeats - WARNING - [theblockbeats] https://www.theblockbeats.info/flash/296091 页面结构异常，未找到flash内容主体
2025-06-02 16:52:04,816 - theblockbeats - INFO - [theblockbeats][flash] 文章ID 296091 爬取失败
2025-06-02 16:52:05,128 - theblockbeats - INFO - [theblockbeats][flash] 成功爬取文章ID 296092
2025-06-02 16:52:05,427 - theblockbeats - INFO - [theblockbeats][flash] 成功爬取文章ID 296093
2025-06-02 16:52:05,744 - theblockbeats - INFO - [theblockbeats][flash] 成功爬取文章ID 296094
2025-06-02 16:52:06,067 - theblockbeats - INFO - [theblockbeats][flash] 成功爬取文章ID 296095
2025-06-02 16:52:06,367 - theblockbeats - INFO - [theblockbeats][flash] 成功爬取文章ID 296096
2025-06-02 16:52:06,682 - theblockbeats - INFO - [theblockbeats][flash] 成功爬取文章ID 296097
2025-06-02 16:52:07,124 - theblockbeats - WARNING - [theblockbeats] https://www.theblockbeats.info/flash/296098 页面结构异常，未找到flash内容主体
2025-06-02 16:52:07,126 - theblockbeats - INFO - [theblockbeats][flash] 文章ID 296098 爬取失败
2025-06-02 16:52:07,418 - theblockbeats - INFO - [theblockbeats][flash] 成功爬取文章ID 296099
2025-06-02 16:52:07,749 - theblockbeats - INFO - [theblockbeats][flash] 成功爬取文章ID 296100
2025-06-02 16:52:08,031 - theblockbeats - INFO - [theblockbeats][flash] 成功爬取文章ID 296101
2025-06-02 16:52:08,340 - theblockbeats - INFO - [theblockbeats][flash] 成功爬取文章ID 296102
2025-06-02 16:52:08,627 - theblockbeats - INFO - [theblockbeats][flash] 成功爬取文章ID 296103
2025-06-02 16:52:08,933 - theblockbeats - INFO - [theblockbeats][flash] 成功爬取文章ID 296104
2025-06-02 16:52:09,304 - theblockbeats - INFO - [theblockbeats][flash] 成功爬取文章ID 296105
2025-06-02 16:52:09,593 - theblockbeats - INFO - [theblockbeats][flash] 成功爬取文章ID 296106
2025-06-02 16:52:09,870 - theblockbeats - INFO - [theblockbeats][flash] 成功爬取文章ID 296107
2025-06-02 16:52:10,164 - theblockbeats - INFO - [theblockbeats][flash] 成功爬取文章ID 296108
2025-06-02 16:52:10,649 - theblockbeats - WARNING - [theblockbeats] https://www.theblockbeats.info/flash/296109 页面结构异常，未找到flash内容主体
2025-06-02 16:52:10,649 - theblockbeats - INFO - [theblockbeats][flash] 文章ID 296109 爬取失败
2025-06-02 16:52:10,940 - theblockbeats - INFO - [theblockbeats][flash] 成功爬取文章ID 296110
2025-06-02 16:52:11,267 - theblockbeats - INFO - [theblockbeats][flash] 成功爬取文章ID 296111
2025-06-02 16:52:12,487 - theblockbeats - WARNING - [theblockbeats] https://www.theblockbeats.info/flash/296112 页面结构异常，未找到flash内容主体
2025-06-02 16:52:12,487 - theblockbeats - INFO - [theblockbeats][flash] 文章ID 296112 爬取失败
2025-06-02 16:52:12,767 - theblockbeats - INFO - [theblockbeats][flash] 成功爬取文章ID 296113
2025-06-02 16:52:13,237 - theblockbeats - WARNING - [theblockbeats] https://www.theblockbeats.info/flash/296114 页面结构异常，未找到flash内容主体
2025-06-02 16:52:13,238 - theblockbeats - INFO - [theblockbeats][flash] 文章ID 296114 爬取失败
2025-06-02 16:52:13,576 - theblockbeats - INFO - [theblockbeats][flash] 成功爬取文章ID 296115
2025-06-02 16:52:13,892 - theblockbeats - INFO - [theblockbeats][flash] 成功爬取文章ID 296116
2025-06-02 16:52:14,177 - theblockbeats - INFO - [theblockbeats][flash] 成功爬取文章ID 296117
2025-06-02 16:52:14,462 - theblockbeats - INFO - [theblockbeats][flash] 成功爬取文章ID 296118
2025-06-02 16:52:14,791 - theblockbeats - INFO - [theblockbeats][flash] 成功爬取文章ID 296119
2025-06-02 16:52:15,085 - theblockbeats - INFO - [theblockbeats][flash] 成功爬取文章ID 296120
2025-06-02 16:52:15,384 - theblockbeats - INFO - [theblockbeats][flash] 成功爬取文章ID 296121
2025-06-02 16:52:15,669 - theblockbeats - INFO - [theblockbeats][flash] 成功爬取文章ID 296122
2025-06-02 16:52:15,968 - theblockbeats - INFO - [theblockbeats][flash] 成功爬取文章ID 296123
2025-06-02 16:52:16,228 - theblockbeats - INFO - [theblockbeats][flash] 成功爬取文章ID 296124
2025-06-02 16:52:16,493 - theblockbeats - INFO - [theblockbeats][flash] 成功爬取文章ID 296125
2025-06-02 16:52:16,858 - theblockbeats - INFO - [theblockbeats][flash] 成功爬取文章ID 296126
2025-06-02 16:52:17,125 - theblockbeats - INFO - [theblockbeats][flash] 成功爬取文章ID 296127
2025-06-02 16:52:17,404 - theblockbeats - INFO - [theblockbeats][flash] 成功爬取文章ID 296128
2025-06-02 16:52:17,932 - theblockbeats - WARNING - [theblockbeats] https://www.theblockbeats.info/flash/296129 页面结构异常，未找到flash内容主体
2025-06-02 16:52:17,934 - theblockbeats - INFO - [theblockbeats][flash] 文章ID 296129 爬取失败
2025-06-02 16:52:18,337 - theblockbeats - WARNING - [theblockbeats] https://www.theblockbeats.info/flash/296130 页面结构异常，未找到flash内容主体
2025-06-02 16:52:18,338 - theblockbeats - INFO - [theblockbeats][flash] 文章ID 296130 爬取失败
2025-06-02 16:52:18,640 - theblockbeats - INFO - [theblockbeats][flash] 成功爬取文章ID 296131
2025-06-02 16:52:18,943 - theblockbeats - INFO - [theblockbeats][flash] 成功爬取文章ID 296132
2025-06-02 16:52:19,233 - theblockbeats - INFO - [theblockbeats][flash] 成功爬取文章ID 296133
2025-06-02 16:52:19,520 - theblockbeats - INFO - [theblockbeats][flash] 成功爬取文章ID 296134
2025-06-02 16:52:19,832 - theblockbeats - INFO - [theblockbeats][flash] 成功爬取文章ID 296135
2025-06-02 16:52:20,367 - theblockbeats - INFO - [theblockbeats][flash] 成功爬取文章ID 296136
2025-06-02 16:52:20,706 - theblockbeats - INFO - [theblockbeats][flash] 成功爬取文章ID 296137
2025-06-02 16:52:20,996 - theblockbeats - INFO - [theblockbeats][flash] 成功爬取文章ID 296138
2025-06-02 16:52:21,276 - theblockbeats - INFO - [theblockbeats][flash] 成功爬取文章ID 296139
2025-06-02 16:52:21,562 - theblockbeats - INFO - [theblockbeats][flash] 成功爬取文章ID 296140
2025-06-02 16:52:21,977 - theblockbeats - WARNING - [theblockbeats] https://www.theblockbeats.info/flash/296141 页面结构异常，未找到flash内容主体
2025-06-02 16:52:21,978 - theblockbeats - INFO - [theblockbeats][flash] 文章ID 296141 爬取失败
2025-06-02 16:52:22,461 - theblockbeats - WARNING - [theblockbeats] https://www.theblockbeats.info/flash/296142 页面结构异常，未找到flash内容主体
2025-06-02 16:52:22,462 - theblockbeats - INFO - [theblockbeats][flash] 文章ID 296142 爬取失败
2025-06-02 16:52:22,748 - theblockbeats - INFO - [theblockbeats][flash] 成功爬取文章ID 296143
2025-06-02 16:52:23,059 - theblockbeats - INFO - [theblockbeats][flash] 成功爬取文章ID 296144
2025-06-02 16:52:23,360 - theblockbeats - INFO - [theblockbeats][flash] 成功爬取文章ID 296145
2025-06-02 16:52:23,786 - theblockbeats - INFO - [theblockbeats][flash] 成功爬取文章ID 296146
2025-06-02 16:52:24,131 - theblockbeats - INFO - [theblockbeats][flash] 成功爬取文章ID 296147
2025-06-02 16:52:24,531 - theblockbeats - INFO - [theblockbeats][flash] 成功爬取文章ID 296148
2025-06-02 16:52:25,018 - theblockbeats - WARNING - [theblockbeats] https://www.theblockbeats.info/flash/296149 页面结构异常，未找到flash内容主体
2025-06-02 16:52:25,020 - theblockbeats - INFO - [theblockbeats][flash] 文章ID 296149 爬取失败
2025-06-02 16:52:25,469 - theblockbeats - INFO - [theblockbeats][flash] 成功爬取文章ID 296150
2025-06-02 16:52:25,909 - theblockbeats - INFO - [theblockbeats][flash] 成功爬取文章ID 296151
2025-06-02 16:52:26,345 - theblockbeats - INFO - [theblockbeats][flash] 成功爬取文章ID 296152
2025-06-02 16:52:26,855 - theblockbeats - INFO - [theblockbeats][flash] 成功爬取文章ID 296153
2025-06-02 16:52:27,412 - theblockbeats - WARNING - [theblockbeats] https://www.theblockbeats.info/flash/296154 页面结构异常，未找到flash内容主体
2025-06-02 16:52:27,415 - theblockbeats - INFO - [theblockbeats][flash] 文章ID 296154 爬取失败
2025-06-02 16:52:27,797 - theblockbeats - INFO - [theblockbeats][flash] 成功爬取文章ID 296155
2025-06-02 16:52:28,154 - theblockbeats - INFO - [theblockbeats][flash] 成功爬取文章ID 296156
2025-06-02 16:52:28,471 - theblockbeats - INFO - [theblockbeats][flash] 成功爬取文章ID 296157
2025-06-02 16:52:28,790 - theblockbeats - INFO - [theblockbeats][flash] 成功爬取文章ID 296158
2025-06-02 16:52:29,083 - theblockbeats - INFO - [theblockbeats][flash] 成功爬取文章ID 296159
2025-06-02 16:52:29,589 - theblockbeats - WARNING - [theblockbeats] https://www.theblockbeats.info/flash/296160 页面结构异常，未找到flash内容主体
2025-06-02 16:52:29,590 - theblockbeats - INFO - [theblockbeats][flash] 文章ID 296160 爬取失败
2025-06-02 16:52:29,879 - theblockbeats - INFO - [theblockbeats][flash] 成功爬取文章ID 296161
2025-06-02 16:52:30,154 - theblockbeats - INFO - [theblockbeats][flash] 成功爬取文章ID 296162
2025-06-02 16:52:30,440 - theblockbeats - INFO - [theblockbeats][flash] 成功爬取文章ID 296163
2025-06-02 16:52:30,948 - theblockbeats - WARNING - [theblockbeats] https://www.theblockbeats.info/flash/296164 页面结构异常，未找到flash内容主体
2025-06-02 16:52:30,949 - theblockbeats - INFO - [theblockbeats][flash] 文章ID 296164 爬取失败
2025-06-02 16:52:31,405 - theblockbeats - WARNING - [theblockbeats] https://www.theblockbeats.info/flash/296165 页面结构异常，未找到flash内容主体
2025-06-02 16:52:31,406 - theblockbeats - INFO - [theblockbeats][flash] 文章ID 296165 爬取失败
2025-06-02 16:52:31,691 - theblockbeats - INFO - [theblockbeats][flash] 成功爬取文章ID 296166
2025-06-02 16:52:32,013 - theblockbeats - INFO - [theblockbeats][flash] 成功爬取文章ID 296167
2025-06-02 16:52:32,327 - theblockbeats - INFO - [theblockbeats][flash] 成功爬取文章ID 296168
2025-06-02 16:52:32,643 - theblockbeats - INFO - [theblockbeats][flash] 成功爬取文章ID 296169
2025-06-02 16:52:32,961 - theblockbeats - INFO - [theblockbeats][flash] 成功爬取文章ID 296170
2025-06-02 16:52:33,265 - theblockbeats - INFO - [theblockbeats][flash] 成功爬取文章ID 296171
2025-06-02 16:52:33,587 - theblockbeats - INFO - [theblockbeats][flash] 成功爬取文章ID 296172
2025-06-02 16:52:33,869 - theblockbeats - INFO - [theblockbeats][flash] 成功爬取文章ID 296173
2025-06-02 16:52:34,164 - theblockbeats - INFO - [theblockbeats][flash] 成功爬取文章ID 296174
2025-06-02 16:52:34,442 - theblockbeats - INFO - [theblockbeats][flash] 成功爬取文章ID 296175
2025-06-02 16:52:34,719 - theblockbeats - INFO - [theblockbeats][flash] 成功爬取文章ID 296176
2025-06-02 16:52:35,021 - theblockbeats - INFO - [theblockbeats][flash] 成功爬取文章ID 296177
2025-06-02 16:52:35,314 - theblockbeats - INFO - [theblockbeats][flash] 成功爬取文章ID 296178
2025-06-02 16:52:35,764 - theblockbeats - WARNING - [theblockbeats] https://www.theblockbeats.info/flash/296179 页面结构异常，未找到flash内容主体
2025-06-02 16:52:35,765 - theblockbeats - INFO - [theblockbeats][flash] 文章ID 296179 爬取失败
2025-06-02 16:52:36,322 - theblockbeats - WARNING - [theblockbeats] https://www.theblockbeats.info/flash/296180 页面结构异常，未找到flash内容主体
2025-06-02 16:52:36,323 - theblockbeats - INFO - [theblockbeats][flash] 文章ID 296180 爬取失败
2025-06-02 16:52:37,142 - theblockbeats - WARNING - [theblockbeats] https://www.theblockbeats.info/flash/296181 页面结构异常，未找到flash内容主体
2025-06-02 16:52:37,143 - theblockbeats - INFO - [theblockbeats][flash] 文章ID 296181 爬取失败
2025-06-02 16:52:37,416 - theblockbeats - INFO - [theblockbeats][flash] 成功爬取文章ID 296182
2025-06-02 16:52:37,896 - theblockbeats - WARNING - [theblockbeats] https://www.theblockbeats.info/flash/296183 页面结构异常，未找到flash内容主体
2025-06-02 16:52:37,897 - theblockbeats - INFO - [theblockbeats][flash] 文章ID 296183 爬取失败
2025-06-02 16:52:38,187 - theblockbeats - INFO - [theblockbeats][flash] 成功爬取文章ID 296184
2025-06-02 16:52:38,461 - theblockbeats - INFO - [theblockbeats][flash] 成功爬取文章ID 296185
2025-06-02 16:52:39,002 - theblockbeats - WARNING - [theblockbeats] https://www.theblockbeats.info/flash/296186 页面结构异常，未找到flash内容主体
2025-06-02 16:52:39,004 - theblockbeats - INFO - [theblockbeats][flash] 文章ID 296186 爬取失败
2025-06-02 16:52:39,287 - theblockbeats - INFO - [theblockbeats][flash] 成功爬取文章ID 296187
2025-06-02 16:52:39,568 - theblockbeats - INFO - [theblockbeats][flash] 成功爬取文章ID 296188
2025-06-02 16:52:39,947 - theblockbeats - INFO - [theblockbeats][flash] 成功爬取文章ID 296189
2025-06-02 16:52:40,410 - theblockbeats - WARNING - [theblockbeats] https://www.theblockbeats.info/flash/296190 页面结构异常，未找到flash内容主体
2025-06-02 16:52:40,411 - theblockbeats - INFO - [theblockbeats][flash] 文章ID 296190 爬取失败
2025-06-02 16:52:40,689 - theblockbeats - INFO - [theblockbeats][flash] 成功爬取文章ID 296191
2025-06-02 16:52:41,098 - theblockbeats - WARNING - [theblockbeats] https://www.theblockbeats.info/flash/296192 页面结构异常，未找到flash内容主体
2025-06-02 16:52:41,098 - theblockbeats - INFO - [theblockbeats][flash] 文章ID 296192 爬取失败
2025-06-02 16:52:41,378 - theblockbeats - INFO - [theblockbeats][flash] 成功爬取文章ID 296193
2025-06-02 16:52:41,675 - theblockbeats - INFO - [theblockbeats][flash] 成功爬取文章ID 296194
2025-06-02 16:52:42,012 - theblockbeats - INFO - [theblockbeats][flash] 成功爬取文章ID 296195
2025-06-02 16:52:42,284 - theblockbeats - INFO - [theblockbeats][flash] 成功爬取文章ID 296196
2025-06-02 16:52:42,565 - theblockbeats - INFO - [theblockbeats][flash] 成功爬取文章ID 296197
2025-06-02 16:52:42,857 - theblockbeats - INFO - [theblockbeats][flash] 成功爬取文章ID 296198
2025-06-02 16:52:43,148 - theblockbeats - INFO - [theblockbeats][flash] 成功爬取文章ID 296199
2025-06-02 16:52:43,442 - theblockbeats - INFO - [theblockbeats][flash] 成功爬取文章ID 296200
2025-06-02 16:52:43,745 - theblockbeats - INFO - [theblockbeats][flash] 成功爬取文章ID 296201
2025-06-02 16:52:44,038 - theblockbeats - INFO - [theblockbeats][flash] 成功爬取文章ID 296202
2025-06-02 16:52:44,505 - theblockbeats - WARNING - [theblockbeats] https://www.theblockbeats.info/flash/296203 页面结构异常，未找到flash内容主体
2025-06-02 16:52:44,506 - theblockbeats - INFO - [theblockbeats][flash] 文章ID 296203 爬取失败
2025-06-02 16:52:44,804 - theblockbeats - INFO - [theblockbeats][flash] 成功爬取文章ID 296204
2025-06-02 16:52:45,103 - theblockbeats - INFO - [theblockbeats][flash] 成功爬取文章ID 296205
2025-06-02 16:52:45,594 - theblockbeats - WARNING - [theblockbeats] https://www.theblockbeats.info/flash/296206 页面结构异常，未找到flash内容主体
2025-06-02 16:52:45,595 - theblockbeats - INFO - [theblockbeats][flash] 文章ID 296206 爬取失败
2025-06-02 16:52:46,106 - theblockbeats - WARNING - [theblockbeats] https://www.theblockbeats.info/flash/296207 页面结构异常，未找到flash内容主体
2025-06-02 16:52:46,107 - theblockbeats - INFO - [theblockbeats][flash] 文章ID 296207 爬取失败
2025-06-02 16:52:46,408 - theblockbeats - INFO - [theblockbeats][flash] 成功爬取文章ID 296208
2025-06-02 16:52:46,697 - theblockbeats - INFO - [theblockbeats][flash] 成功爬取文章ID 296209
2025-06-02 16:52:46,973 - theblockbeats - INFO - [theblockbeats][flash] 成功爬取文章ID 296210
2025-06-02 16:52:47,298 - theblockbeats - INFO - [theblockbeats][flash] 成功爬取文章ID 296211
2025-06-02 16:52:47,665 - theblockbeats - INFO - [theblockbeats][flash] 成功爬取文章ID 296212
2025-06-02 16:52:47,954 - theblockbeats - INFO - [theblockbeats][flash] 成功爬取文章ID 296213
2025-06-02 16:52:48,374 - theblockbeats - WARNING - [theblockbeats] https://www.theblockbeats.info/flash/296214 页面结构异常，未找到flash内容主体
2025-06-02 16:52:48,375 - theblockbeats - INFO - [theblockbeats][flash] 文章ID 296214 爬取失败
2025-06-02 16:52:48,674 - theblockbeats - INFO - [theblockbeats][flash] 成功爬取文章ID 296215
2025-06-02 16:52:49,971 - theblockbeats - WARNING - [theblockbeats] https://www.theblockbeats.info/flash/296216 页面结构异常，未找到flash内容主体
2025-06-02 16:52:49,971 - theblockbeats - INFO - [theblockbeats][flash] 文章ID 296216 爬取失败
2025-06-02 16:52:50,259 - theblockbeats - INFO - [theblockbeats][flash] 成功爬取文章ID 296217
2025-06-02 16:52:50,602 - theblockbeats - INFO - [theblockbeats][flash] 成功爬取文章ID 296218
2025-06-02 16:52:51,012 - theblockbeats - WARNING - [theblockbeats] https://www.theblockbeats.info/flash/296219 页面结构异常，未找到flash内容主体
2025-06-02 16:52:51,013 - theblockbeats - INFO - [theblockbeats][flash] 文章ID 296219 爬取失败
2025-06-02 16:52:51,424 - theblockbeats - WARNING - [theblockbeats] https://www.theblockbeats.info/flash/296220 页面结构异常，未找到flash内容主体
2025-06-02 16:52:51,425 - theblockbeats - INFO - [theblockbeats][flash] 文章ID 296220 爬取失败
2025-06-02 16:52:51,707 - theblockbeats - INFO - [theblockbeats][flash] 成功爬取文章ID 296221
2025-06-02 16:52:52,000 - theblockbeats - INFO - [theblockbeats][flash] 成功爬取文章ID 296222
2025-06-02 16:52:52,407 - theblockbeats - WARNING - [theblockbeats] https://www.theblockbeats.info/flash/296223 页面结构异常，未找到flash内容主体
2025-06-02 16:52:52,408 - theblockbeats - INFO - [theblockbeats][flash] 文章ID 296223 爬取失败
2025-06-02 16:52:52,738 - theblockbeats - INFO - [theblockbeats][flash] 成功爬取文章ID 296224
2025-06-02 16:52:53,026 - theblockbeats - INFO - [theblockbeats][flash] 成功爬取文章ID 296225
2025-06-02 16:52:53,317 - theblockbeats - INFO - [theblockbeats][flash] 成功爬取文章ID 296226
2025-06-02 16:52:53,600 - theblockbeats - INFO - [theblockbeats][flash] 成功爬取文章ID 296227
2025-06-02 16:52:54,068 - theblockbeats - WARNING - [theblockbeats] https://www.theblockbeats.info/flash/296228 页面结构异常，未找到flash内容主体
2025-06-02 16:52:54,069 - theblockbeats - INFO - [theblockbeats][flash] 文章ID 296228 爬取失败
2025-06-02 16:52:54,375 - theblockbeats - INFO - [theblockbeats][flash] 成功爬取文章ID 296229
2025-06-02 16:52:54,671 - theblockbeats - INFO - [theblockbeats][flash] 成功爬取文章ID 296230
2025-06-02 16:52:54,950 - theblockbeats - INFO - [theblockbeats][flash] 成功爬取文章ID 296231
2025-06-02 16:52:55,460 - theblockbeats - WARNING - [theblockbeats] https://www.theblockbeats.info/flash/296232 页面结构异常，未找到flash内容主体
2025-06-02 16:52:55,461 - theblockbeats - INFO - [theblockbeats][flash] 文章ID 296232 爬取失败
2025-06-02 16:52:55,729 - theblockbeats - INFO - [theblockbeats][flash] 成功爬取文章ID 296233
2025-06-02 16:52:56,157 - theblockbeats - WARNING - [theblockbeats] https://www.theblockbeats.info/flash/296234 页面结构异常，未找到flash内容主体
2025-06-02 16:52:56,157 - theblockbeats - INFO - [theblockbeats][flash] 文章ID 296234 爬取失败
2025-06-02 16:52:56,596 - theblockbeats - WARNING - [theblockbeats] https://www.theblockbeats.info/flash/296235 页面结构异常，未找到flash内容主体
2025-06-02 16:52:56,597 - theblockbeats - INFO - [theblockbeats][flash] 文章ID 296235 爬取失败
2025-06-02 16:52:56,907 - theblockbeats - INFO - [theblockbeats][flash] 成功爬取文章ID 296236
2025-06-02 16:52:57,212 - theblockbeats - INFO - [theblockbeats][flash] 成功爬取文章ID 296237
2025-06-02 16:52:57,511 - theblockbeats - INFO - [theblockbeats][flash] 成功爬取文章ID 296238
2025-06-02 16:52:57,783 - theblockbeats - INFO - [theblockbeats][flash] 成功爬取文章ID 296239
2025-06-02 16:52:58,088 - theblockbeats - INFO - [theblockbeats][flash] 成功爬取文章ID 296240
2025-06-02 16:52:58,378 - theblockbeats - INFO - [theblockbeats][flash] 成功爬取文章ID 296241
2025-06-02 16:52:58,663 - theblockbeats - INFO - [theblockbeats][flash] 成功爬取文章ID 296242
2025-06-02 16:52:58,962 - theblockbeats - INFO - [theblockbeats][flash] 成功爬取文章ID 296243
2025-06-02 16:52:59,398 - theblockbeats - INFO - [theblockbeats][flash] 成功爬取文章ID 296244
2025-06-02 16:52:59,793 - theblockbeats - INFO - [theblockbeats][flash] 成功爬取文章ID 296245
2025-06-02 16:53:00,225 - theblockbeats - WARNING - [theblockbeats] https://www.theblockbeats.info/flash/296246 页面结构异常，未找到flash内容主体
2025-06-02 16:53:00,226 - theblockbeats - INFO - [theblockbeats][flash] 文章ID 296246 爬取失败
2025-06-02 16:53:00,226 - theblockbeats - INFO - [theblockbeats][flash] 进入重试阶段，失败ID数量 50
2025-06-02 16:53:00,549 - theblockbeats - INFO - [theblockbeats][flash] 重试成功文章ID 296005
2025-06-02 16:53:00,847 - theblockbeats - INFO - [theblockbeats][flash] 重试成功文章ID 296006
2025-06-02 16:53:01,262 - theblockbeats - WARNING - [theblockbeats] https://www.theblockbeats.info/flash/296008 页面结构异常，未找到flash内容主体
2025-06-02 16:53:01,535 - theblockbeats - INFO - [theblockbeats][flash] 重试成功文章ID 296011
2025-06-02 16:53:02,030 - theblockbeats - WARNING - [theblockbeats] https://www.theblockbeats.info/flash/296021 页面结构异常，未找到flash内容主体
2025-06-02 16:53:02,308 - theblockbeats - INFO - [theblockbeats][flash] 重试成功文章ID 296028
2025-06-02 16:53:02,578 - theblockbeats - INFO - [theblockbeats][flash] 重试成功文章ID 296032
2025-06-02 16:53:02,862 - theblockbeats - INFO - [theblockbeats][flash] 重试成功文章ID 296035
2025-06-02 16:53:03,137 - theblockbeats - INFO - [theblockbeats][flash] 重试成功文章ID 296038
2025-06-02 16:53:03,591 - theblockbeats - WARNING - [theblockbeats] https://www.theblockbeats.info/flash/296041 页面结构异常，未找到flash内容主体
2025-06-02 16:53:03,912 - theblockbeats - INFO - [theblockbeats][flash] 重试成功文章ID 296046
2025-06-02 16:53:04,234 - theblockbeats - INFO - [theblockbeats][flash] 重试成功文章ID 296056
2025-06-02 16:53:04,535 - theblockbeats - INFO - [theblockbeats][flash] 重试成功文章ID 296060
2025-06-02 16:53:04,832 - theblockbeats - INFO - [theblockbeats][flash] 重试成功文章ID 296062
2025-06-02 16:53:05,108 - theblockbeats - INFO - [theblockbeats][flash] 重试成功文章ID 296064
2025-06-02 16:53:05,402 - theblockbeats - INFO - [theblockbeats][flash] 重试成功文章ID 296088
2025-06-02 16:53:05,699 - theblockbeats - INFO - [theblockbeats][flash] 重试成功文章ID 296091
2025-06-02 16:53:06,082 - theblockbeats - INFO - [theblockbeats][flash] 重试成功文章ID 296098
2025-06-02 16:53:06,358 - theblockbeats - INFO - [theblockbeats][flash] 重试成功文章ID 296109
2025-06-02 16:53:07,537 - theblockbeats - WARNING - [theblockbeats] https://www.theblockbeats.info/flash/296112 页面结构异常，未找到flash内容主体
2025-06-02 16:53:08,061 - theblockbeats - WARNING - [theblockbeats] https://www.theblockbeats.info/flash/296114 页面结构异常，未找到flash内容主体
2025-06-02 16:53:08,499 - theblockbeats - WARNING - [theblockbeats] https://www.theblockbeats.info/flash/296129 页面结构异常，未找到flash内容主体
2025-06-02 16:53:08,764 - theblockbeats - INFO - [theblockbeats][flash] 重试成功文章ID 296130
2025-06-02 16:53:09,036 - theblockbeats - INFO - [theblockbeats][flash] 重试成功文章ID 296141
2025-06-02 16:53:09,332 - theblockbeats - INFO - [theblockbeats][flash] 重试成功文章ID 296142
2025-06-02 16:53:09,615 - theblockbeats - INFO - [theblockbeats][flash] 重试成功文章ID 296149
2025-06-02 16:53:09,915 - theblockbeats - INFO - [theblockbeats][flash] 重试成功文章ID 296154
2025-06-02 16:53:10,337 - theblockbeats - WARNING - [theblockbeats] https://www.theblockbeats.info/flash/296160 页面结构异常，未找到flash内容主体
2025-06-02 16:53:10,773 - theblockbeats - WARNING - [theblockbeats] https://www.theblockbeats.info/flash/296164 页面结构异常，未找到flash内容主体
2025-06-02 16:53:11,074 - theblockbeats - INFO - [theblockbeats][flash] 重试成功文章ID 296165
2025-06-02 16:53:11,362 - theblockbeats - INFO - [theblockbeats][flash] 重试成功文章ID 296179
2025-06-02 16:53:11,639 - theblockbeats - INFO - [theblockbeats][flash] 重试成功文章ID 296180
2025-06-02 16:53:12,461 - theblockbeats - WARNING - [theblockbeats] https://www.theblockbeats.info/flash/296181 页面结构异常，未找到flash内容主体
2025-06-02 16:53:12,773 - theblockbeats - INFO - [theblockbeats][flash] 重试成功文章ID 296183
2025-06-02 16:53:13,226 - theblockbeats - WARNING - [theblockbeats] https://www.theblockbeats.info/flash/296186 页面结构异常，未找到flash内容主体
2025-06-02 16:53:13,557 - theblockbeats - INFO - [theblockbeats][flash] 重试成功文章ID 296190
2025-06-02 16:53:13,848 - theblockbeats - INFO - [theblockbeats][flash] 重试成功文章ID 296192
2025-06-02 16:53:14,135 - theblockbeats - INFO - [theblockbeats][flash] 重试成功文章ID 296203
2025-06-02 16:53:14,435 - theblockbeats - INFO - [theblockbeats][flash] 重试成功文章ID 296206
2025-06-02 16:53:14,840 - theblockbeats - WARNING - [theblockbeats] https://www.theblockbeats.info/flash/296207 页面结构异常，未找到flash内容主体
2025-06-02 16:53:15,114 - theblockbeats - INFO - [theblockbeats][flash] 重试成功文章ID 296214
2025-06-02 16:53:16,310 - theblockbeats - WARNING - [theblockbeats] https://www.theblockbeats.info/flash/296216 页面结构异常，未找到flash内容主体
2025-06-02 16:53:16,742 - theblockbeats - INFO - [theblockbeats][flash] 重试成功文章ID 296219
2025-06-02 16:53:17,028 - theblockbeats - INFO - [theblockbeats][flash] 重试成功文章ID 296220
2025-06-02 16:53:17,306 - theblockbeats - INFO - [theblockbeats][flash] 重试成功文章ID 296223
2025-06-02 16:53:17,731 - theblockbeats - WARNING - [theblockbeats] https://www.theblockbeats.info/flash/296228 页面结构异常，未找到flash内容主体
2025-06-02 16:53:18,009 - theblockbeats - INFO - [theblockbeats][flash] 重试成功文章ID 296232
2025-06-02 16:53:18,497 - theblockbeats - WARNING - [theblockbeats] https://www.theblockbeats.info/flash/296234 页面结构异常，未找到flash内容主体
2025-06-02 16:53:18,904 - theblockbeats - WARNING - [theblockbeats] https://www.theblockbeats.info/flash/296235 页面结构异常，未找到flash内容主体
2025-06-02 16:53:19,181 - theblockbeats - INFO - [theblockbeats][flash] 重试成功文章ID 296246
2025-06-02 16:53:19,795 - theblockbeats - WARNING - [theblockbeats] https://www.theblockbeats.info/flash/296008 页面结构异常，未找到flash内容主体
2025-06-02 16:53:20,062 - theblockbeats - INFO - [theblockbeats][flash] 重试成功文章ID 296021
2025-06-02 16:53:20,330 - theblockbeats - INFO - [theblockbeats][flash] 重试成功文章ID 296041
2025-06-02 16:53:21,147 - theblockbeats - WARNING - [theblockbeats] https://www.theblockbeats.info/flash/296112 页面结构异常，未找到flash内容主体
2025-06-02 16:53:21,428 - theblockbeats - INFO - [theblockbeats][flash] 重试成功文章ID 296114
2025-06-02 16:53:21,774 - theblockbeats - INFO - [theblockbeats][flash] 重试成功文章ID 296129
2025-06-02 16:53:22,073 - theblockbeats - INFO - [theblockbeats][flash] 重试成功文章ID 296160
2025-06-02 16:53:22,391 - theblockbeats - INFO - [theblockbeats][flash] 重试成功文章ID 296164
2025-06-02 16:53:23,227 - theblockbeats - WARNING - [theblockbeats] https://www.theblockbeats.info/flash/296181 页面结构异常，未找到flash内容主体
2025-06-02 16:53:23,496 - theblockbeats - INFO - [theblockbeats][flash] 重试成功文章ID 296186
2025-06-02 16:53:23,790 - theblockbeats - INFO - [theblockbeats][flash] 重试成功文章ID 296207
2025-06-02 16:53:24,946 - theblockbeats - WARNING - [theblockbeats] https://www.theblockbeats.info/flash/296216 页面结构异常，未找到flash内容主体
2025-06-02 16:53:25,358 - theblockbeats - WARNING - [theblockbeats] https://www.theblockbeats.info/flash/296228 页面结构异常，未找到flash内容主体
2025-06-02 16:53:25,635 - theblockbeats - INFO - [theblockbeats][flash] 重试成功文章ID 296234
2025-06-02 16:53:26,067 - theblockbeats - WARNING - [theblockbeats] https://www.theblockbeats.info/flash/296235 页面结构异常，未找到flash内容主体
2025-06-02 16:53:26,367 - theblockbeats - INFO - [theblockbeats][flash] 重试成功文章ID 296008
2025-06-02 16:53:27,656 - theblockbeats - WARNING - [theblockbeats] https://www.theblockbeats.info/flash/296112 页面结构异常，未找到flash内容主体
2025-06-02 16:53:28,821 - theblockbeats - WARNING - [theblockbeats] https://www.theblockbeats.info/flash/296181 页面结构异常，未找到flash内容主体
2025-06-02 16:53:30,054 - theblockbeats - WARNING - [theblockbeats] https://www.theblockbeats.info/flash/296216 页面结构异常，未找到flash内容主体
2025-06-02 16:53:30,365 - theblockbeats - INFO - [theblockbeats][flash] 重试成功文章ID 296228
2025-06-02 16:53:30,988 - theblockbeats - WARNING - [theblockbeats] https://www.theblockbeats.info/flash/296235 页面结构异常，未找到flash内容主体
2025-06-02 16:53:30,989 - theblockbeats - INFO - [theblockbeats][news] 从ID 58000 开始爬取
2025-06-02 16:53:31,342 - theblockbeats - INFO - [theblockbeats][news] 成功爬取文章ID 58000
2025-06-02 16:53:31,713 - theblockbeats - INFO - [theblockbeats][news] 成功爬取文章ID 58001
2025-06-02 16:53:32,333 - theblockbeats - WARNING - [theblockbeats] https://www.theblockbeats.info/news/58002 页面结构异常，未找到内容主体
2025-06-02 16:53:32,334 - theblockbeats - INFO - [theblockbeats][news] 文章ID 58002 爬取失败
2025-06-02 16:53:32,681 - theblockbeats - INFO - [theblockbeats][news] 成功爬取文章ID 58003
2025-06-02 16:53:33,005 - theblockbeats - INFO - [theblockbeats][news] 成功爬取文章ID 58004
2025-06-02 16:53:33,485 - theblockbeats - WARNING - [theblockbeats] https://www.theblockbeats.info/news/58005 页面结构异常，未找到内容主体
2025-06-02 16:53:33,486 - theblockbeats - INFO - [theblockbeats][news] 文章ID 58005 爬取失败
2025-06-02 16:53:33,818 - theblockbeats - INFO - [theblockbeats][news] 成功爬取文章ID 58006
2025-06-02 16:53:34,172 - theblockbeats - INFO - [theblockbeats][news] 成功爬取文章ID 58007
2025-06-02 16:53:34,544 - theblockbeats - INFO - [theblockbeats][news] 成功爬取文章ID 58008
2025-06-02 16:53:34,996 - theblockbeats - INFO - [theblockbeats][news] 成功爬取文章ID 58009
2025-06-02 16:53:35,346 - theblockbeats - INFO - [theblockbeats][news] 成功爬取文章ID 58010
2025-06-02 16:53:35,818 - theblockbeats - WARNING - [theblockbeats] https://www.theblockbeats.info/news/58011 页面结构异常，未找到内容主体
2025-06-02 16:53:35,819 - theblockbeats - INFO - [theblockbeats][news] 文章ID 58011 爬取失败
2025-06-02 16:53:36,270 - theblockbeats - INFO - [theblockbeats][news] 成功爬取文章ID 58012
2025-06-02 16:53:36,680 - theblockbeats - INFO - [theblockbeats][news] 成功爬取文章ID 58013
2025-06-02 16:53:37,044 - theblockbeats - INFO - [theblockbeats][news] 成功爬取文章ID 58014
2025-06-02 16:53:38,259 - theblockbeats - WARNING - [theblockbeats] https://www.theblockbeats.info/news/58015 页面结构异常，未找到内容主体
2025-06-02 16:53:38,260 - theblockbeats - INFO - [theblockbeats][news] 文章ID 58015 爬取失败
2025-06-02 16:53:38,625 - theblockbeats - INFO - [theblockbeats][news] 成功爬取文章ID 58016
2025-06-02 16:53:38,957 - theblockbeats - INFO - [theblockbeats][news] 成功爬取文章ID 58017
2025-06-02 16:53:39,446 - theblockbeats - WARNING - [theblockbeats] https://www.theblockbeats.info/news/58018 页面结构异常，未找到内容主体
2025-06-02 16:53:39,447 - theblockbeats - INFO - [theblockbeats][news] 文章ID 58018 爬取失败
2025-06-02 16:53:39,749 - theblockbeats - INFO - [theblockbeats][news] 成功爬取文章ID 58019
2025-06-02 16:53:40,057 - theblockbeats - INFO - [theblockbeats][news] 成功爬取文章ID 58020
2025-06-02 16:53:40,346 - theblockbeats - INFO - [theblockbeats][news] 成功爬取文章ID 58021
2025-06-02 16:53:41,580 - theblockbeats - WARNING - [theblockbeats] https://www.theblockbeats.info/news/58022 页面结构异常，未找到内容主体
2025-06-02 16:53:41,581 - theblockbeats - INFO - [theblockbeats][news] 文章ID 58022 爬取失败
2025-06-02 16:53:41,931 - theblockbeats - INFO - [theblockbeats][news] 成功爬取文章ID 58023
2025-06-02 16:53:42,274 - theblockbeats - INFO - [theblockbeats][news] 成功爬取文章ID 58024
2025-06-02 16:53:42,806 - theblockbeats - WARNING - [theblockbeats] https://www.theblockbeats.info/news/58025 页面结构异常，未找到内容主体
2025-06-02 16:53:42,806 - theblockbeats - INFO - [theblockbeats][news] 文章ID 58025 爬取失败
2025-06-02 16:53:43,236 - theblockbeats - WARNING - [theblockbeats] https://www.theblockbeats.info/news/58026 页面结构异常，未找到内容主体
2025-06-02 16:53:43,238 - theblockbeats - INFO - [theblockbeats][news] 文章ID 58026 爬取失败
2025-06-02 16:53:43,558 - theblockbeats - INFO - [theblockbeats][news] 成功爬取文章ID 58027
2025-06-02 16:53:43,869 - theblockbeats - INFO - [theblockbeats][news] 成功爬取文章ID 58028
2025-06-02 16:53:44,178 - theblockbeats - INFO - [theblockbeats][news] 成功爬取文章ID 58029
2025-06-02 16:53:44,563 - theblockbeats - INFO - [theblockbeats][news] 成功爬取文章ID 58030
2025-06-02 16:53:45,100 - theblockbeats - WARNING - [theblockbeats] https://www.theblockbeats.info/news/58031 页面结构异常，未找到内容主体
2025-06-02 16:53:45,101 - theblockbeats - INFO - [theblockbeats][news] 文章ID 58031 爬取失败
2025-06-02 16:53:45,426 - theblockbeats - INFO - [theblockbeats][news] 成功爬取文章ID 58032
2025-06-02 16:53:45,761 - theblockbeats - INFO - [theblockbeats][news] 成功爬取文章ID 58033
2025-06-02 16:53:46,223 - theblockbeats - WARNING - [theblockbeats] https://www.theblockbeats.info/news/58034 页面结构异常，未找到内容主体
2025-06-02 16:53:46,224 - theblockbeats - INFO - [theblockbeats][news] 文章ID 58034 爬取失败
2025-06-02 16:53:46,817 - theblockbeats - WARNING - [theblockbeats] https://www.theblockbeats.info/news/58035 页面结构异常，未找到内容主体
2025-06-02 16:53:46,818 - theblockbeats - INFO - [theblockbeats][news] 文章ID 58035 爬取失败
2025-06-02 16:53:47,249 - theblockbeats - INFO - [theblockbeats][news] 成功爬取文章ID 58036
2025-06-02 16:53:47,750 - theblockbeats - INFO - [theblockbeats][news] 成功爬取文章ID 58037
2025-06-02 16:53:48,142 - theblockbeats - INFO - [theblockbeats][news] 成功爬取文章ID 58038
2025-06-02 16:53:48,460 - theblockbeats - INFO - [theblockbeats][news] 成功爬取文章ID 58039
2025-06-02 16:53:48,811 - theblockbeats - INFO - [theblockbeats][news] 成功爬取文章ID 58040
2025-06-02 16:53:49,193 - theblockbeats - INFO - [theblockbeats][news] 成功爬取文章ID 58041
2025-06-02 16:53:49,548 - theblockbeats - INFO - [theblockbeats][news] 成功爬取文章ID 58042
2025-06-02 16:53:49,895 - theblockbeats - INFO - [theblockbeats][news] 成功爬取文章ID 58043
2025-06-02 16:53:50,359 - theblockbeats - WARNING - [theblockbeats] https://www.theblockbeats.info/news/58044 页面结构异常，未找到内容主体
2025-06-02 16:53:50,360 - theblockbeats - INFO - [theblockbeats][news] 文章ID 58044 爬取失败
2025-06-02 16:53:50,698 - theblockbeats - INFO - [theblockbeats][news] 成功爬取文章ID 58045
2025-06-02 16:53:51,005 - theblockbeats - INFO - [theblockbeats][news] 成功爬取文章ID 58046
2025-06-02 16:53:51,438 - theblockbeats - WARNING - [theblockbeats] https://www.theblockbeats.info/news/58047 页面结构异常，未找到内容主体
2025-06-02 16:53:51,440 - theblockbeats - INFO - [theblockbeats][news] 文章ID 58047 爬取失败
2025-06-02 16:53:51,797 - theblockbeats - INFO - [theblockbeats][news] 成功爬取文章ID 58048
2025-06-02 16:53:52,163 - theblockbeats - INFO - [theblockbeats][news] 成功爬取文章ID 58049
2025-06-02 16:53:52,474 - theblockbeats - INFO - [theblockbeats][news] 成功爬取文章ID 58050
2025-06-02 16:53:52,924 - theblockbeats - WARNING - [theblockbeats] https://www.theblockbeats.info/news/58051 页面结构异常，未找到内容主体
2025-06-02 16:53:52,925 - theblockbeats - INFO - [theblockbeats][news] 文章ID 58051 爬取失败
2025-06-02 16:53:53,279 - theblockbeats - INFO - [theblockbeats][news] 成功爬取文章ID 58052
2025-06-02 16:53:53,642 - theblockbeats - INFO - [theblockbeats][news] 成功爬取文章ID 58053
2025-06-02 16:53:54,084 - theblockbeats - WARNING - [theblockbeats] https://www.theblockbeats.info/news/58054 页面结构异常，未找到内容主体
2025-06-02 16:53:54,085 - theblockbeats - INFO - [theblockbeats][news] 文章ID 58054 爬取失败
2025-06-02 16:53:54,663 - theblockbeats - WARNING - [theblockbeats] https://www.theblockbeats.info/news/58055 页面结构异常，未找到内容主体
2025-06-02 16:53:54,664 - theblockbeats - INFO - [theblockbeats][news] 文章ID 58055 爬取失败
2025-06-02 16:53:55,024 - theblockbeats - INFO - [theblockbeats][news] 成功爬取文章ID 58056
2025-06-02 16:53:55,362 - theblockbeats - INFO - [theblockbeats][news] 成功爬取文章ID 58057
2025-06-02 16:53:56,135 - theblockbeats - WARNING - [theblockbeats] https://www.theblockbeats.info/news/58058 页面结构异常，未找到内容主体
2025-06-02 16:53:56,135 - theblockbeats - INFO - [theblockbeats][news] 文章ID 58058 爬取失败
2025-06-02 16:53:56,615 - theblockbeats - WARNING - [theblockbeats] https://www.theblockbeats.info/news/58059 页面结构异常，未找到内容主体
2025-06-02 16:53:56,616 - theblockbeats - INFO - [theblockbeats][news] 文章ID 58059 爬取失败
2025-06-02 16:53:56,954 - theblockbeats - INFO - [theblockbeats][news] 成功爬取文章ID 58060
2025-06-02 16:53:57,311 - theblockbeats - INFO - [theblockbeats][news] 成功爬取文章ID 58061
2025-06-02 16:53:57,617 - theblockbeats - INFO - [theblockbeats][news] 成功爬取文章ID 58062
2025-06-02 16:53:57,984 - theblockbeats - INFO - [theblockbeats][news] 成功爬取文章ID 58063
2025-06-02 16:53:58,422 - theblockbeats - WARNING - [theblockbeats] https://www.theblockbeats.info/news/58064 页面结构异常，未找到内容主体
2025-06-02 16:53:58,423 - theblockbeats - INFO - [theblockbeats][news] 文章ID 58064 爬取失败
2025-06-02 16:53:59,031 - theblockbeats - WARNING - [theblockbeats] https://www.theblockbeats.info/news/58065 页面结构异常，未找到内容主体
2025-06-02 16:53:59,032 - theblockbeats - INFO - [theblockbeats][news] 文章ID 58065 爬取失败
2025-06-02 16:53:59,437 - theblockbeats - INFO - [theblockbeats][news] 成功爬取文章ID 58066
2025-06-02 16:54:00,098 - theblockbeats - WARNING - [theblockbeats] https://www.theblockbeats.info/news/58067 页面结构异常，未找到内容主体
2025-06-02 16:54:00,098 - theblockbeats - INFO - [theblockbeats][news] 文章ID 58067 爬取失败
2025-06-02 16:54:00,503 - theblockbeats - INFO - [theblockbeats][news] 成功爬取文章ID 58068
2025-06-02 16:54:00,848 - theblockbeats - INFO - [theblockbeats][news] 成功爬取文章ID 58069
2025-06-02 16:54:01,252 - theblockbeats - INFO - [theblockbeats][news] 成功爬取文章ID 58070
2025-06-02 16:54:01,600 - theblockbeats - INFO - [theblockbeats][news] 成功爬取文章ID 58071
2025-06-02 16:54:01,919 - theblockbeats - INFO - [theblockbeats][news] 成功爬取文章ID 58072
2025-06-02 16:54:02,257 - theblockbeats - INFO - [theblockbeats][news] 成功爬取文章ID 58073
2025-06-02 16:54:02,775 - theblockbeats - WARNING - [theblockbeats] https://www.theblockbeats.info/news/58074 页面结构异常，未找到内容主体
2025-06-02 16:54:02,776 - theblockbeats - INFO - [theblockbeats][news] 文章ID 58074 爬取失败
2025-06-02 16:54:03,138 - theblockbeats - INFO - [theblockbeats][news] 成功爬取文章ID 58075
2025-06-02 16:54:03,679 - theblockbeats - WARNING - [theblockbeats] https://www.theblockbeats.info/news/58076 页面结构异常，未找到内容主体
2025-06-02 16:54:03,680 - theblockbeats - INFO - [theblockbeats][news] 文章ID 58076 爬取失败
2025-06-02 16:54:04,041 - theblockbeats - INFO - [theblockbeats][news] 成功爬取文章ID 58077
2025-06-02 16:54:04,406 - theblockbeats - INFO - [theblockbeats][news] 成功爬取文章ID 58078
2025-06-02 16:54:05,571 - theblockbeats - WARNING - [theblockbeats] https://www.theblockbeats.info/news/58079 页面结构异常，未找到内容主体
2025-06-02 16:54:05,572 - theblockbeats - INFO - [theblockbeats][news] 文章ID 58079 爬取失败
2025-06-02 16:54:05,935 - theblockbeats - INFO - [theblockbeats][news] 成功爬取文章ID 58080
2025-06-02 16:54:06,297 - theblockbeats - INFO - [theblockbeats][news] 成功爬取文章ID 58081
2025-06-02 16:54:06,660 - theblockbeats - INFO - [theblockbeats][news] 成功爬取文章ID 58082
2025-06-02 16:54:07,157 - theblockbeats - WARNING - [theblockbeats] https://www.theblockbeats.info/news/58083 页面结构异常，未找到内容主体
2025-06-02 16:54:07,158 - theblockbeats - INFO - [theblockbeats][news] 文章ID 58083 爬取失败
2025-06-02 16:54:07,474 - theblockbeats - INFO - [theblockbeats][news] 成功爬取文章ID 58084
2025-06-02 16:54:07,802 - theblockbeats - INFO - [theblockbeats][news] 成功爬取文章ID 58085
2025-06-02 16:54:08,327 - theblockbeats - WARNING - [theblockbeats] https://www.theblockbeats.info/news/58086 页面结构异常，未找到内容主体
2025-06-02 16:54:08,328 - theblockbeats - INFO - [theblockbeats][news] 文章ID 58086 爬取失败
2025-06-02 16:54:08,881 - theblockbeats - WARNING - [theblockbeats] https://www.theblockbeats.info/news/58087 页面结构异常，未找到内容主体
2025-06-02 16:54:08,882 - theblockbeats - INFO - [theblockbeats][news] 文章ID 58087 爬取失败
2025-06-02 16:54:09,186 - theblockbeats - INFO - [theblockbeats][news] 成功爬取文章ID 58088
2025-06-02 16:54:09,990 - theblockbeats - WARNING - [theblockbeats] https://www.theblockbeats.info/news/58089 页面结构异常，未找到内容主体
2025-06-02 16:54:09,991 - theblockbeats - INFO - [theblockbeats][news] 文章ID 58089 爬取失败
2025-06-02 16:54:10,376 - theblockbeats - INFO - [theblockbeats][news] 成功爬取文章ID 58090
2025-06-02 16:54:10,742 - theblockbeats - INFO - [theblockbeats][news] 成功爬取文章ID 58091
2025-06-02 16:54:11,095 - theblockbeats - INFO - [theblockbeats][news] 成功爬取文章ID 58092
2025-06-02 16:54:11,473 - theblockbeats - INFO - [theblockbeats][news] 成功爬取文章ID 58093
2025-06-02 16:54:11,886 - theblockbeats - INFO - [theblockbeats][news] 成功爬取文章ID 58094
2025-06-02 16:54:12,286 - theblockbeats - INFO - [theblockbeats][news] 成功爬取文章ID 58095
2025-06-02 16:54:12,811 - theblockbeats - WARNING - [theblockbeats] https://www.theblockbeats.info/news/58096 页面结构异常，未找到内容主体
2025-06-02 16:54:12,813 - theblockbeats - INFO - [theblockbeats][news] 文章ID 58096 爬取失败
2025-06-02 16:54:13,776 - theblockbeats - INFO - [theblockbeats][news] 成功爬取文章ID 58097
2025-06-02 16:54:14,242 - theblockbeats - INFO - [theblockbeats][news] 成功爬取文章ID 58098
2025-06-02 16:54:14,689 - theblockbeats - INFO - [theblockbeats][news] 成功爬取文章ID 58099
2025-06-02 16:54:15,095 - theblockbeats - INFO - [theblockbeats][news] 成功爬取文章ID 58100
2025-06-02 16:54:15,427 - theblockbeats - INFO - [theblockbeats][news] 成功爬取文章ID 58101
2025-06-02 16:54:15,961 - theblockbeats - WARNING - [theblockbeats] https://www.theblockbeats.info/news/58102 页面结构异常，未找到内容主体
2025-06-02 16:54:15,963 - theblockbeats - INFO - [theblockbeats][news] 文章ID 58102 爬取失败
2025-06-02 16:54:16,374 - theblockbeats - INFO - [theblockbeats][news] 成功爬取文章ID 58103
2025-06-02 16:54:16,728 - theblockbeats - INFO - [theblockbeats][news] 成功爬取文章ID 58104
2025-06-02 16:54:17,152 - theblockbeats - INFO - [theblockbeats][news] 成功爬取文章ID 58105
2025-06-02 16:54:17,512 - theblockbeats - INFO - [theblockbeats][news] 成功爬取文章ID 58106
2025-06-02 16:54:17,923 - theblockbeats - INFO - [theblockbeats][news] 成功爬取文章ID 58107
2025-06-02 16:54:18,223 - theblockbeats - INFO - [theblockbeats][news] 成功爬取文章ID 58108
2025-06-02 16:54:18,541 - theblockbeats - INFO - [theblockbeats][news] 成功爬取文章ID 58109
2025-06-02 16:54:18,918 - theblockbeats - INFO - [theblockbeats][news] 成功爬取文章ID 58110
2025-06-02 16:54:19,238 - theblockbeats - INFO - [theblockbeats][news] 成功爬取文章ID 58111
2025-06-02 16:54:19,750 - theblockbeats - INFO - [theblockbeats][news] 成功爬取文章ID 58112
2025-06-02 16:54:20,316 - theblockbeats - INFO - [theblockbeats][news] 成功爬取文章ID 58113
2025-06-02 16:54:20,720 - theblockbeats - INFO - [theblockbeats][news] 成功爬取文章ID 58114
2025-06-02 16:54:21,088 - theblockbeats - INFO - [theblockbeats][news] 成功爬取文章ID 58115
2025-06-02 16:54:21,410 - theblockbeats - INFO - [theblockbeats][news] 成功爬取文章ID 58116
2025-06-02 16:54:21,911 - theblockbeats - WARNING - [theblockbeats] https://www.theblockbeats.info/news/58117 页面结构异常，未找到内容主体
2025-06-02 16:54:21,912 - theblockbeats - INFO - [theblockbeats][news] 文章ID 58117 爬取失败
2025-06-02 16:54:22,265 - theblockbeats - INFO - [theblockbeats][news] 成功爬取文章ID 58118
2025-06-02 16:54:22,581 - theblockbeats - INFO - [theblockbeats][news] 成功爬取文章ID 58119
2025-06-02 16:54:22,915 - theblockbeats - INFO - [theblockbeats][news] 成功爬取文章ID 58120
2025-06-02 16:54:23,464 - theblockbeats - WARNING - [theblockbeats] https://www.theblockbeats.info/news/58121 页面结构异常，未找到内容主体
2025-06-02 16:54:23,464 - theblockbeats - INFO - [theblockbeats][news] 文章ID 58121 爬取失败
2025-06-02 16:54:23,810 - theblockbeats - INFO - [theblockbeats][news] 成功爬取文章ID 58122
2025-06-02 16:54:24,161 - theblockbeats - INFO - [theblockbeats][news] 成功爬取文章ID 58123
2025-06-02 16:54:24,514 - theblockbeats - INFO - [theblockbeats][news] 成功爬取文章ID 58124
2025-06-02 16:54:24,877 - theblockbeats - INFO - [theblockbeats][news] 成功爬取文章ID 58125
2025-06-02 16:54:25,234 - theblockbeats - INFO - [theblockbeats][news] 成功爬取文章ID 58126
2025-06-02 16:54:25,563 - theblockbeats - INFO - [theblockbeats][news] 成功爬取文章ID 58127
2025-06-02 16:54:25,898 - theblockbeats - INFO - [theblockbeats][news] 成功爬取文章ID 58128
2025-06-02 16:54:26,266 - theblockbeats - INFO - [theblockbeats][news] 成功爬取文章ID 58129
2025-06-02 16:54:26,639 - theblockbeats - INFO - [theblockbeats][news] 成功爬取文章ID 58130
2025-06-02 16:54:26,972 - theblockbeats - INFO - [theblockbeats][news] 成功爬取文章ID 58131
2025-06-02 16:54:27,296 - theblockbeats - INFO - [theblockbeats][news] 成功爬取文章ID 58132
2025-06-02 16:54:27,672 - theblockbeats - INFO - [theblockbeats][news] 成功爬取文章ID 58133
2025-06-02 16:54:28,022 - theblockbeats - INFO - [theblockbeats][news] 成功爬取文章ID 58134
2025-06-02 16:54:28,358 - theblockbeats - INFO - [theblockbeats][news] 成功爬取文章ID 58135
2025-06-02 16:54:28,827 - theblockbeats - WARNING - [theblockbeats] https://www.theblockbeats.info/news/58136 页面结构异常，未找到内容主体
2025-06-02 16:54:28,829 - theblockbeats - INFO - [theblockbeats][news] 文章ID 58136 爬取失败
2025-06-02 16:54:29,168 - theblockbeats - INFO - [theblockbeats][news] 成功爬取文章ID 58137
2025-06-02 16:54:29,536 - theblockbeats - INFO - [theblockbeats][news] 成功爬取文章ID 58138
2025-06-02 16:54:29,895 - theblockbeats - INFO - [theblockbeats][news] 成功爬取文章ID 58139
2025-06-02 16:54:30,267 - theblockbeats - INFO - [theblockbeats][news] 成功爬取文章ID 58140
2025-06-02 16:54:30,706 - theblockbeats - INFO - [theblockbeats][news] 成功爬取文章ID 58141
2025-06-02 16:54:31,128 - theblockbeats - WARNING - [theblockbeats] https://www.theblockbeats.info/news/58142 页面结构异常，未找到内容主体
2025-06-02 16:54:31,129 - theblockbeats - INFO - [theblockbeats][news] 文章ID 58142 爬取失败
2025-06-02 16:54:31,443 - theblockbeats - INFO - [theblockbeats][news] 成功爬取文章ID 58143
2025-06-02 16:54:31,905 - theblockbeats - WARNING - [theblockbeats] https://www.theblockbeats.info/news/58144 页面结构异常，未找到内容主体
2025-06-02 16:54:31,906 - theblockbeats - INFO - [theblockbeats][news] 文章ID 58144 爬取失败
2025-06-02 16:54:32,264 - theblockbeats - INFO - [theblockbeats][news] 成功爬取文章ID 58145
2025-06-02 16:54:32,775 - theblockbeats - WARNING - [theblockbeats] https://www.theblockbeats.info/news/58146 页面结构异常，未找到内容主体
2025-06-02 16:54:32,775 - theblockbeats - INFO - [theblockbeats][news] 文章ID 58146 爬取失败
2025-06-02 16:54:33,170 - theblockbeats - INFO - [theblockbeats][news] 成功爬取文章ID 58147
2025-06-02 16:54:33,571 - theblockbeats - INFO - [theblockbeats][news] 成功爬取文章ID 58148
2025-06-02 16:54:33,891 - theblockbeats - INFO - [theblockbeats][news] 成功爬取文章ID 58149
2025-06-02 16:54:34,237 - theblockbeats - INFO - [theblockbeats][news] 成功爬取文章ID 58150
2025-06-02 16:54:34,556 - theblockbeats - INFO - [theblockbeats][news] 成功爬取文章ID 58151
2025-06-02 16:54:34,949 - theblockbeats - INFO - [theblockbeats][news] 成功爬取文章ID 58152
2025-06-02 16:54:35,321 - theblockbeats - INFO - [theblockbeats][news] 成功爬取文章ID 58153
2025-06-02 16:54:35,825 - theblockbeats - WARNING - [theblockbeats] https://www.theblockbeats.info/news/58154 页面结构异常，未找到内容主体
2025-06-02 16:54:35,826 - theblockbeats - INFO - [theblockbeats][news] 文章ID 58154 爬取失败
2025-06-02 16:54:36,190 - theblockbeats - INFO - [theblockbeats][news] 成功爬取文章ID 58155
2025-06-02 16:54:36,608 - theblockbeats - INFO - [theblockbeats][news] 成功爬取文章ID 58156
2025-06-02 16:54:37,050 - theblockbeats - INFO - [theblockbeats][news] 成功爬取文章ID 58157
2025-06-02 16:54:37,643 - theblockbeats - WARNING - [theblockbeats] https://www.theblockbeats.info/news/58158 页面结构异常，未找到内容主体
2025-06-02 16:54:37,644 - theblockbeats - INFO - [theblockbeats][news] 文章ID 58158 爬取失败
2025-06-02 16:54:38,107 - theblockbeats - INFO - [theblockbeats][news] 成功爬取文章ID 58159
2025-06-02 16:54:38,532 - theblockbeats - INFO - [theblockbeats][news] 成功爬取文章ID 58160
2025-06-02 16:54:38,901 - theblockbeats - INFO - [theblockbeats][news] 成功爬取文章ID 58161
2025-06-02 16:54:39,249 - theblockbeats - INFO - [theblockbeats][news] 成功爬取文章ID 58162
2025-06-02 16:54:39,700 - theblockbeats - WARNING - [theblockbeats] https://www.theblockbeats.info/news/58163 页面结构异常，未找到内容主体
2025-06-02 16:54:39,701 - theblockbeats - INFO - [theblockbeats][news] 文章ID 58163 爬取失败
2025-06-02 16:54:40,179 - theblockbeats - WARNING - [theblockbeats] https://www.theblockbeats.info/news/58164 页面结构异常，未找到内容主体
2025-06-02 16:54:40,179 - theblockbeats - INFO - [theblockbeats][news] 文章ID 58164 爬取失败
2025-06-02 16:54:40,708 - theblockbeats - WARNING - [theblockbeats] https://www.theblockbeats.info/news/58165 页面结构异常，未找到内容主体
2025-06-02 16:54:40,709 - theblockbeats - INFO - [theblockbeats][news] 文章ID 58165 爬取失败
2025-06-02 16:54:41,075 - theblockbeats - INFO - [theblockbeats][news] 成功爬取文章ID 58166
2025-06-02 16:54:41,560 - theblockbeats - WARNING - [theblockbeats] https://www.theblockbeats.info/news/58167 页面结构异常，未找到内容主体
2025-06-02 16:54:41,561 - theblockbeats - INFO - [theblockbeats][news] 文章ID 58167 爬取失败
2025-06-02 16:54:41,924 - theblockbeats - INFO - [theblockbeats][news] 成功爬取文章ID 58168
2025-06-02 16:54:42,428 - theblockbeats - WARNING - [theblockbeats] https://www.theblockbeats.info/news/58169 页面结构异常，未找到内容主体
2025-06-02 16:54:42,430 - theblockbeats - INFO - [theblockbeats][news] 文章ID 58169 爬取失败
2025-06-02 16:54:42,749 - theblockbeats - INFO - [theblockbeats][news] 成功爬取文章ID 58170
2025-06-02 16:54:43,985 - theblockbeats - WARNING - [theblockbeats] https://www.theblockbeats.info/news/58171 页面结构异常，未找到内容主体
2025-06-02 16:54:43,986 - theblockbeats - INFO - [theblockbeats][news] 文章ID 58171 爬取失败
2025-06-02 16:54:44,342 - theblockbeats - INFO - [theblockbeats][news] 成功爬取文章ID 58172
2025-06-02 16:54:44,711 - theblockbeats - INFO - [theblockbeats][news] 成功爬取文章ID 58173
2025-06-02 16:54:45,041 - theblockbeats - INFO - [theblockbeats][news] 成功爬取文章ID 58174
2025-06-02 16:54:45,382 - theblockbeats - INFO - [theblockbeats][news] 成功爬取文章ID 58175
2025-06-02 16:54:45,758 - theblockbeats - INFO - [theblockbeats][news] 成功爬取文章ID 58176
2025-06-02 16:54:46,115 - theblockbeats - INFO - [theblockbeats][news] 成功爬取文章ID 58177
2025-06-02 16:54:46,451 - theblockbeats - INFO - [theblockbeats][news] 成功爬取文章ID 58178
2025-06-02 16:54:46,878 - theblockbeats - WARNING - [theblockbeats] https://www.theblockbeats.info/news/58179 页面结构异常，未找到内容主体
2025-06-02 16:54:46,879 - theblockbeats - INFO - [theblockbeats][news] 文章ID 58179 爬取失败
2025-06-02 16:54:47,258 - theblockbeats - INFO - [theblockbeats][news] 成功爬取文章ID 58180
2025-06-02 16:54:47,594 - theblockbeats - INFO - [theblockbeats][news] 成功爬取文章ID 58181
2025-06-02 16:54:47,929 - theblockbeats - INFO - [theblockbeats][news] 成功爬取文章ID 58182
2025-06-02 16:54:48,266 - theblockbeats - INFO - [theblockbeats][news] 成功爬取文章ID 58183
2025-06-02 16:54:48,639 - theblockbeats - INFO - [theblockbeats][news] 成功爬取文章ID 58184
2025-06-02 16:54:48,946 - theblockbeats - INFO - [theblockbeats][news] 成功爬取文章ID 58185
2025-06-02 16:54:49,298 - theblockbeats - INFO - [theblockbeats][news] 成功爬取文章ID 58186
2025-06-02 16:54:49,672 - theblockbeats - INFO - [theblockbeats][news] 成功爬取文章ID 58187
2025-06-02 16:54:49,986 - theblockbeats - INFO - [theblockbeats][news] 成功爬取文章ID 58188
2025-06-02 16:54:50,446 - theblockbeats - WARNING - [theblockbeats] https://www.theblockbeats.info/news/58189 页面结构异常，未找到内容主体
2025-06-02 16:54:50,447 - theblockbeats - INFO - [theblockbeats][news] 文章ID 58189 爬取失败
2025-06-02 16:54:50,908 - theblockbeats - WARNING - [theblockbeats] https://www.theblockbeats.info/news/58190 页面结构异常，未找到内容主体
2025-06-02 16:54:50,910 - theblockbeats - INFO - [theblockbeats][news] 文章ID 58190 爬取失败
2025-06-02 16:54:51,304 - theblockbeats - INFO - [theblockbeats][news] 成功爬取文章ID 58191
2025-06-02 16:54:51,661 - theblockbeats - INFO - [theblockbeats][news] 成功爬取文章ID 58192
2025-06-02 16:54:52,019 - theblockbeats - INFO - [theblockbeats][news] 成功爬取文章ID 58193
2025-06-02 16:54:52,339 - theblockbeats - INFO - [theblockbeats][news] 成功爬取文章ID 58194
2025-06-02 16:54:52,683 - theblockbeats - INFO - [theblockbeats][news] 成功爬取文章ID 58195
2025-06-02 16:54:53,055 - theblockbeats - INFO - [theblockbeats][news] 成功爬取文章ID 58196
2025-06-02 16:54:53,385 - theblockbeats - INFO - [theblockbeats][news] 成功爬取文章ID 58197
2025-06-02 16:54:53,759 - theblockbeats - INFO - [theblockbeats][news] 成功爬取文章ID 58198
2025-06-02 16:54:54,107 - theblockbeats - INFO - [theblockbeats][news] 成功爬取文章ID 58199
2025-06-02 16:54:54,537 - theblockbeats - INFO - [theblockbeats][news] 成功爬取文章ID 58200
2025-06-02 16:54:54,968 - theblockbeats - INFO - [theblockbeats][news] 成功爬取文章ID 58201
2025-06-02 16:54:55,312 - theblockbeats - INFO - [theblockbeats][news] 成功爬取文章ID 58202
2025-06-02 16:54:55,660 - theblockbeats - INFO - [theblockbeats][news] 成功爬取文章ID 58203
2025-06-02 16:54:56,048 - theblockbeats - INFO - [theblockbeats][news] 成功爬取文章ID 58204
2025-06-02 16:54:56,395 - theblockbeats - INFO - [theblockbeats][news] 成功爬取文章ID 58205
2025-06-02 16:54:56,847 - theblockbeats - WARNING - [theblockbeats] https://www.theblockbeats.info/news/58206 页面结构异常，未找到内容主体
2025-06-02 16:54:56,849 - theblockbeats - INFO - [theblockbeats][news] 文章ID 58206 爬取失败
2025-06-02 16:54:57,234 - theblockbeats - WARNING - [theblockbeats] https://www.theblockbeats.info/news/58207 页面结构异常，未找到内容主体
2025-06-02 16:54:57,235 - theblockbeats - INFO - [theblockbeats][news] 文章ID 58207 爬取失败
2025-06-02 16:54:57,634 - theblockbeats - INFO - [theblockbeats][news] 成功爬取文章ID 58208
2025-06-02 16:54:58,084 - theblockbeats - WARNING - [theblockbeats] https://www.theblockbeats.info/news/58209 页面结构异常，未找到内容主体
2025-06-02 16:54:58,085 - theblockbeats - INFO - [theblockbeats][news] 文章ID 58209 爬取失败
2025-06-02 16:54:58,085 - theblockbeats - INFO - [theblockbeats][news] 进入重试阶段，失败ID数量 50
2025-06-02 16:54:58,400 - theblockbeats - INFO - [theblockbeats][news] 重试成功文章ID 58002
2025-06-02 16:54:58,789 - theblockbeats - INFO - [theblockbeats][news] 重试成功文章ID 58005
2025-06-02 16:54:59,128 - theblockbeats - INFO - [theblockbeats][news] 重试成功文章ID 58011
2025-06-02 16:54:59,984 - theblockbeats - WARNING - [theblockbeats] https://www.theblockbeats.info/news/58015 页面结构异常，未找到内容主体
2025-06-02 16:55:00,319 - theblockbeats - INFO - [theblockbeats][news] 重试成功文章ID 58018
2025-06-02 16:55:01,655 - theblockbeats - WARNING - [theblockbeats] https://www.theblockbeats.info/news/58022 页面结构异常，未找到内容主体
2025-06-02 16:55:01,969 - theblockbeats - INFO - [theblockbeats][news] 重试成功文章ID 58025
2025-06-02 16:55:02,436 - theblockbeats - WARNING - [theblockbeats] https://www.theblockbeats.info/news/58026 页面结构异常，未找到内容主体
2025-06-02 16:55:02,772 - theblockbeats - INFO - [theblockbeats][news] 重试成功文章ID 58031
2025-06-02 16:55:03,188 - theblockbeats - INFO - [theblockbeats][news] 重试成功文章ID 58034
2025-06-02 16:55:03,676 - theblockbeats - WARNING - [theblockbeats] https://www.theblockbeats.info/news/58035 页面结构异常，未找到内容主体
2025-06-02 16:55:04,055 - theblockbeats - INFO - [theblockbeats][news] 重试成功文章ID 58044
2025-06-02 16:55:04,613 - theblockbeats - WARNING - [theblockbeats] https://www.theblockbeats.info/news/58047 页面结构异常，未找到内容主体
2025-06-02 16:55:05,031 - theblockbeats - INFO - [theblockbeats][news] 重试成功文章ID 58051
2025-06-02 16:55:05,405 - theblockbeats - INFO - [theblockbeats][news] 重试成功文章ID 58054
2025-06-02 16:55:05,954 - theblockbeats - WARNING - [theblockbeats] https://www.theblockbeats.info/news/58055 页面结构异常，未找到内容主体
2025-06-02 16:55:06,403 - theblockbeats - WARNING - [theblockbeats] https://www.theblockbeats.info/news/58058 页面结构异常，未找到内容主体
2025-06-02 16:55:06,754 - theblockbeats - INFO - [theblockbeats][news] 重试成功文章ID 58059
2025-06-02 16:55:07,118 - theblockbeats - INFO - [theblockbeats][news] 重试成功文章ID 58064
2025-06-02 16:55:07,508 - theblockbeats - INFO - [theblockbeats][news] 重试成功文章ID 58065
2025-06-02 16:55:07,837 - theblockbeats - INFO - [theblockbeats][news] 重试成功文章ID 58067
2025-06-02 16:55:08,142 - theblockbeats - INFO - [theblockbeats][news] 重试成功文章ID 58074
2025-06-02 16:55:08,457 - theblockbeats - INFO - [theblockbeats][news] 重试成功文章ID 58076
2025-06-02 16:55:09,701 - theblockbeats - WARNING - [theblockbeats] https://www.theblockbeats.info/news/58079 页面结构异常，未找到内容主体
2025-06-02 16:55:10,064 - theblockbeats - INFO - [theblockbeats][news] 重试成功文章ID 58083
2025-06-02 16:55:10,493 - theblockbeats - WARNING - [theblockbeats] https://www.theblockbeats.info/news/58086 页面结构异常，未找到内容主体
2025-06-02 16:55:11,041 - theblockbeats - WARNING - [theblockbeats] https://www.theblockbeats.info/news/58087 页面结构异常，未找到内容主体
2025-06-02 16:55:12,339 - theblockbeats - WARNING - [theblockbeats] https://www.theblockbeats.info/news/58089 页面结构异常，未找到内容主体
2025-06-02 16:55:12,655 - theblockbeats - INFO - [theblockbeats][news] 重试成功文章ID 58096
2025-06-02 16:55:13,001 - theblockbeats - INFO - [theblockbeats][news] 重试成功文章ID 58102
2025-06-02 16:55:13,333 - theblockbeats - INFO - [theblockbeats][news] 重试成功文章ID 58117
2025-06-02 16:55:13,864 - theblockbeats - WARNING - [theblockbeats] https://www.theblockbeats.info/news/58121 页面结构异常，未找到内容主体
2025-06-02 16:55:14,217 - theblockbeats - INFO - [theblockbeats][news] 重试成功文章ID 58136
2025-06-02 16:55:14,493 - theblockbeats - INFO - [theblockbeats][news] 重试成功文章ID 58142
2025-06-02 16:55:14,855 - theblockbeats - INFO - [theblockbeats][news] 重试成功文章ID 58144
2025-06-02 16:55:15,171 - theblockbeats - INFO - [theblockbeats][news] 重试成功文章ID 58146
2025-06-02 16:55:15,526 - theblockbeats - INFO - [theblockbeats][news] 重试成功文章ID 58154
2025-06-02 16:55:15,858 - theblockbeats - INFO - [theblockbeats][news] 重试成功文章ID 58158
2025-06-02 16:55:16,120 - theblockbeats - INFO - [theblockbeats][news] 重试成功文章ID 58163
2025-06-02 16:55:16,510 - theblockbeats - INFO - [theblockbeats][news] 重试成功文章ID 58164
2025-06-02 16:55:16,863 - theblockbeats - INFO - [theblockbeats][news] 重试成功文章ID 58165
2025-06-02 16:55:17,228 - theblockbeats - INFO - [theblockbeats][news] 重试成功文章ID 58167
2025-06-02 16:55:17,546 - theblockbeats - INFO - [theblockbeats][news] 重试成功文章ID 58169
2025-06-02 16:55:18,770 - theblockbeats - WARNING - [theblockbeats] https://www.theblockbeats.info/news/58171 页面结构异常，未找到内容主体
2025-06-02 16:55:19,073 - theblockbeats - INFO - [theblockbeats][news] 重试成功文章ID 58179
2025-06-02 16:55:19,404 - theblockbeats - INFO - [theblockbeats][news] 重试成功文章ID 58189
2025-06-02 16:55:19,688 - theblockbeats - INFO - [theblockbeats][news] 重试成功文章ID 58190
2025-06-02 16:55:20,013 - theblockbeats - INFO - [theblockbeats][news] 重试成功文章ID 58206
2025-06-02 16:55:20,416 - theblockbeats - INFO - [theblockbeats][news] 重试成功文章ID 58207
2025-06-02 16:55:20,830 - theblockbeats - INFO - [theblockbeats][news] 重试成功文章ID 58209
2025-06-02 16:55:22,113 - theblockbeats - WARNING - [theblockbeats] https://www.theblockbeats.info/news/58015 页面结构异常，未找到内容主体
2025-06-02 16:55:23,324 - theblockbeats - WARNING - [theblockbeats] https://www.theblockbeats.info/news/58022 页面结构异常，未找到内容主体
2025-06-02 16:55:23,639 - theblockbeats - INFO - [theblockbeats][news] 重试成功文章ID 58026
2025-06-02 16:55:23,970 - theblockbeats - INFO - [theblockbeats][news] 重试成功文章ID 58035
2025-06-02 16:55:24,277 - theblockbeats - INFO - [theblockbeats][news] 重试成功文章ID 58047
2025-06-02 16:55:24,683 - theblockbeats - INFO - [theblockbeats][news] 重试成功文章ID 58055
2025-06-02 16:55:25,009 - theblockbeats - INFO - [theblockbeats][news] 重试成功文章ID 58058
2025-06-02 16:55:25,888 - theblockbeats - WARNING - [theblockbeats] https://www.theblockbeats.info/news/58079 页面结构异常，未找到内容主体
2025-06-02 16:55:26,209 - theblockbeats - INFO - [theblockbeats][news] 重试成功文章ID 58086
2025-06-02 16:55:26,578 - theblockbeats - INFO - [theblockbeats][news] 重试成功文章ID 58087
2025-06-02 16:55:27,876 - theblockbeats - WARNING - [theblockbeats] https://www.theblockbeats.info/news/58089 页面结构异常，未找到内容主体
2025-06-02 16:55:28,244 - theblockbeats - INFO - [theblockbeats][news] 重试成功文章ID 58121
2025-06-02 16:55:29,470 - theblockbeats - WARNING - [theblockbeats] https://www.theblockbeats.info/news/58171 页面结构异常，未找到内容主体
2025-06-02 16:55:30,727 - theblockbeats - WARNING - [theblockbeats] https://www.theblockbeats.info/news/58015 页面结构异常，未找到内容主体
2025-06-02 16:55:32,037 - theblockbeats - WARNING - [theblockbeats] https://www.theblockbeats.info/news/58022 页面结构异常，未找到内容主体
2025-06-02 16:55:33,321 - theblockbeats - WARNING - [theblockbeats] https://www.theblockbeats.info/news/58079 页面结构异常，未找到内容主体
2025-06-02 16:55:34,479 - theblockbeats - WARNING - [theblockbeats] https://www.theblockbeats.info/news/58089 页面结构异常，未找到内容主体
2025-06-02 16:55:35,747 - theblockbeats - WARNING - [theblockbeats] https://www.theblockbeats.info/news/58171 页面结构异常，未找到内容主体
2025-06-02 16:55:35,749 - theblockbeats - INFO - [theblockbeats] 更新 flash_last_number 为 296247
2025-06-02 16:55:35,750 - theblockbeats - INFO - [theblockbeats] 更新 news_last_number 为 58210
2025-06-02 17:48:25,377 - theblockbeats - INFO - [theblockbeats][flash] 从ID 296000 开始爬取
2025-06-02 17:48:25,775 - theblockbeats - INFO - [theblockbeats][flash] 成功爬取文章ID 296000
2025-06-02 17:48:26,091 - theblockbeats - INFO - [theblockbeats][flash] 成功爬取文章ID 296001
2025-06-02 17:48:26,482 - theblockbeats - INFO - [theblockbeats][flash] 成功爬取文章ID 296002
2025-06-02 17:48:27,179 - theblockbeats - WARNING - [theblockbeats] https://www.theblockbeats.info/flash/296003 页面结构异常，未找到flash内容主体
2025-06-02 17:48:27,182 - theblockbeats - INFO - [theblockbeats][flash] 文章ID 296003 爬取失败
2025-06-02 17:48:27,525 - theblockbeats - INFO - [theblockbeats][flash] 成功爬取文章ID 296004
2025-06-02 17:48:27,987 - theblockbeats - WARNING - [theblockbeats] https://www.theblockbeats.info/flash/296005 页面结构异常，未找到flash内容主体
2025-06-02 17:48:27,992 - theblockbeats - INFO - [theblockbeats][flash] 文章ID 296005 爬取失败
2025-06-02 17:48:28,298 - theblockbeats - INFO - [theblockbeats][flash] 成功爬取文章ID 296006
2025-06-02 17:48:28,829 - theblockbeats - WARNING - [theblockbeats] https://www.theblockbeats.info/flash/296007 页面结构异常，未找到flash内容主体
2025-06-02 17:48:28,831 - theblockbeats - INFO - [theblockbeats][flash] 文章ID 296007 爬取失败
2025-06-02 17:48:29,171 - theblockbeats - INFO - [theblockbeats][flash] 成功爬取文章ID 296008
2025-06-02 17:48:29,534 - theblockbeats - INFO - [theblockbeats][flash] 成功爬取文章ID 296009
2025-06-02 17:48:29,883 - theblockbeats - INFO - [theblockbeats][flash] 成功爬取文章ID 296010
2025-06-02 17:48:30,247 - theblockbeats - INFO - [theblockbeats][flash] 成功爬取文章ID 296011
2025-06-02 17:48:30,765 - theblockbeats - INFO - [theblockbeats][flash] 成功爬取文章ID 296012
2025-06-02 17:48:31,070 - theblockbeats - INFO - [theblockbeats][flash] 成功爬取文章ID 296013
2025-06-02 17:48:31,424 - theblockbeats - INFO - [theblockbeats][flash] 成功爬取文章ID 296014
2025-06-02 17:48:31,754 - theblockbeats - INFO - [theblockbeats][flash] 成功爬取文章ID 296015
2025-06-02 17:48:32,058 - theblockbeats - INFO - [theblockbeats][flash] 成功爬取文章ID 296016
2025-06-02 17:48:32,370 - theblockbeats - INFO - [theblockbeats][flash] 成功爬取文章ID 296017
2025-06-02 17:48:32,823 - theblockbeats - INFO - [theblockbeats][flash] 成功爬取文章ID 296018
2025-06-02 17:48:33,633 - theblockbeats - INFO - [theblockbeats][flash] 成功爬取文章ID 296019
2025-06-02 17:48:34,045 - theblockbeats - INFO - [theblockbeats][flash] 成功爬取文章ID 296020
2025-06-02 17:48:34,511 - theblockbeats - INFO - [theblockbeats][flash] 成功爬取文章ID 296021
2025-06-02 17:48:34,881 - theblockbeats - INFO - [theblockbeats][flash] 成功爬取文章ID 296022
2025-06-02 17:48:35,255 - theblockbeats - INFO - [theblockbeats][flash] 成功爬取文章ID 296023
2025-06-02 17:48:35,628 - theblockbeats - INFO - [theblockbeats][flash] 成功爬取文章ID 296024
2025-06-02 17:48:35,941 - theblockbeats - INFO - [theblockbeats][flash] 成功爬取文章ID 296025
2025-06-02 17:48:36,276 - theblockbeats - INFO - [theblockbeats][flash] 成功爬取文章ID 296026
2025-06-02 17:48:36,612 - theblockbeats - INFO - [theblockbeats][flash] 成功爬取文章ID 296027
2025-06-02 17:48:36,919 - theblockbeats - INFO - [theblockbeats][flash] 成功爬取文章ID 296028
2025-06-02 17:48:37,248 - theblockbeats - INFO - [theblockbeats][flash] 成功爬取文章ID 296029
2025-06-02 17:48:37,584 - theblockbeats - INFO - [theblockbeats][flash] 成功爬取文章ID 296030
2025-06-02 17:48:37,929 - theblockbeats - INFO - [theblockbeats][flash] 成功爬取文章ID 296031
2025-06-02 17:48:38,259 - theblockbeats - INFO - [theblockbeats][flash] 成功爬取文章ID 296032
2025-06-02 17:48:38,579 - theblockbeats - INFO - [theblockbeats][flash] 成功爬取文章ID 296033
2025-06-02 17:48:38,901 - theblockbeats - INFO - [theblockbeats][flash] 成功爬取文章ID 296034
2025-06-02 17:48:39,494 - theblockbeats - WARNING - [theblockbeats] https://www.theblockbeats.info/flash/296035 页面结构异常，未找到flash内容主体
2025-06-02 17:48:39,496 - theblockbeats - INFO - [theblockbeats][flash] 文章ID 296035 爬取失败
2025-06-02 17:48:39,855 - theblockbeats - INFO - [theblockbeats][flash] 成功爬取文章ID 296036
2025-06-02 17:48:40,345 - theblockbeats - WARNING - [theblockbeats] https://www.theblockbeats.info/flash/296037 页面结构异常，未找到flash内容主体
2025-06-02 17:48:40,346 - theblockbeats - INFO - [theblockbeats][flash] 文章ID 296037 爬取失败
2025-06-02 17:48:40,649 - theblockbeats - INFO - [theblockbeats][flash] 成功爬取文章ID 296038
2025-06-02 17:48:40,995 - theblockbeats - INFO - [theblockbeats][flash] 成功爬取文章ID 296039
2025-06-02 17:48:41,527 - theblockbeats - WARNING - [theblockbeats] https://www.theblockbeats.info/flash/296040 页面结构异常，未找到flash内容主体
2025-06-02 17:48:41,528 - theblockbeats - INFO - [theblockbeats][flash] 文章ID 296040 爬取失败
2025-06-02 17:48:41,853 - theblockbeats - INFO - [theblockbeats][flash] 成功爬取文章ID 296041
2025-06-02 17:48:42,163 - theblockbeats - INFO - [theblockbeats][flash] 成功爬取文章ID 296042
2025-06-02 17:48:42,519 - theblockbeats - INFO - [theblockbeats][flash] 成功爬取文章ID 296043
2025-06-02 17:48:42,831 - theblockbeats - INFO - [theblockbeats][flash] 成功爬取文章ID 296044
2025-06-02 17:48:43,158 - theblockbeats - INFO - [theblockbeats][flash] 成功爬取文章ID 296045
2025-06-02 17:48:43,599 - theblockbeats - WARNING - [theblockbeats] https://www.theblockbeats.info/flash/296046 页面结构异常，未找到flash内容主体
2025-06-02 17:48:43,600 - theblockbeats - INFO - [theblockbeats][flash] 文章ID 296046 爬取失败
2025-06-02 17:48:43,903 - theblockbeats - INFO - [theblockbeats][flash] 成功爬取文章ID 296047
2025-06-02 17:48:44,208 - theblockbeats - INFO - [theblockbeats][flash] 成功爬取文章ID 296048
2025-06-02 17:48:44,546 - theblockbeats - INFO - [theblockbeats][flash] 成功爬取文章ID 296049
2025-06-02 17:48:44,860 - theblockbeats - INFO - [theblockbeats][flash] 成功爬取文章ID 296050
2025-06-02 17:48:45,185 - theblockbeats - INFO - [theblockbeats][flash] 成功爬取文章ID 296051
2025-06-02 17:48:45,720 - theblockbeats - WARNING - [theblockbeats] https://www.theblockbeats.info/flash/296052 页面结构异常，未找到flash内容主体
2025-06-02 17:48:45,721 - theblockbeats - INFO - [theblockbeats][flash] 文章ID 296052 爬取失败
2025-06-02 17:48:46,056 - theblockbeats - INFO - [theblockbeats][flash] 成功爬取文章ID 296053
2025-06-02 17:48:46,352 - theblockbeats - INFO - [theblockbeats][flash] 成功爬取文章ID 296054
2025-06-02 17:48:46,681 - theblockbeats - INFO - [theblockbeats][flash] 成功爬取文章ID 296055
2025-06-02 17:48:46,974 - theblockbeats - INFO - [theblockbeats][flash] 成功爬取文章ID 296056
2025-06-02 17:48:47,279 - theblockbeats - INFO - [theblockbeats][flash] 成功爬取文章ID 296057
2025-06-02 17:48:47,567 - theblockbeats - INFO - [theblockbeats][flash] 成功爬取文章ID 296058
2025-06-02 17:48:48,071 - theblockbeats - WARNING - [theblockbeats] https://www.theblockbeats.info/flash/296059 页面结构异常，未找到flash内容主体
2025-06-02 17:48:48,072 - theblockbeats - INFO - [theblockbeats][flash] 文章ID 296059 爬取失败
2025-06-02 17:48:48,683 - theblockbeats - WARNING - [theblockbeats] https://www.theblockbeats.info/flash/296060 页面结构异常，未找到flash内容主体
2025-06-02 17:48:48,684 - theblockbeats - INFO - [theblockbeats][flash] 文章ID 296060 爬取失败
2025-06-02 17:48:49,271 - theblockbeats - WARNING - [theblockbeats] https://www.theblockbeats.info/flash/296061 页面结构异常，未找到flash内容主体
2025-06-02 17:48:49,274 - theblockbeats - INFO - [theblockbeats][flash] 文章ID 296061 爬取失败
2025-06-02 17:48:49,714 - theblockbeats - WARNING - [theblockbeats] https://www.theblockbeats.info/flash/296062 页面结构异常，未找到flash内容主体
2025-06-02 17:48:49,715 - theblockbeats - INFO - [theblockbeats][flash] 文章ID 296062 爬取失败
2025-06-02 17:48:50,024 - theblockbeats - INFO - [theblockbeats][flash] 成功爬取文章ID 296063
2025-06-02 17:48:50,340 - theblockbeats - INFO - [theblockbeats][flash] 成功爬取文章ID 296064
2025-06-02 17:48:50,723 - theblockbeats - INFO - [theblockbeats][flash] 成功爬取文章ID 296065
2025-06-02 17:48:51,026 - theblockbeats - INFO - [theblockbeats][flash] 成功爬取文章ID 296066
2025-06-02 17:48:51,355 - theblockbeats - INFO - [theblockbeats][flash] 成功爬取文章ID 296067
2025-06-02 17:48:51,657 - theblockbeats - INFO - [theblockbeats][flash] 成功爬取文章ID 296068
2025-06-02 17:48:51,999 - theblockbeats - INFO - [theblockbeats][flash] 成功爬取文章ID 296069
2025-06-02 17:48:52,319 - theblockbeats - INFO - [theblockbeats][flash] 成功爬取文章ID 296070
2025-06-02 17:48:52,632 - theblockbeats - INFO - [theblockbeats][flash] 成功爬取文章ID 296071
2025-06-02 17:48:52,944 - theblockbeats - INFO - [theblockbeats][flash] 成功爬取文章ID 296072
2025-06-02 17:48:53,277 - theblockbeats - INFO - [theblockbeats][flash] 成功爬取文章ID 296073
2025-06-02 17:48:53,626 - theblockbeats - INFO - [theblockbeats][flash] 成功爬取文章ID 296074
2025-06-02 17:48:53,953 - theblockbeats - INFO - [theblockbeats][flash] 成功爬取文章ID 296075
2025-06-02 17:48:54,288 - theblockbeats - INFO - [theblockbeats][flash] 成功爬取文章ID 296076
2025-06-02 17:48:54,761 - theblockbeats - WARNING - [theblockbeats] https://www.theblockbeats.info/flash/296077 页面结构异常，未找到flash内容主体
2025-06-02 17:48:54,762 - theblockbeats - INFO - [theblockbeats][flash] 文章ID 296077 爬取失败
2025-06-02 17:48:55,109 - theblockbeats - INFO - [theblockbeats][flash] 成功爬取文章ID 296078
2025-06-02 17:48:55,478 - theblockbeats - INFO - [theblockbeats][flash] 成功爬取文章ID 296079
2025-06-02 17:48:55,837 - theblockbeats - INFO - [theblockbeats][flash] 成功爬取文章ID 296080
2025-06-02 17:48:56,204 - theblockbeats - INFO - [theblockbeats][flash] 成功爬取文章ID 296081
2025-06-02 17:48:56,708 - theblockbeats - WARNING - [theblockbeats] https://www.theblockbeats.info/flash/296082 页面结构异常，未找到flash内容主体
2025-06-02 17:48:56,709 - theblockbeats - INFO - [theblockbeats][flash] 文章ID 296082 爬取失败
2025-06-02 17:48:57,034 - theblockbeats - INFO - [theblockbeats][flash] 成功爬取文章ID 296083
2025-06-02 17:48:57,464 - theblockbeats - INFO - [theblockbeats][flash] 成功爬取文章ID 296084
2025-06-02 17:48:57,778 - theblockbeats - INFO - [theblockbeats][flash] 成功爬取文章ID 296085
2025-06-02 17:48:58,256 - theblockbeats - WARNING - [theblockbeats] https://www.theblockbeats.info/flash/296086 页面结构异常，未找到flash内容主体
2025-06-02 17:48:58,258 - theblockbeats - INFO - [theblockbeats][flash] 文章ID 296086 爬取失败
2025-06-02 17:48:58,584 - theblockbeats - INFO - [theblockbeats][flash] 成功爬取文章ID 296087
2025-06-02 17:48:59,042 - theblockbeats - WARNING - [theblockbeats] https://www.theblockbeats.info/flash/296088 页面结构异常，未找到flash内容主体
2025-06-02 17:48:59,043 - theblockbeats - INFO - [theblockbeats][flash] 文章ID 296088 爬取失败
2025-06-02 17:48:59,333 - theblockbeats - INFO - [theblockbeats][flash] 成功爬取文章ID 296089
2025-06-02 17:48:59,606 - theblockbeats - INFO - [theblockbeats][flash] 成功爬取文章ID 296090
2025-06-02 17:48:59,924 - theblockbeats - INFO - [theblockbeats][flash] 成功爬取文章ID 296091
2025-06-02 17:49:00,235 - theblockbeats - INFO - [theblockbeats][flash] 成功爬取文章ID 296092
2025-06-02 17:49:00,566 - theblockbeats - INFO - [theblockbeats][flash] 成功爬取文章ID 296093
2025-06-02 17:49:00,888 - theblockbeats - INFO - [theblockbeats][flash] 成功爬取文章ID 296094
2025-06-02 17:49:01,401 - theblockbeats - WARNING - [theblockbeats] https://www.theblockbeats.info/flash/296095 页面结构异常，未找到flash内容主体
2025-06-02 17:49:01,402 - theblockbeats - INFO - [theblockbeats][flash] 文章ID 296095 爬取失败
2025-06-02 17:49:01,743 - theblockbeats - INFO - [theblockbeats][flash] 成功爬取文章ID 296096
2025-06-02 17:49:02,080 - theblockbeats - INFO - [theblockbeats][flash] 成功爬取文章ID 296097
2025-06-02 17:49:02,379 - theblockbeats - INFO - [theblockbeats][flash] 成功爬取文章ID 296098
2025-06-02 17:49:02,678 - theblockbeats - INFO - [theblockbeats][flash] 成功爬取文章ID 296099
2025-06-02 17:49:02,988 - theblockbeats - INFO - [theblockbeats][flash] 成功爬取文章ID 296100
2025-06-02 17:49:03,443 - theblockbeats - WARNING - [theblockbeats] https://www.theblockbeats.info/flash/296101 页面结构异常，未找到flash内容主体
2025-06-02 17:49:03,444 - theblockbeats - INFO - [theblockbeats][flash] 文章ID 296101 爬取失败
2025-06-02 17:49:03,748 - theblockbeats - INFO - [theblockbeats][flash] 成功爬取文章ID 296102
2025-06-02 17:49:04,090 - theblockbeats - INFO - [theblockbeats][flash] 成功爬取文章ID 296103
2025-06-02 17:49:04,438 - theblockbeats - INFO - [theblockbeats][flash] 成功爬取文章ID 296104
2025-06-02 17:49:04,750 - theblockbeats - INFO - [theblockbeats][flash] 成功爬取文章ID 296105
2025-06-02 17:49:05,272 - theblockbeats - WARNING - [theblockbeats] https://www.theblockbeats.info/flash/296106 页面结构异常，未找到flash内容主体
2025-06-02 17:49:05,274 - theblockbeats - INFO - [theblockbeats][flash] 文章ID 296106 爬取失败
2025-06-02 17:49:05,614 - theblockbeats - INFO - [theblockbeats][flash] 成功爬取文章ID 296107
2025-06-02 17:49:05,956 - theblockbeats - INFO - [theblockbeats][flash] 成功爬取文章ID 296108
2025-06-02 17:49:06,302 - theblockbeats - INFO - [theblockbeats][flash] 成功爬取文章ID 296109
2025-06-02 17:49:06,837 - theblockbeats - WARNING - [theblockbeats] https://www.theblockbeats.info/flash/296110 页面结构异常，未找到flash内容主体
2025-06-02 17:49:06,839 - theblockbeats - INFO - [theblockbeats][flash] 文章ID 296110 爬取失败
2025-06-02 17:49:07,363 - theblockbeats - WARNING - [theblockbeats] https://www.theblockbeats.info/flash/296111 页面结构异常，未找到flash内容主体
2025-06-02 17:49:07,364 - theblockbeats - INFO - [theblockbeats][flash] 文章ID 296111 爬取失败
2025-06-02 17:49:08,679 - theblockbeats - WARNING - [theblockbeats] https://www.theblockbeats.info/flash/296112 页面结构异常，未找到flash内容主体
2025-06-02 17:49:08,680 - theblockbeats - INFO - [theblockbeats][flash] 文章ID 296112 爬取失败
2025-06-02 17:49:08,994 - theblockbeats - INFO - [theblockbeats][flash] 成功爬取文章ID 296113
2025-06-02 17:49:09,292 - theblockbeats - INFO - [theblockbeats][flash] 成功爬取文章ID 296114
2025-06-02 17:49:09,778 - theblockbeats - WARNING - [theblockbeats] https://www.theblockbeats.info/flash/296115 页面结构异常，未找到flash内容主体
2025-06-02 17:49:09,780 - theblockbeats - INFO - [theblockbeats][flash] 文章ID 296115 爬取失败
2025-06-02 17:49:10,103 - theblockbeats - INFO - [theblockbeats][flash] 成功爬取文章ID 296116
2025-06-02 17:49:10,406 - theblockbeats - INFO - [theblockbeats][flash] 成功爬取文章ID 296117
2025-06-02 17:49:10,693 - theblockbeats - INFO - [theblockbeats][flash] 成功爬取文章ID 296118
2025-06-02 17:49:11,162 - theblockbeats - WARNING - [theblockbeats] https://www.theblockbeats.info/flash/296119 页面结构异常，未找到flash内容主体
2025-06-02 17:49:11,164 - theblockbeats - INFO - [theblockbeats][flash] 文章ID 296119 爬取失败
2025-06-02 17:49:11,469 - theblockbeats - INFO - [theblockbeats][flash] 成功爬取文章ID 296120
2025-06-02 17:49:11,776 - theblockbeats - INFO - [theblockbeats][flash] 成功爬取文章ID 296121
2025-06-02 17:49:12,150 - theblockbeats - INFO - [theblockbeats][flash] 成功爬取文章ID 296122
2025-06-02 17:49:12,486 - theblockbeats - INFO - [theblockbeats][flash] 成功爬取文章ID 296123
2025-06-02 17:49:12,854 - theblockbeats - INFO - [theblockbeats][flash] 成功爬取文章ID 296124
2025-06-02 17:49:13,299 - theblockbeats - INFO - [theblockbeats][flash] 成功爬取文章ID 296125
2025-06-02 17:49:13,754 - theblockbeats - WARNING - [theblockbeats] https://www.theblockbeats.info/flash/296126 页面结构异常，未找到flash内容主体
2025-06-02 17:49:13,756 - theblockbeats - INFO - [theblockbeats][flash] 文章ID 296126 爬取失败
2025-06-02 17:49:14,098 - theblockbeats - INFO - [theblockbeats][flash] 成功爬取文章ID 296127
2025-06-02 17:49:14,454 - theblockbeats - INFO - [theblockbeats][flash] 成功爬取文章ID 296128
2025-06-02 17:49:14,808 - theblockbeats - INFO - [theblockbeats][flash] 成功爬取文章ID 296129
2025-06-02 17:49:15,228 - theblockbeats - INFO - [theblockbeats][flash] 成功爬取文章ID 296130
2025-06-02 17:49:15,707 - theblockbeats - WARNING - [theblockbeats] https://www.theblockbeats.info/flash/296131 页面结构异常，未找到flash内容主体
2025-06-02 17:49:15,708 - theblockbeats - INFO - [theblockbeats][flash] 文章ID 296131 爬取失败
2025-06-02 17:49:16,037 - theblockbeats - INFO - [theblockbeats][flash] 成功爬取文章ID 296132
2025-06-02 17:49:16,359 - theblockbeats - INFO - [theblockbeats][flash] 成功爬取文章ID 296133
2025-06-02 17:49:16,788 - theblockbeats - WARNING - [theblockbeats] https://www.theblockbeats.info/flash/296134 页面结构异常，未找到flash内容主体
2025-06-02 17:49:16,790 - theblockbeats - INFO - [theblockbeats][flash] 文章ID 296134 爬取失败
2025-06-02 17:49:17,156 - theblockbeats - INFO - [theblockbeats][flash] 成功爬取文章ID 296135
2025-06-02 17:49:17,628 - theblockbeats - WARNING - [theblockbeats] https://www.theblockbeats.info/flash/296136 页面结构异常，未找到flash内容主体
2025-06-02 17:49:17,630 - theblockbeats - INFO - [theblockbeats][flash] 文章ID 296136 爬取失败
2025-06-02 17:49:17,990 - theblockbeats - INFO - [theblockbeats][flash] 成功爬取文章ID 296137
2025-06-02 17:49:18,336 - theblockbeats - INFO - [theblockbeats][flash] 成功爬取文章ID 296138
2025-06-02 17:49:18,685 - theblockbeats - INFO - [theblockbeats][flash] 成功爬取文章ID 296139
2025-06-02 17:49:18,986 - theblockbeats - INFO - [theblockbeats][flash] 成功爬取文章ID 296140
2025-06-02 17:49:19,313 - theblockbeats - INFO - [theblockbeats][flash] 成功爬取文章ID 296141
2025-06-02 17:49:19,621 - theblockbeats - INFO - [theblockbeats][flash] 成功爬取文章ID 296142
2025-06-02 17:49:20,033 - theblockbeats - INFO - [theblockbeats][flash] 成功爬取文章ID 296143
2025-06-02 17:49:20,492 - theblockbeats - INFO - [theblockbeats][flash] 成功爬取文章ID 296144
2025-06-02 17:49:21,068 - theblockbeats - INFO - [theblockbeats][flash] 成功爬取文章ID 296145
2025-06-02 17:49:21,577 - theblockbeats - INFO - [theblockbeats][flash] 成功爬取文章ID 296146
2025-06-02 17:49:22,030 - theblockbeats - WARNING - [theblockbeats] https://www.theblockbeats.info/flash/296147 页面结构异常，未找到flash内容主体
2025-06-02 17:49:22,033 - theblockbeats - INFO - [theblockbeats][flash] 文章ID 296147 爬取失败
2025-06-02 17:49:22,446 - theblockbeats - INFO - [theblockbeats][flash] 成功爬取文章ID 296148
2025-06-02 17:49:22,928 - theblockbeats - WARNING - [theblockbeats] https://www.theblockbeats.info/flash/296149 页面结构异常，未找到flash内容主体
2025-06-02 17:49:22,931 - theblockbeats - INFO - [theblockbeats][flash] 文章ID 296149 爬取失败
2025-06-02 17:49:23,255 - theblockbeats - INFO - [theblockbeats][flash] 成功爬取文章ID 296150
2025-06-02 17:49:23,610 - theblockbeats - INFO - [theblockbeats][flash] 成功爬取文章ID 296151
2025-06-02 17:49:23,928 - theblockbeats - INFO - [theblockbeats][flash] 成功爬取文章ID 296152
2025-06-02 17:49:24,277 - theblockbeats - INFO - [theblockbeats][flash] 成功爬取文章ID 296153
2025-06-02 17:49:24,769 - theblockbeats - WARNING - [theblockbeats] https://www.theblockbeats.info/flash/296154 页面结构异常，未找到flash内容主体
2025-06-02 17:49:24,770 - theblockbeats - INFO - [theblockbeats][flash] 文章ID 296154 爬取失败
2025-06-02 17:49:25,082 - theblockbeats - INFO - [theblockbeats][flash] 成功爬取文章ID 296155
2025-06-02 17:49:25,510 - theblockbeats - INFO - [theblockbeats][flash] 成功爬取文章ID 296156
2025-06-02 17:49:25,829 - theblockbeats - INFO - [theblockbeats][flash] 成功爬取文章ID 296157
2025-06-02 17:49:26,161 - theblockbeats - INFO - [theblockbeats][flash] 成功爬取文章ID 296158
2025-06-02 17:49:26,652 - theblockbeats - WARNING - [theblockbeats] https://www.theblockbeats.info/flash/296159 页面结构异常，未找到flash内容主体
2025-06-02 17:49:26,653 - theblockbeats - INFO - [theblockbeats][flash] 文章ID 296159 爬取失败
2025-06-02 17:49:26,940 - theblockbeats - INFO - [theblockbeats][flash] 成功爬取文章ID 296160
2025-06-02 17:49:27,308 - theblockbeats - INFO - [theblockbeats][flash] 成功爬取文章ID 296161
2025-06-02 17:49:27,627 - theblockbeats - INFO - [theblockbeats][flash] 成功爬取文章ID 296162
2025-06-02 17:49:27,974 - theblockbeats - INFO - [theblockbeats][flash] 成功爬取文章ID 296163
2025-06-02 17:49:28,307 - theblockbeats - INFO - [theblockbeats][flash] 成功爬取文章ID 296164
2025-06-02 17:49:28,656 - theblockbeats - INFO - [theblockbeats][flash] 成功爬取文章ID 296165
2025-06-02 17:49:29,012 - theblockbeats - INFO - [theblockbeats][flash] 成功爬取文章ID 296166
2025-06-02 17:49:29,343 - theblockbeats - INFO - [theblockbeats][flash] 成功爬取文章ID 296167
2025-06-02 17:49:29,817 - theblockbeats - WARNING - [theblockbeats] https://www.theblockbeats.info/flash/296168 页面结构异常，未找到flash内容主体
2025-06-02 17:49:29,819 - theblockbeats - INFO - [theblockbeats][flash] 文章ID 296168 爬取失败
2025-06-02 17:49:30,140 - theblockbeats - INFO - [theblockbeats][flash] 成功爬取文章ID 296169
2025-06-02 17:49:30,625 - theblockbeats - INFO - [theblockbeats][flash] 成功爬取文章ID 296170
2025-06-02 17:49:31,122 - theblockbeats - WARNING - [theblockbeats] https://www.theblockbeats.info/flash/296171 页面结构异常，未找到flash内容主体
2025-06-02 17:49:31,123 - theblockbeats - INFO - [theblockbeats][flash] 文章ID 296171 爬取失败
2025-06-02 17:49:31,459 - theblockbeats - INFO - [theblockbeats][flash] 成功爬取文章ID 296172
2025-06-02 17:49:31,803 - theblockbeats - INFO - [theblockbeats][flash] 成功爬取文章ID 296173
2025-06-02 17:49:32,221 - theblockbeats - INFO - [theblockbeats][flash] 成功爬取文章ID 296174
2025-06-02 17:49:32,518 - theblockbeats - INFO - [theblockbeats][flash] 成功爬取文章ID 296175
2025-06-02 17:49:32,823 - theblockbeats - INFO - [theblockbeats][flash] 成功爬取文章ID 296176
2025-06-02 17:49:33,439 - theblockbeats - WARNING - [theblockbeats] https://www.theblockbeats.info/flash/296177 页面结构异常，未找到flash内容主体
2025-06-02 17:49:33,440 - theblockbeats - INFO - [theblockbeats][flash] 文章ID 296177 爬取失败
2025-06-02 17:49:33,713 - theblockbeats - INFO - [theblockbeats][flash] 成功爬取文章ID 296178
2025-06-02 17:49:34,037 - theblockbeats - INFO - [theblockbeats][flash] 成功爬取文章ID 296179
2025-06-02 17:49:34,518 - theblockbeats - INFO - [theblockbeats][flash] 成功爬取文章ID 296180
2025-06-02 17:49:35,427 - theblockbeats - WARNING - [theblockbeats] https://www.theblockbeats.info/flash/296181 页面结构异常，未找到flash内容主体
2025-06-02 17:49:35,428 - theblockbeats - INFO - [theblockbeats][flash] 文章ID 296181 爬取失败
2025-06-02 17:49:35,779 - theblockbeats - INFO - [theblockbeats][flash] 成功爬取文章ID 296182
2025-06-02 17:49:36,114 - theblockbeats - INFO - [theblockbeats][flash] 成功爬取文章ID 296183
2025-06-02 17:49:36,464 - theblockbeats - INFO - [theblockbeats][flash] 成功爬取文章ID 296184
2025-06-02 17:49:36,789 - theblockbeats - INFO - [theblockbeats][flash] 成功爬取文章ID 296185
2025-06-02 17:49:37,127 - theblockbeats - INFO - [theblockbeats][flash] 成功爬取文章ID 296186
2025-06-02 17:49:37,633 - theblockbeats - WARNING - [theblockbeats] https://www.theblockbeats.info/flash/296187 页面结构异常，未找到flash内容主体
2025-06-02 17:49:37,634 - theblockbeats - INFO - [theblockbeats][flash] 文章ID 296187 爬取失败
2025-06-02 17:49:38,132 - theblockbeats - INFO - [theblockbeats][flash] 成功爬取文章ID 296188
2025-06-02 17:49:38,481 - theblockbeats - INFO - [theblockbeats][flash] 成功爬取文章ID 296189
2025-06-02 17:49:38,791 - theblockbeats - INFO - [theblockbeats][flash] 成功爬取文章ID 296190
2025-06-02 17:49:39,329 - theblockbeats - WARNING - [theblockbeats] https://www.theblockbeats.info/flash/296191 页面结构异常，未找到flash内容主体
2025-06-02 17:49:39,330 - theblockbeats - INFO - [theblockbeats][flash] 文章ID 296191 爬取失败
2025-06-02 17:49:39,821 - theblockbeats - WARNING - [theblockbeats] https://www.theblockbeats.info/flash/296192 页面结构异常，未找到flash内容主体
2025-06-02 17:49:39,823 - theblockbeats - INFO - [theblockbeats][flash] 文章ID 296192 爬取失败
2025-06-02 17:49:40,140 - theblockbeats - INFO - [theblockbeats][flash] 成功爬取文章ID 296193
2025-06-02 17:49:40,478 - theblockbeats - INFO - [theblockbeats][flash] 成功爬取文章ID 296194
2025-06-02 17:49:40,776 - theblockbeats - INFO - [theblockbeats][flash] 成功爬取文章ID 296195
2025-06-02 17:49:41,315 - theblockbeats - WARNING - [theblockbeats] https://www.theblockbeats.info/flash/296196 页面结构异常，未找到flash内容主体
2025-06-02 17:49:41,316 - theblockbeats - INFO - [theblockbeats][flash] 文章ID 296196 爬取失败
2025-06-02 17:49:41,622 - theblockbeats - INFO - [theblockbeats][flash] 成功爬取文章ID 296197
2025-06-02 17:49:42,014 - theblockbeats - INFO - [theblockbeats][flash] 成功爬取文章ID 296198
2025-06-02 17:49:42,338 - theblockbeats - INFO - [theblockbeats][flash] 成功爬取文章ID 296199
2025-06-02 17:49:42,671 - theblockbeats - INFO - [theblockbeats][flash] 成功爬取文章ID 296200
2025-06-02 17:49:42,983 - theblockbeats - INFO - [theblockbeats][flash] 成功爬取文章ID 296201
2025-06-02 17:49:43,332 - theblockbeats - INFO - [theblockbeats][flash] 成功爬取文章ID 296202
2025-06-02 17:49:43,828 - theblockbeats - WARNING - [theblockbeats] https://www.theblockbeats.info/flash/296203 页面结构异常，未找到flash内容主体
2025-06-02 17:49:43,829 - theblockbeats - INFO - [theblockbeats][flash] 文章ID 296203 爬取失败
2025-06-02 17:49:44,119 - theblockbeats - INFO - [theblockbeats][flash] 成功爬取文章ID 296204
2025-06-02 17:49:44,454 - theblockbeats - INFO - [theblockbeats][flash] 成功爬取文章ID 296205
2025-06-02 17:49:44,745 - theblockbeats - INFO - [theblockbeats][flash] 成功爬取文章ID 296206
2025-06-02 17:49:45,082 - theblockbeats - INFO - [theblockbeats][flash] 成功爬取文章ID 296207
2025-06-02 17:49:45,400 - theblockbeats - INFO - [theblockbeats][flash] 成功爬取文章ID 296208
2025-06-02 17:49:45,729 - theblockbeats - INFO - [theblockbeats][flash] 成功爬取文章ID 296209
2025-06-02 17:49:46,069 - theblockbeats - INFO - [theblockbeats][flash] 成功爬取文章ID 296210
2025-06-02 17:49:46,460 - theblockbeats - INFO - [theblockbeats][flash] 成功爬取文章ID 296211
2025-06-02 17:49:46,764 - theblockbeats - INFO - [theblockbeats][flash] 成功爬取文章ID 296212
2025-06-02 17:49:47,100 - theblockbeats - INFO - [theblockbeats][flash] 成功爬取文章ID 296213
2025-06-02 17:49:47,438 - theblockbeats - INFO - [theblockbeats][flash] 成功爬取文章ID 296214
2025-06-02 17:49:47,921 - theblockbeats - INFO - [theblockbeats][flash] 成功爬取文章ID 296215
2025-06-02 17:49:49,172 - theblockbeats - WARNING - [theblockbeats] https://www.theblockbeats.info/flash/296216 页面结构异常，未找到flash内容主体
2025-06-02 17:49:49,186 - theblockbeats - INFO - [theblockbeats][flash] 文章ID 296216 爬取失败
2025-06-02 17:49:49,519 - theblockbeats - INFO - [theblockbeats][flash] 成功爬取文章ID 296217
2025-06-02 17:49:49,871 - theblockbeats - INFO - [theblockbeats][flash] 成功爬取文章ID 296218
2025-06-02 17:49:50,303 - theblockbeats - WARNING - [theblockbeats] https://www.theblockbeats.info/flash/296219 页面结构异常，未找到flash内容主体
2025-06-02 17:49:50,305 - theblockbeats - INFO - [theblockbeats][flash] 文章ID 296219 爬取失败
2025-06-02 17:49:50,609 - theblockbeats - INFO - [theblockbeats][flash] 成功爬取文章ID 296220
2025-06-02 17:49:50,931 - theblockbeats - INFO - [theblockbeats][flash] 成功爬取文章ID 296221
2025-06-02 17:49:51,300 - theblockbeats - INFO - [theblockbeats][flash] 成功爬取文章ID 296222
2025-06-02 17:49:51,615 - theblockbeats - INFO - [theblockbeats][flash] 成功爬取文章ID 296223
2025-06-02 17:49:52,154 - theblockbeats - WARNING - [theblockbeats] https://www.theblockbeats.info/flash/296224 页面结构异常，未找到flash内容主体
2025-06-02 17:49:52,161 - theblockbeats - INFO - [theblockbeats][flash] 文章ID 296224 爬取失败
2025-06-02 17:49:52,490 - theblockbeats - INFO - [theblockbeats][flash] 成功爬取文章ID 296225
2025-06-02 17:49:52,964 - theblockbeats - WARNING - [theblockbeats] https://www.theblockbeats.info/flash/296226 页面结构异常，未找到flash内容主体
2025-06-02 17:49:52,966 - theblockbeats - INFO - [theblockbeats][flash] 文章ID 296226 爬取失败
2025-06-02 17:49:53,237 - theblockbeats - INFO - [theblockbeats][flash] 成功爬取文章ID 296227
2025-06-02 17:49:53,556 - theblockbeats - INFO - [theblockbeats][flash] 成功爬取文章ID 296228
2025-06-02 17:49:53,919 - theblockbeats - INFO - [theblockbeats][flash] 成功爬取文章ID 296229
2025-06-02 17:49:54,234 - theblockbeats - INFO - [theblockbeats][flash] 成功爬取文章ID 296230
2025-06-02 17:49:54,619 - theblockbeats - INFO - [theblockbeats][flash] 成功爬取文章ID 296231
2025-06-02 17:49:55,094 - theblockbeats - WARNING - [theblockbeats] https://www.theblockbeats.info/flash/296232 页面结构异常，未找到flash内容主体
2025-06-02 17:49:55,096 - theblockbeats - INFO - [theblockbeats][flash] 文章ID 296232 爬取失败
2025-06-02 17:49:55,427 - theblockbeats - INFO - [theblockbeats][flash] 成功爬取文章ID 296233
2025-06-02 17:49:55,746 - theblockbeats - INFO - [theblockbeats][flash] 成功爬取文章ID 296234
2025-06-02 17:49:56,100 - theblockbeats - INFO - [theblockbeats][flash] 成功爬取文章ID 296235
2025-06-02 17:49:56,409 - theblockbeats - INFO - [theblockbeats][flash] 成功爬取文章ID 296236
2025-06-02 17:49:56,956 - theblockbeats - WARNING - [theblockbeats] https://www.theblockbeats.info/flash/296237 页面结构异常，未找到flash内容主体
2025-06-02 17:49:56,957 - theblockbeats - INFO - [theblockbeats][flash] 文章ID 296237 爬取失败
2025-06-02 17:49:57,572 - theblockbeats - WARNING - [theblockbeats] https://www.theblockbeats.info/flash/296238 页面结构异常，未找到flash内容主体
2025-06-02 17:49:57,573 - theblockbeats - INFO - [theblockbeats][flash] 文章ID 296238 爬取失败
2025-06-02 17:49:57,863 - theblockbeats - INFO - [theblockbeats][flash] 成功爬取文章ID 296239
2025-06-02 17:49:58,157 - theblockbeats - INFO - [theblockbeats][flash] 成功爬取文章ID 296240
2025-06-02 17:49:58,471 - theblockbeats - INFO - [theblockbeats][flash] 成功爬取文章ID 296241
2025-06-02 17:49:58,811 - theblockbeats - INFO - [theblockbeats][flash] 成功爬取文章ID 296242
2025-06-02 17:49:59,287 - theblockbeats - INFO - [theblockbeats][flash] 成功爬取文章ID 296243
2025-06-02 17:49:59,591 - theblockbeats - INFO - [theblockbeats][flash] 成功爬取文章ID 296244
2025-06-02 17:49:59,919 - theblockbeats - INFO - [theblockbeats][flash] 成功爬取文章ID 296245
2025-06-02 17:50:00,243 - theblockbeats - INFO - [theblockbeats][flash] 成功爬取文章ID 296246
2025-06-02 17:50:00,569 - theblockbeats - INFO - [theblockbeats][flash] 成功爬取文章ID 296247
2025-06-02 17:50:00,878 - theblockbeats - INFO - [theblockbeats][flash] 成功爬取文章ID 296248
2025-06-02 17:50:01,176 - theblockbeats - INFO - [theblockbeats][flash] 成功爬取文章ID 296249
2025-06-02 17:50:01,503 - theblockbeats - INFO - [theblockbeats][flash] 成功爬取文章ID 296250
2025-06-02 17:50:01,804 - theblockbeats - INFO - [theblockbeats][flash] 成功爬取文章ID 296251
2025-06-02 17:50:02,108 - theblockbeats - INFO - [theblockbeats][flash] 成功爬取文章ID 296252
2025-06-02 17:50:02,462 - theblockbeats - INFO - [theblockbeats][flash] 成功爬取文章ID 296253
2025-06-02 17:50:02,955 - theblockbeats - WARNING - [theblockbeats] https://www.theblockbeats.info/flash/296254 页面结构异常，未找到flash内容主体
2025-06-02 17:50:02,956 - theblockbeats - INFO - [theblockbeats][flash] 文章ID 296254 爬取失败
2025-06-02 17:50:03,349 - theblockbeats - INFO - [theblockbeats][flash] 成功爬取文章ID 296255
2025-06-02 17:50:03,683 - theblockbeats - INFO - [theblockbeats][flash] 成功爬取文章ID 296256
2025-06-02 17:50:03,985 - theblockbeats - INFO - [theblockbeats][flash] 成功爬取文章ID 296257
2025-06-02 17:50:04,309 - theblockbeats - INFO - [theblockbeats][flash] 成功爬取文章ID 296258
2025-06-02 17:50:04,626 - theblockbeats - INFO - [theblockbeats][flash] 成功爬取文章ID 296259
2025-06-02 17:50:05,084 - theblockbeats - WARNING - [theblockbeats] https://www.theblockbeats.info/flash/296260 页面结构异常，未找到flash内容主体
2025-06-02 17:50:05,085 - theblockbeats - INFO - [theblockbeats][flash] 文章ID 296260 爬取失败
2025-06-02 17:50:05,086 - theblockbeats - INFO - [theblockbeats][flash] 进入重试阶段，失败ID数量 50
2025-06-02 17:50:05,441 - theblockbeats - INFO - [theblockbeats][flash] 重试成功文章ID 296003
2025-06-02 17:50:05,974 - theblockbeats - WARNING - [theblockbeats] https://www.theblockbeats.info/flash/296005 页面结构异常，未找到flash内容主体
2025-06-02 17:50:06,517 - theblockbeats - WARNING - [theblockbeats] https://www.theblockbeats.info/flash/296007 页面结构异常，未找到flash内容主体
2025-06-02 17:50:06,823 - theblockbeats - INFO - [theblockbeats][flash] 重试成功文章ID 296035
2025-06-02 17:50:07,155 - theblockbeats - INFO - [theblockbeats][flash] 重试成功文章ID 296037
2025-06-02 17:50:07,522 - theblockbeats - INFO - [theblockbeats][flash] 重试成功文章ID 296040
2025-06-02 17:50:07,855 - theblockbeats - INFO - [theblockbeats][flash] 重试成功文章ID 296046
2025-06-02 17:50:08,174 - theblockbeats - INFO - [theblockbeats][flash] 重试成功文章ID 296052
2025-06-02 17:50:08,500 - theblockbeats - INFO - [theblockbeats][flash] 重试成功文章ID 296059
2025-06-02 17:50:08,859 - theblockbeats - INFO - [theblockbeats][flash] 重试成功文章ID 296060
2025-06-02 17:50:09,174 - theblockbeats - INFO - [theblockbeats][flash] 重试成功文章ID 296061
2025-06-02 17:50:09,679 - theblockbeats - WARNING - [theblockbeats] https://www.theblockbeats.info/flash/296062 页面结构异常，未找到flash内容主体
2025-06-02 17:50:09,997 - theblockbeats - INFO - [theblockbeats][flash] 重试成功文章ID 296077
2025-06-02 17:50:10,324 - theblockbeats - INFO - [theblockbeats][flash] 重试成功文章ID 296082
2025-06-02 17:50:10,768 - theblockbeats - WARNING - [theblockbeats] https://www.theblockbeats.info/flash/296086 页面结构异常，未找到flash内容主体
2025-06-02 17:50:11,057 - theblockbeats - INFO - [theblockbeats][flash] 重试成功文章ID 296088
2025-06-02 17:50:11,563 - theblockbeats - WARNING - [theblockbeats] https://www.theblockbeats.info/flash/296095 页面结构异常，未找到flash内容主体
2025-06-02 17:50:11,961 - theblockbeats - INFO - [theblockbeats][flash] 重试成功文章ID 296101
2025-06-02 17:50:12,399 - theblockbeats - WARNING - [theblockbeats] https://www.theblockbeats.info/flash/296106 页面结构异常，未找到flash内容主体
2025-06-02 17:50:12,890 - theblockbeats - WARNING - [theblockbeats] https://www.theblockbeats.info/flash/296110 页面结构异常，未找到flash内容主体
2025-06-02 17:50:13,169 - theblockbeats - INFO - [theblockbeats][flash] 重试成功文章ID 296111
2025-06-02 17:50:14,467 - theblockbeats - WARNING - [theblockbeats] https://www.theblockbeats.info/flash/296112 页面结构异常，未找到flash内容主体
2025-06-02 17:50:15,035 - theblockbeats - WARNING - [theblockbeats] https://www.theblockbeats.info/flash/296115 页面结构异常，未找到flash内容主体
2025-06-02 17:50:15,456 - theblockbeats - WARNING - [theblockbeats] https://www.theblockbeats.info/flash/296119 页面结构异常，未找到flash内容主体
2025-06-02 17:50:15,787 - theblockbeats - INFO - [theblockbeats][flash] 重试成功文章ID 296126
2025-06-02 17:50:16,316 - theblockbeats - WARNING - [theblockbeats] https://www.theblockbeats.info/flash/296131 页面结构异常，未找到flash内容主体
2025-06-02 17:50:16,655 - theblockbeats - INFO - [theblockbeats][flash] 重试成功文章ID 296134
2025-06-02 17:50:17,155 - theblockbeats - WARNING - [theblockbeats] https://www.theblockbeats.info/flash/296136 页面结构异常，未找到flash内容主体
2025-06-02 17:50:17,679 - theblockbeats - WARNING - [theblockbeats] https://www.theblockbeats.info/flash/296147 页面结构异常，未找到flash内容主体
2025-06-02 17:50:18,134 - theblockbeats - WARNING - [theblockbeats] https://www.theblockbeats.info/flash/296149 页面结构异常，未找到flash内容主体
2025-06-02 17:50:18,446 - theblockbeats - INFO - [theblockbeats][flash] 重试成功文章ID 296154
2025-06-02 17:50:18,774 - theblockbeats - INFO - [theblockbeats][flash] 重试成功文章ID 296159
2025-06-02 17:50:19,091 - theblockbeats - INFO - [theblockbeats][flash] 重试成功文章ID 296168
2025-06-02 17:50:19,621 - theblockbeats - WARNING - [theblockbeats] https://www.theblockbeats.info/flash/296171 页面结构异常，未找到flash内容主体
2025-06-02 17:50:19,950 - theblockbeats - INFO - [theblockbeats][flash] 重试成功文章ID 296177
2025-06-02 17:50:21,256 - theblockbeats - WARNING - [theblockbeats] https://www.theblockbeats.info/flash/296181 页面结构异常，未找到flash内容主体
2025-06-02 17:50:21,579 - theblockbeats - INFO - [theblockbeats][flash] 重试成功文章ID 296187
2025-06-02 17:50:21,896 - theblockbeats - INFO - [theblockbeats][flash] 重试成功文章ID 296191
2025-06-02 17:50:22,247 - theblockbeats - INFO - [theblockbeats][flash] 重试成功文章ID 296192
2025-06-02 17:50:22,590 - theblockbeats - INFO - [theblockbeats][flash] 重试成功文章ID 296196
2025-06-02 17:50:23,038 - theblockbeats - WARNING - [theblockbeats] https://www.theblockbeats.info/flash/296203 页面结构异常，未找到flash内容主体
2025-06-02 17:50:24,460 - theblockbeats - WARNING - [theblockbeats] https://www.theblockbeats.info/flash/296216 页面结构异常，未找到flash内容主体
2025-06-02 17:50:24,849 - theblockbeats - WARNING - [theblockbeats] https://www.theblockbeats.info/flash/296219 页面结构异常，未找到flash内容主体
2025-06-02 17:50:25,197 - theblockbeats - INFO - [theblockbeats][flash] 重试成功文章ID 296224
2025-06-02 17:50:25,553 - theblockbeats - INFO - [theblockbeats][flash] 重试成功文章ID 296226
2025-06-02 17:50:26,019 - theblockbeats - WARNING - [theblockbeats] https://www.theblockbeats.info/flash/296232 页面结构异常，未找到flash内容主体
2025-06-02 17:50:26,334 - theblockbeats - INFO - [theblockbeats][flash] 重试成功文章ID 296237
2025-06-02 17:50:27,038 - theblockbeats - WARNING - [theblockbeats] https://www.theblockbeats.info/flash/296238 页面结构异常，未找到flash内容主体
2025-06-02 17:50:27,348 - theblockbeats - INFO - [theblockbeats][flash] 重试成功文章ID 296254
2025-06-02 17:50:27,658 - theblockbeats - INFO - [theblockbeats][flash] 重试成功文章ID 296260
2025-06-02 17:50:28,095 - theblockbeats - WARNING - [theblockbeats] https://www.theblockbeats.info/flash/296005 页面结构异常，未找到flash内容主体
2025-06-02 17:50:28,436 - theblockbeats - INFO - [theblockbeats][flash] 重试成功文章ID 296007
2025-06-02 17:50:28,765 - theblockbeats - INFO - [theblockbeats][flash] 重试成功文章ID 296062
2025-06-02 17:50:29,080 - theblockbeats - INFO - [theblockbeats][flash] 重试成功文章ID 296086
2025-06-02 17:50:29,372 - theblockbeats - INFO - [theblockbeats][flash] 重试成功文章ID 296095
2025-06-02 17:50:29,675 - theblockbeats - INFO - [theblockbeats][flash] 重试成功文章ID 296106
2025-06-02 17:50:30,121 - theblockbeats - WARNING - [theblockbeats] https://www.theblockbeats.info/flash/296110 页面结构异常，未找到flash内容主体
2025-06-02 17:50:31,135 - theblockbeats - WARNING - [theblockbeats] https://www.theblockbeats.info/flash/296112 页面结构异常，未找到flash内容主体
2025-06-02 17:50:31,458 - theblockbeats - INFO - [theblockbeats][flash] 重试成功文章ID 296115
2025-06-02 17:50:31,902 - theblockbeats - WARNING - [theblockbeats] https://www.theblockbeats.info/flash/296119 页面结构异常，未找到flash内容主体
2025-06-02 17:50:32,189 - theblockbeats - INFO - [theblockbeats][flash] 重试成功文章ID 296131
2025-06-02 17:50:32,652 - theblockbeats - WARNING - [theblockbeats] https://www.theblockbeats.info/flash/296136 页面结构异常，未找到flash内容主体
2025-06-02 17:50:33,021 - theblockbeats - INFO - [theblockbeats][flash] 重试成功文章ID 296147
2025-06-02 17:50:33,424 - theblockbeats - INFO - [theblockbeats][flash] 重试成功文章ID 296149
2025-06-02 17:50:33,751 - theblockbeats - INFO - [theblockbeats][flash] 重试成功文章ID 296171
2025-06-02 17:50:35,262 - theblockbeats - WARNING - [theblockbeats] https://www.theblockbeats.info/flash/296181 页面结构异常，未找到flash内容主体
2025-06-02 17:50:35,615 - theblockbeats - INFO - [theblockbeats][flash] 重试成功文章ID 296203
2025-06-02 17:50:36,880 - theblockbeats - WARNING - [theblockbeats] https://www.theblockbeats.info/flash/296216 页面结构异常，未找到flash内容主体
2025-06-02 17:50:37,183 - theblockbeats - INFO - [theblockbeats][flash] 重试成功文章ID 296219
2025-06-02 17:50:37,493 - theblockbeats - INFO - [theblockbeats][flash] 重试成功文章ID 296232
2025-06-02 17:50:37,970 - theblockbeats - INFO - [theblockbeats][flash] 重试成功文章ID 296238
2025-06-02 17:50:38,336 - theblockbeats - INFO - [theblockbeats][flash] 重试成功文章ID 296005
2025-06-02 17:50:38,659 - theblockbeats - INFO - [theblockbeats][flash] 重试成功文章ID 296110
2025-06-02 17:50:40,060 - theblockbeats - WARNING - [theblockbeats] https://www.theblockbeats.info/flash/296112 页面结构异常，未找到flash内容主体
2025-06-02 17:50:40,449 - theblockbeats - INFO - [theblockbeats][flash] 重试成功文章ID 296119
2025-06-02 17:50:40,792 - theblockbeats - INFO - [theblockbeats][flash] 重试成功文章ID 296136
2025-06-02 17:50:42,158 - theblockbeats - WARNING - [theblockbeats] https://www.theblockbeats.info/flash/296181 页面结构异常，未找到flash内容主体
2025-06-02 17:50:43,509 - theblockbeats - WARNING - [theblockbeats] https://www.theblockbeats.info/flash/296216 页面结构异常，未找到flash内容主体
2025-06-02 17:50:43,510 - theblockbeats - INFO - [theblockbeats][news] 从ID 58400 开始爬取
2025-06-02 17:50:43,901 - theblockbeats - INFO - [theblockbeats][news] 成功爬取文章ID 58400
2025-06-02 17:50:44,516 - theblockbeats - WARNING - [theblockbeats] https://www.theblockbeats.info/news/58401 页面结构异常，未找到内容主体
2025-06-02 17:50:44,517 - theblockbeats - INFO - [theblockbeats][news] 文章ID 58401 爬取失败
2025-06-02 17:50:44,894 - theblockbeats - INFO - [theblockbeats][news] 成功爬取文章ID 58402
2025-06-02 17:50:45,219 - theblockbeats - INFO - [theblockbeats][news] 成功爬取文章ID 58403
2025-06-02 17:50:45,558 - theblockbeats - INFO - [theblockbeats][news] 成功爬取文章ID 58404
2025-06-02 17:50:45,945 - theblockbeats - INFO - [theblockbeats][news] 成功爬取文章ID 58405
2025-06-02 17:50:46,378 - theblockbeats - INFO - [theblockbeats][news] 成功爬取文章ID 58406
2025-06-02 17:50:46,731 - theblockbeats - INFO - [theblockbeats][news] 成功爬取文章ID 58407
2025-06-02 17:50:47,103 - theblockbeats - INFO - [theblockbeats][news] 成功爬取文章ID 58408
2025-06-02 17:50:48,367 - theblockbeats - WARNING - [theblockbeats] https://www.theblockbeats.info/news/58409 页面结构异常，未找到内容主体
2025-06-02 17:50:48,368 - theblockbeats - INFO - [theblockbeats][news] 文章ID 58409 爬取失败
2025-06-02 17:50:49,207 - theblockbeats - WARNING - [theblockbeats] https://www.theblockbeats.info/news/58410 页面结构异常，未找到内容主体
2025-06-02 17:50:49,208 - theblockbeats - INFO - [theblockbeats][news] 文章ID 58410 爬取失败
2025-06-02 17:50:50,534 - theblockbeats - WARNING - [theblockbeats] https://www.theblockbeats.info/news/58411 页面结构异常，未找到内容主体
2025-06-02 17:50:50,535 - theblockbeats - INFO - [theblockbeats][news] 文章ID 58411 爬取失败
2025-06-02 17:50:51,824 - theblockbeats - WARNING - [theblockbeats] https://www.theblockbeats.info/news/58412 页面结构异常，未找到内容主体
2025-06-02 17:50:51,826 - theblockbeats - INFO - [theblockbeats][news] 文章ID 58412 爬取失败
2025-06-02 17:50:53,201 - theblockbeats - WARNING - [theblockbeats] https://www.theblockbeats.info/news/58413 页面结构异常，未找到内容主体
2025-06-02 17:50:53,202 - theblockbeats - INFO - [theblockbeats][news] 文章ID 58413 爬取失败
2025-06-02 17:50:54,566 - theblockbeats - WARNING - [theblockbeats] https://www.theblockbeats.info/news/58414 页面结构异常，未找到内容主体
2025-06-02 17:50:54,568 - theblockbeats - INFO - [theblockbeats][news] 文章ID 58414 爬取失败
2025-06-02 17:50:55,918 - theblockbeats - WARNING - [theblockbeats] https://www.theblockbeats.info/news/58415 页面结构异常，未找到内容主体
2025-06-02 17:50:55,919 - theblockbeats - INFO - [theblockbeats][news] 文章ID 58415 爬取失败
2025-06-02 17:50:57,239 - theblockbeats - WARNING - [theblockbeats] https://www.theblockbeats.info/news/58416 页面结构异常，未找到内容主体
2025-06-02 17:50:57,240 - theblockbeats - INFO - [theblockbeats][news] 文章ID 58416 爬取失败
2025-06-02 17:50:58,619 - theblockbeats - WARNING - [theblockbeats] https://www.theblockbeats.info/news/58417 页面结构异常，未找到内容主体
2025-06-02 17:50:58,620 - theblockbeats - INFO - [theblockbeats][news] 文章ID 58417 爬取失败
2025-06-02 17:50:59,525 - theblockbeats - WARNING - [theblockbeats] https://www.theblockbeats.info/news/58418 页面结构异常，未找到内容主体
2025-06-02 17:50:59,526 - theblockbeats - INFO - [theblockbeats][news] 文章ID 58418 爬取失败
2025-06-02 17:51:00,942 - theblockbeats - WARNING - [theblockbeats] https://www.theblockbeats.info/news/58419 页面结构异常，未找到内容主体
2025-06-02 17:51:00,944 - theblockbeats - INFO - [theblockbeats][news] 文章ID 58419 爬取失败
2025-06-02 17:51:02,161 - theblockbeats - WARNING - [theblockbeats] https://www.theblockbeats.info/news/58420 页面结构异常，未找到内容主体
2025-06-02 17:51:02,163 - theblockbeats - INFO - [theblockbeats][news] 文章ID 58420 爬取失败
2025-06-02 17:51:03,524 - theblockbeats - WARNING - [theblockbeats] https://www.theblockbeats.info/news/58421 页面结构异常，未找到内容主体
2025-06-02 17:51:03,526 - theblockbeats - INFO - [theblockbeats][news] 文章ID 58421 爬取失败
2025-06-02 17:51:04,868 - theblockbeats - WARNING - [theblockbeats] https://www.theblockbeats.info/news/58422 页面结构异常，未找到内容主体
2025-06-02 17:51:04,870 - theblockbeats - INFO - [theblockbeats][news] 文章ID 58422 爬取失败
2025-06-02 17:51:06,132 - theblockbeats - WARNING - [theblockbeats] https://www.theblockbeats.info/news/58423 页面结构异常，未找到内容主体
2025-06-02 17:51:06,133 - theblockbeats - INFO - [theblockbeats][news] 文章ID 58423 爬取失败
2025-06-02 17:51:07,534 - theblockbeats - WARNING - [theblockbeats] https://www.theblockbeats.info/news/58424 页面结构异常，未找到内容主体
2025-06-02 17:51:07,536 - theblockbeats - INFO - [theblockbeats][news] 文章ID 58424 爬取失败
2025-06-02 17:51:08,767 - theblockbeats - WARNING - [theblockbeats] https://www.theblockbeats.info/news/58425 页面结构异常，未找到内容主体
2025-06-02 17:51:08,813 - theblockbeats - INFO - [theblockbeats][news] 文章ID 58425 爬取失败
2025-06-02 17:51:10,097 - theblockbeats - WARNING - [theblockbeats] https://www.theblockbeats.info/news/58426 页面结构异常，未找到内容主体
2025-06-02 17:51:10,098 - theblockbeats - INFO - [theblockbeats][news] 文章ID 58426 爬取失败
2025-06-02 17:51:11,450 - theblockbeats - WARNING - [theblockbeats] https://www.theblockbeats.info/news/58427 页面结构异常，未找到内容主体
2025-06-02 17:51:11,467 - theblockbeats - INFO - [theblockbeats][news] 文章ID 58427 爬取失败
2025-06-02 17:51:12,739 - theblockbeats - WARNING - [theblockbeats] https://www.theblockbeats.info/news/58428 页面结构异常，未找到内容主体
2025-06-02 17:51:12,740 - theblockbeats - INFO - [theblockbeats][news] 文章ID 58428 爬取失败
2025-06-02 17:51:13,687 - theblockbeats - WARNING - [theblockbeats] https://www.theblockbeats.info/news/58429 页面结构异常，未找到内容主体
2025-06-02 17:51:13,688 - theblockbeats - INFO - [theblockbeats][news] 文章ID 58429 爬取失败
2025-06-02 17:51:14,965 - theblockbeats - WARNING - [theblockbeats] https://www.theblockbeats.info/news/58430 页面结构异常，未找到内容主体
2025-06-02 17:51:14,966 - theblockbeats - INFO - [theblockbeats][news] 文章ID 58430 爬取失败
2025-06-02 17:51:15,892 - theblockbeats - WARNING - [theblockbeats] https://www.theblockbeats.info/news/58431 页面结构异常，未找到内容主体
2025-06-02 17:51:15,893 - theblockbeats - INFO - [theblockbeats][news] 文章ID 58431 爬取失败
2025-06-02 17:51:17,255 - theblockbeats - WARNING - [theblockbeats] https://www.theblockbeats.info/news/58432 页面结构异常，未找到内容主体
2025-06-02 17:51:17,256 - theblockbeats - INFO - [theblockbeats][news] 文章ID 58432 爬取失败
2025-06-02 17:51:18,511 - theblockbeats - WARNING - [theblockbeats] https://www.theblockbeats.info/news/58433 页面结构异常，未找到内容主体
2025-06-02 17:51:18,511 - theblockbeats - INFO - [theblockbeats][news] 文章ID 58433 爬取失败
2025-06-02 17:51:19,826 - theblockbeats - WARNING - [theblockbeats] https://www.theblockbeats.info/news/58434 页面结构异常，未找到内容主体
2025-06-02 17:51:19,828 - theblockbeats - INFO - [theblockbeats][news] 文章ID 58434 爬取失败
2025-06-02 17:51:21,098 - theblockbeats - WARNING - [theblockbeats] https://www.theblockbeats.info/news/58435 页面结构异常，未找到内容主体
2025-06-02 17:51:21,099 - theblockbeats - INFO - [theblockbeats][news] 文章ID 58435 爬取失败
2025-06-02 17:51:22,278 - theblockbeats - WARNING - [theblockbeats] https://www.theblockbeats.info/news/58436 页面结构异常，未找到内容主体
2025-06-02 17:51:22,279 - theblockbeats - INFO - [theblockbeats][news] 文章ID 58436 爬取失败
2025-06-02 17:51:23,147 - theblockbeats - WARNING - [theblockbeats] https://www.theblockbeats.info/news/58437 页面结构异常，未找到内容主体
2025-06-02 17:51:23,148 - theblockbeats - INFO - [theblockbeats][news] 文章ID 58437 爬取失败
2025-06-02 17:51:24,404 - theblockbeats - WARNING - [theblockbeats] https://www.theblockbeats.info/news/58438 页面结构异常，未找到内容主体
2025-06-02 17:51:24,406 - theblockbeats - INFO - [theblockbeats][news] 文章ID 58438 爬取失败
2025-06-02 17:51:25,799 - theblockbeats - WARNING - [theblockbeats] https://www.theblockbeats.info/news/58439 页面结构异常，未找到内容主体
2025-06-02 17:51:25,800 - theblockbeats - INFO - [theblockbeats][news] 文章ID 58439 爬取失败
2025-06-02 17:51:27,013 - theblockbeats - WARNING - [theblockbeats] https://www.theblockbeats.info/news/58440 页面结构异常，未找到内容主体
2025-06-02 17:51:27,013 - theblockbeats - INFO - [theblockbeats][news] 文章ID 58440 爬取失败
2025-06-02 17:51:28,394 - theblockbeats - WARNING - [theblockbeats] https://www.theblockbeats.info/news/58441 页面结构异常，未找到内容主体
2025-06-02 17:51:28,395 - theblockbeats - INFO - [theblockbeats][news] 文章ID 58441 爬取失败
2025-06-02 17:51:29,698 - theblockbeats - WARNING - [theblockbeats] https://www.theblockbeats.info/news/58442 页面结构异常，未找到内容主体
2025-06-02 17:51:29,699 - theblockbeats - INFO - [theblockbeats][news] 文章ID 58442 爬取失败
2025-06-02 17:51:30,969 - theblockbeats - WARNING - [theblockbeats] https://www.theblockbeats.info/news/58443 页面结构异常，未找到内容主体
2025-06-02 17:51:30,971 - theblockbeats - INFO - [theblockbeats][news] 文章ID 58443 爬取失败
2025-06-02 17:51:32,357 - theblockbeats - WARNING - [theblockbeats] https://www.theblockbeats.info/news/58444 页面结构异常，未找到内容主体
2025-06-02 17:51:32,358 - theblockbeats - INFO - [theblockbeats][news] 文章ID 58444 爬取失败
2025-06-02 17:51:33,712 - theblockbeats - WARNING - [theblockbeats] https://www.theblockbeats.info/news/58445 页面结构异常，未找到内容主体
2025-06-02 17:51:33,715 - theblockbeats - INFO - [theblockbeats][news] 文章ID 58445 爬取失败
2025-06-02 17:51:35,009 - theblockbeats - WARNING - [theblockbeats] https://www.theblockbeats.info/news/58446 页面结构异常，未找到内容主体
2025-06-02 17:51:35,010 - theblockbeats - INFO - [theblockbeats][news] 文章ID 58446 爬取失败
2025-06-02 17:51:36,361 - theblockbeats - WARNING - [theblockbeats] https://www.theblockbeats.info/news/58447 页面结构异常，未找到内容主体
2025-06-02 17:51:36,363 - theblockbeats - INFO - [theblockbeats][news] 文章ID 58447 爬取失败
2025-06-02 17:51:37,735 - theblockbeats - WARNING - [theblockbeats] https://www.theblockbeats.info/news/58448 页面结构异常，未找到内容主体
2025-06-02 17:51:37,737 - theblockbeats - INFO - [theblockbeats][news] 文章ID 58448 爬取失败
2025-06-02 17:51:39,125 - theblockbeats - WARNING - [theblockbeats] https://www.theblockbeats.info/news/58449 页面结构异常，未找到内容主体
2025-06-02 17:51:39,125 - theblockbeats - INFO - [theblockbeats][news] 文章ID 58449 爬取失败
2025-06-02 17:51:40,400 - theblockbeats - WARNING - [theblockbeats] https://www.theblockbeats.info/news/58450 页面结构异常，未找到内容主体
2025-06-02 17:51:40,402 - theblockbeats - INFO - [theblockbeats][news] 文章ID 58450 爬取失败
2025-06-02 17:51:41,593 - theblockbeats - WARNING - [theblockbeats] https://www.theblockbeats.info/news/58451 页面结构异常，未找到内容主体
2025-06-02 17:51:41,595 - theblockbeats - INFO - [theblockbeats][news] 文章ID 58451 爬取失败
2025-06-02 17:51:42,845 - theblockbeats - WARNING - [theblockbeats] https://www.theblockbeats.info/news/58452 页面结构异常，未找到内容主体
2025-06-02 17:51:42,846 - theblockbeats - INFO - [theblockbeats][news] 文章ID 58452 爬取失败
2025-06-02 17:51:44,133 - theblockbeats - WARNING - [theblockbeats] https://www.theblockbeats.info/news/58453 页面结构异常，未找到内容主体
2025-06-02 17:51:44,134 - theblockbeats - INFO - [theblockbeats][news] 文章ID 58453 爬取失败
2025-06-02 17:51:45,556 - theblockbeats - WARNING - [theblockbeats] https://www.theblockbeats.info/news/58454 页面结构异常，未找到内容主体
2025-06-02 17:51:45,558 - theblockbeats - INFO - [theblockbeats][news] 文章ID 58454 爬取失败
2025-06-02 17:51:46,836 - theblockbeats - WARNING - [theblockbeats] https://www.theblockbeats.info/news/58455 页面结构异常，未找到内容主体
2025-06-02 17:51:46,838 - theblockbeats - INFO - [theblockbeats][news] 文章ID 58455 爬取失败
2025-06-02 17:51:48,179 - theblockbeats - WARNING - [theblockbeats] https://www.theblockbeats.info/news/58456 页面结构异常，未找到内容主体
2025-06-02 17:51:48,182 - theblockbeats - INFO - [theblockbeats][news] 文章ID 58456 爬取失败
2025-06-02 17:51:49,808 - theblockbeats - WARNING - [theblockbeats] https://www.theblockbeats.info/news/58457 页面结构异常，未找到内容主体
2025-06-02 17:51:49,809 - theblockbeats - INFO - [theblockbeats][news] 文章ID 58457 爬取失败
2025-06-02 17:51:49,810 - theblockbeats - INFO - [theblockbeats][news] 进入重试阶段，失败ID数量 50
2025-06-02 17:51:50,217 - theblockbeats - INFO - [theblockbeats][news] 重试成功文章ID 58401
2025-06-02 17:51:51,421 - theblockbeats - WARNING - [theblockbeats] https://www.theblockbeats.info/news/58409 页面结构异常，未找到内容主体
2025-06-02 17:51:52,721 - theblockbeats - WARNING - [theblockbeats] https://www.theblockbeats.info/news/58410 页面结构异常，未找到内容主体
2025-06-02 17:51:53,975 - theblockbeats - WARNING - [theblockbeats] https://www.theblockbeats.info/news/58411 页面结构异常，未找到内容主体
2025-06-02 17:51:55,228 - theblockbeats - WARNING - [theblockbeats] https://www.theblockbeats.info/news/58412 页面结构异常，未找到内容主体
2025-06-02 17:51:56,472 - theblockbeats - WARNING - [theblockbeats] https://www.theblockbeats.info/news/58413 页面结构异常，未找到内容主体
2025-06-02 17:51:57,770 - theblockbeats - WARNING - [theblockbeats] https://www.theblockbeats.info/news/58414 页面结构异常，未找到内容主体
2025-06-02 17:51:59,010 - theblockbeats - WARNING - [theblockbeats] https://www.theblockbeats.info/news/58415 页面结构异常，未找到内容主体
2025-06-02 17:52:00,287 - theblockbeats - WARNING - [theblockbeats] https://www.theblockbeats.info/news/58416 页面结构异常，未找到内容主体
2025-06-02 17:52:01,526 - theblockbeats - WARNING - [theblockbeats] https://www.theblockbeats.info/news/58417 页面结构异常，未找到内容主体
2025-06-02 17:52:02,886 - theblockbeats - WARNING - [theblockbeats] https://www.theblockbeats.info/news/58418 页面结构异常，未找到内容主体
2025-06-02 17:52:04,160 - theblockbeats - WARNING - [theblockbeats] https://www.theblockbeats.info/news/58419 页面结构异常，未找到内容主体
2025-06-02 17:52:05,000 - theblockbeats - WARNING - [theblockbeats] https://www.theblockbeats.info/news/58420 页面结构异常，未找到内容主体
2025-06-02 17:52:06,301 - theblockbeats - WARNING - [theblockbeats] https://www.theblockbeats.info/news/58421 页面结构异常，未找到内容主体
2025-06-02 17:52:07,208 - theblockbeats - WARNING - [theblockbeats] https://www.theblockbeats.info/news/58422 页面结构异常，未找到内容主体
2025-06-02 17:52:08,452 - theblockbeats - WARNING - [theblockbeats] https://www.theblockbeats.info/news/58423 页面结构异常，未找到内容主体
2025-06-02 17:52:09,284 - theblockbeats - WARNING - [theblockbeats] https://www.theblockbeats.info/news/58424 页面结构异常，未找到内容主体
2025-06-02 17:52:10,558 - theblockbeats - WARNING - [theblockbeats] https://www.theblockbeats.info/news/58425 页面结构异常，未找到内容主体
2025-06-02 17:52:11,429 - theblockbeats - WARNING - [theblockbeats] https://www.theblockbeats.info/news/58426 页面结构异常，未找到内容主体
2025-06-02 17:52:12,757 - theblockbeats - WARNING - [theblockbeats] https://www.theblockbeats.info/news/58427 页面结构异常，未找到内容主体
2025-06-02 17:52:14,044 - theblockbeats - WARNING - [theblockbeats] https://www.theblockbeats.info/news/58428 页面结构异常，未找到内容主体
2025-06-02 17:52:15,019 - theblockbeats - WARNING - [theblockbeats] https://www.theblockbeats.info/news/58429 页面结构异常，未找到内容主体
2025-06-02 17:52:15,910 - theblockbeats - WARNING - [theblockbeats] https://www.theblockbeats.info/news/58430 页面结构异常，未找到内容主体
2025-06-02 17:52:17,189 - theblockbeats - WARNING - [theblockbeats] https://www.theblockbeats.info/news/58431 页面结构异常，未找到内容主体
2025-06-02 17:52:18,460 - theblockbeats - WARNING - [theblockbeats] https://www.theblockbeats.info/news/58432 页面结构异常，未找到内容主体
2025-06-02 17:52:19,666 - theblockbeats - WARNING - [theblockbeats] https://www.theblockbeats.info/news/58433 页面结构异常，未找到内容主体
2025-06-02 17:52:20,991 - theblockbeats - WARNING - [theblockbeats] https://www.theblockbeats.info/news/58434 页面结构异常，未找到内容主体
2025-06-02 17:52:22,247 - theblockbeats - WARNING - [theblockbeats] https://www.theblockbeats.info/news/58435 页面结构异常，未找到内容主体
2025-06-02 17:52:23,080 - theblockbeats - WARNING - [theblockbeats] https://www.theblockbeats.info/news/58436 页面结构异常，未找到内容主体
2025-06-02 17:52:23,934 - theblockbeats - WARNING - [theblockbeats] https://www.theblockbeats.info/news/58437 页面结构异常，未找到内容主体
2025-06-02 17:52:24,870 - theblockbeats - WARNING - [theblockbeats] https://www.theblockbeats.info/news/58438 页面结构异常，未找到内容主体
2025-06-02 17:52:26,186 - theblockbeats - WARNING - [theblockbeats] https://www.theblockbeats.info/news/58439 页面结构异常，未找到内容主体
2025-06-02 17:52:27,477 - theblockbeats - WARNING - [theblockbeats] https://www.theblockbeats.info/news/58440 页面结构异常，未找到内容主体
2025-06-02 17:52:28,729 - theblockbeats - WARNING - [theblockbeats] https://www.theblockbeats.info/news/58441 页面结构异常，未找到内容主体
2025-06-02 17:52:29,958 - theblockbeats - WARNING - [theblockbeats] https://www.theblockbeats.info/news/58442 页面结构异常，未找到内容主体
2025-06-02 17:52:31,203 - theblockbeats - WARNING - [theblockbeats] https://www.theblockbeats.info/news/58443 页面结构异常，未找到内容主体
2025-06-02 17:52:32,013 - theblockbeats - WARNING - [theblockbeats] https://www.theblockbeats.info/news/58444 页面结构异常，未找到内容主体
2025-06-02 17:52:33,200 - theblockbeats - WARNING - [theblockbeats] https://www.theblockbeats.info/news/58445 页面结构异常，未找到内容主体
2025-06-02 17:52:34,443 - theblockbeats - WARNING - [theblockbeats] https://www.theblockbeats.info/news/58446 页面结构异常，未找到内容主体
2025-06-02 17:52:35,793 - theblockbeats - WARNING - [theblockbeats] https://www.theblockbeats.info/news/58447 页面结构异常，未找到内容主体
2025-06-02 17:52:37,187 - theblockbeats - WARNING - [theblockbeats] https://www.theblockbeats.info/news/58448 页面结构异常，未找到内容主体
2025-06-02 17:52:38,523 - theblockbeats - WARNING - [theblockbeats] https://www.theblockbeats.info/news/58449 页面结构异常，未找到内容主体
2025-06-02 17:52:39,905 - theblockbeats - WARNING - [theblockbeats] https://www.theblockbeats.info/news/58450 页面结构异常，未找到内容主体
2025-06-02 17:52:41,240 - theblockbeats - WARNING - [theblockbeats] https://www.theblockbeats.info/news/58451 页面结构异常，未找到内容主体
2025-06-02 17:52:42,452 - theblockbeats - WARNING - [theblockbeats] https://www.theblockbeats.info/news/58452 页面结构异常，未找到内容主体
2025-06-02 17:52:43,335 - theblockbeats - WARNING - [theblockbeats] https://www.theblockbeats.info/news/58453 页面结构异常，未找到内容主体
2025-06-02 17:52:44,570 - theblockbeats - WARNING - [theblockbeats] https://www.theblockbeats.info/news/58454 页面结构异常，未找到内容主体
2025-06-02 17:52:45,797 - theblockbeats - WARNING - [theblockbeats] https://www.theblockbeats.info/news/58455 页面结构异常，未找到内容主体
2025-06-02 17:52:47,190 - theblockbeats - WARNING - [theblockbeats] https://www.theblockbeats.info/news/58456 页面结构异常，未找到内容主体
2025-06-02 17:52:48,347 - theblockbeats - WARNING - [theblockbeats] https://www.theblockbeats.info/news/58457 页面结构异常，未找到内容主体
2025-06-02 17:52:49,692 - theblockbeats - WARNING - [theblockbeats] https://www.theblockbeats.info/news/58409 页面结构异常，未找到内容主体
2025-06-02 17:52:50,502 - theblockbeats - WARNING - [theblockbeats] https://www.theblockbeats.info/news/58410 页面结构异常，未找到内容主体
2025-06-02 17:52:51,767 - theblockbeats - WARNING - [theblockbeats] https://www.theblockbeats.info/news/58411 页面结构异常，未找到内容主体
2025-06-02 17:52:53,092 - theblockbeats - WARNING - [theblockbeats] https://www.theblockbeats.info/news/58412 页面结构异常，未找到内容主体
2025-06-02 17:52:54,056 - theblockbeats - WARNING - [theblockbeats] https://www.theblockbeats.info/news/58413 页面结构异常，未找到内容主体
2025-06-02 17:52:55,396 - theblockbeats - WARNING - [theblockbeats] https://www.theblockbeats.info/news/58414 页面结构异常，未找到内容主体
2025-06-02 17:52:56,666 - theblockbeats - WARNING - [theblockbeats] https://www.theblockbeats.info/news/58415 页面结构异常，未找到内容主体
2025-06-02 17:52:57,712 - theblockbeats - WARNING - [theblockbeats] https://www.theblockbeats.info/news/58416 页面结构异常，未找到内容主体
2025-06-02 17:52:58,551 - theblockbeats - WARNING - [theblockbeats] https://www.theblockbeats.info/news/58417 页面结构异常，未找到内容主体
2025-06-02 17:52:59,776 - theblockbeats - WARNING - [theblockbeats] https://www.theblockbeats.info/news/58418 页面结构异常，未找到内容主体
2025-06-02 17:53:00,695 - theblockbeats - WARNING - [theblockbeats] https://www.theblockbeats.info/news/58419 页面结构异常，未找到内容主体
2025-06-02 17:53:02,010 - theblockbeats - WARNING - [theblockbeats] https://www.theblockbeats.info/news/58420 页面结构异常，未找到内容主体
2025-06-02 17:53:03,329 - theblockbeats - WARNING - [theblockbeats] https://www.theblockbeats.info/news/58421 页面结构异常，未找到内容主体
2025-06-02 17:53:04,592 - theblockbeats - WARNING - [theblockbeats] https://www.theblockbeats.info/news/58422 页面结构异常，未找到内容主体
2025-06-02 17:53:05,833 - theblockbeats - WARNING - [theblockbeats] https://www.theblockbeats.info/news/58423 页面结构异常，未找到内容主体
2025-06-02 17:53:06,718 - theblockbeats - WARNING - [theblockbeats] https://www.theblockbeats.info/news/58424 页面结构异常，未找到内容主体
2025-06-02 17:53:07,995 - theblockbeats - WARNING - [theblockbeats] https://www.theblockbeats.info/news/58425 页面结构异常，未找到内容主体
2025-06-02 17:53:08,966 - theblockbeats - WARNING - [theblockbeats] https://www.theblockbeats.info/news/58426 页面结构异常，未找到内容主体
2025-06-02 17:53:10,240 - theblockbeats - WARNING - [theblockbeats] https://www.theblockbeats.info/news/58427 页面结构异常，未找到内容主体
2025-06-02 17:53:11,469 - theblockbeats - WARNING - [theblockbeats] https://www.theblockbeats.info/news/58428 页面结构异常，未找到内容主体
2025-06-02 17:53:12,738 - theblockbeats - WARNING - [theblockbeats] https://www.theblockbeats.info/news/58429 页面结构异常，未找到内容主体
2025-06-02 17:53:14,014 - theblockbeats - WARNING - [theblockbeats] https://www.theblockbeats.info/news/58430 页面结构异常，未找到内容主体
2025-06-02 17:53:15,268 - theblockbeats - WARNING - [theblockbeats] https://www.theblockbeats.info/news/58431 页面结构异常，未找到内容主体
2025-06-02 17:53:16,536 - theblockbeats - WARNING - [theblockbeats] https://www.theblockbeats.info/news/58432 页面结构异常，未找到内容主体
2025-06-02 17:53:17,881 - theblockbeats - WARNING - [theblockbeats] https://www.theblockbeats.info/news/58433 页面结构异常，未找到内容主体
2025-06-02 17:53:19,235 - theblockbeats - WARNING - [theblockbeats] https://www.theblockbeats.info/news/58434 页面结构异常，未找到内容主体
2025-06-02 17:53:20,522 - theblockbeats - WARNING - [theblockbeats] https://www.theblockbeats.info/news/58435 页面结构异常，未找到内容主体
2025-06-02 17:53:21,857 - theblockbeats - WARNING - [theblockbeats] https://www.theblockbeats.info/news/58436 页面结构异常，未找到内容主体
2025-06-02 17:53:22,719 - theblockbeats - WARNING - [theblockbeats] https://www.theblockbeats.info/news/58437 页面结构异常，未找到内容主体
2025-06-02 17:53:23,992 - theblockbeats - WARNING - [theblockbeats] https://www.theblockbeats.info/news/58438 页面结构异常，未找到内容主体
2025-06-02 17:53:24,876 - theblockbeats - WARNING - [theblockbeats] https://www.theblockbeats.info/news/58439 页面结构异常，未找到内容主体
2025-06-02 17:53:26,119 - theblockbeats - WARNING - [theblockbeats] https://www.theblockbeats.info/news/58440 页面结构异常，未找到内容主体
2025-06-02 17:53:27,373 - theblockbeats - WARNING - [theblockbeats] https://www.theblockbeats.info/news/58441 页面结构异常，未找到内容主体
2025-06-02 17:53:28,622 - theblockbeats - WARNING - [theblockbeats] https://www.theblockbeats.info/news/58442 页面结构异常，未找到内容主体
2025-06-02 17:53:29,581 - theblockbeats - WARNING - [theblockbeats] https://www.theblockbeats.info/news/58443 页面结构异常，未找到内容主体
2025-06-02 17:53:30,846 - theblockbeats - WARNING - [theblockbeats] https://www.theblockbeats.info/news/58444 页面结构异常，未找到内容主体
2025-06-02 17:53:31,811 - theblockbeats - WARNING - [theblockbeats] https://www.theblockbeats.info/news/58445 页面结构异常，未找到内容主体
2025-06-02 17:53:33,031 - theblockbeats - WARNING - [theblockbeats] https://www.theblockbeats.info/news/58446 页面结构异常，未找到内容主体
2025-06-02 17:53:34,315 - theblockbeats - WARNING - [theblockbeats] https://www.theblockbeats.info/news/58447 页面结构异常，未找到内容主体
2025-06-02 17:53:35,214 - theblockbeats - WARNING - [theblockbeats] https://www.theblockbeats.info/news/58448 页面结构异常，未找到内容主体
2025-06-02 17:53:36,604 - theblockbeats - WARNING - [theblockbeats] https://www.theblockbeats.info/news/58449 页面结构异常，未找到内容主体
2025-06-02 17:53:37,911 - theblockbeats - WARNING - [theblockbeats] https://www.theblockbeats.info/news/58450 页面结构异常，未找到内容主体
2025-06-02 17:53:39,278 - theblockbeats - WARNING - [theblockbeats] https://www.theblockbeats.info/news/58451 页面结构异常，未找到内容主体
2025-06-02 17:53:40,075 - theblockbeats - WARNING - [theblockbeats] https://www.theblockbeats.info/news/58452 页面结构异常，未找到内容主体
2025-06-02 17:53:40,895 - theblockbeats - WARNING - [theblockbeats] https://www.theblockbeats.info/news/58453 页面结构异常，未找到内容主体
2025-06-02 17:53:42,208 - theblockbeats - WARNING - [theblockbeats] https://www.theblockbeats.info/news/58454 页面结构异常，未找到内容主体
2025-06-02 17:53:43,098 - theblockbeats - WARNING - [theblockbeats] https://www.theblockbeats.info/news/58455 页面结构异常，未找到内容主体
2025-06-02 17:53:44,430 - theblockbeats - WARNING - [theblockbeats] https://www.theblockbeats.info/news/58456 页面结构异常，未找到内容主体
2025-06-02 17:53:45,227 - theblockbeats - WARNING - [theblockbeats] https://www.theblockbeats.info/news/58457 页面结构异常，未找到内容主体
2025-06-02 17:53:46,485 - theblockbeats - WARNING - [theblockbeats] https://www.theblockbeats.info/news/58409 页面结构异常，未找到内容主体
2025-06-02 17:53:47,387 - theblockbeats - WARNING - [theblockbeats] https://www.theblockbeats.info/news/58410 页面结构异常，未找到内容主体
2025-06-02 17:53:48,328 - theblockbeats - WARNING - [theblockbeats] https://www.theblockbeats.info/news/58411 页面结构异常，未找到内容主体
2025-06-02 17:53:49,561 - theblockbeats - WARNING - [theblockbeats] https://www.theblockbeats.info/news/58412 页面结构异常，未找到内容主体
2025-06-02 17:53:50,825 - theblockbeats - WARNING - [theblockbeats] https://www.theblockbeats.info/news/58413 页面结构异常，未找到内容主体
2025-06-02 17:53:52,120 - theblockbeats - WARNING - [theblockbeats] https://www.theblockbeats.info/news/58414 页面结构异常，未找到内容主体
2025-06-02 17:53:53,522 - theblockbeats - WARNING - [theblockbeats] https://www.theblockbeats.info/news/58415 页面结构异常，未找到内容主体
2025-06-02 17:53:54,884 - theblockbeats - WARNING - [theblockbeats] https://www.theblockbeats.info/news/58416 页面结构异常，未找到内容主体
2025-06-02 17:53:56,115 - theblockbeats - WARNING - [theblockbeats] https://www.theblockbeats.info/news/58417 页面结构异常，未找到内容主体
2025-06-02 17:53:57,449 - theblockbeats - WARNING - [theblockbeats] https://www.theblockbeats.info/news/58418 页面结构异常，未找到内容主体
2025-06-02 17:53:58,266 - theblockbeats - WARNING - [theblockbeats] https://www.theblockbeats.info/news/58419 页面结构异常，未找到内容主体
2025-06-02 17:53:59,579 - theblockbeats - WARNING - [theblockbeats] https://www.theblockbeats.info/news/58420 页面结构异常，未找到内容主体
2025-06-02 17:54:00,881 - theblockbeats - WARNING - [theblockbeats] https://www.theblockbeats.info/news/58421 页面结构异常，未找到内容主体
2025-06-02 17:54:02,297 - theblockbeats - WARNING - [theblockbeats] https://www.theblockbeats.info/news/58422 页面结构异常，未找到内容主体
2025-06-02 17:54:03,683 - theblockbeats - WARNING - [theblockbeats] https://www.theblockbeats.info/news/58423 页面结构异常，未找到内容主体
2025-06-02 17:54:04,546 - theblockbeats - WARNING - [theblockbeats] https://www.theblockbeats.info/news/58424 页面结构异常，未找到内容主体
2025-06-02 17:54:05,921 - theblockbeats - WARNING - [theblockbeats] https://www.theblockbeats.info/news/58425 页面结构异常，未找到内容主体
2025-06-02 17:54:07,215 - theblockbeats - WARNING - [theblockbeats] https://www.theblockbeats.info/news/58426 页面结构异常，未找到内容主体
2025-06-02 17:54:08,186 - theblockbeats - WARNING - [theblockbeats] https://www.theblockbeats.info/news/58427 页面结构异常，未找到内容主体
2025-06-02 17:54:09,405 - theblockbeats - WARNING - [theblockbeats] https://www.theblockbeats.info/news/58428 页面结构异常，未找到内容主体
2025-06-02 17:54:10,768 - theblockbeats - WARNING - [theblockbeats] https://www.theblockbeats.info/news/58429 页面结构异常，未找到内容主体
2025-06-02 17:54:12,015 - theblockbeats - WARNING - [theblockbeats] https://www.theblockbeats.info/news/58430 页面结构异常，未找到内容主体
2025-06-02 17:54:12,965 - theblockbeats - WARNING - [theblockbeats] https://www.theblockbeats.info/news/58431 页面结构异常，未找到内容主体
2025-06-02 17:54:14,191 - theblockbeats - WARNING - [theblockbeats] https://www.theblockbeats.info/news/58432 页面结构异常，未找到内容主体
2025-06-02 17:54:15,479 - theblockbeats - WARNING - [theblockbeats] https://www.theblockbeats.info/news/58433 页面结构异常，未找到内容主体
2025-06-02 17:54:16,426 - theblockbeats - WARNING - [theblockbeats] https://www.theblockbeats.info/news/58434 页面结构异常，未找到内容主体
2025-06-02 17:54:17,282 - theblockbeats - WARNING - [theblockbeats] https://www.theblockbeats.info/news/58435 页面结构异常，未找到内容主体
2025-06-02 17:54:18,106 - theblockbeats - WARNING - [theblockbeats] https://www.theblockbeats.info/news/58436 页面结构异常，未找到内容主体
2025-06-02 17:54:19,347 - theblockbeats - WARNING - [theblockbeats] https://www.theblockbeats.info/news/58437 页面结构异常，未找到内容主体
2025-06-02 17:54:20,597 - theblockbeats - WARNING - [theblockbeats] https://www.theblockbeats.info/news/58438 页面结构异常，未找到内容主体
2025-06-02 17:54:21,524 - theblockbeats - WARNING - [theblockbeats] https://www.theblockbeats.info/news/58439 页面结构异常，未找到内容主体
2025-06-02 17:54:22,719 - theblockbeats - WARNING - [theblockbeats] https://www.theblockbeats.info/news/58440 页面结构异常，未找到内容主体
2025-06-02 17:54:23,975 - theblockbeats - WARNING - [theblockbeats] https://www.theblockbeats.info/news/58441 页面结构异常，未找到内容主体
2025-06-02 17:54:25,309 - theblockbeats - WARNING - [theblockbeats] https://www.theblockbeats.info/news/58442 页面结构异常，未找到内容主体
2025-06-02 17:54:26,588 - theblockbeats - WARNING - [theblockbeats] https://www.theblockbeats.info/news/58443 页面结构异常，未找到内容主体
2025-06-02 17:54:27,908 - theblockbeats - WARNING - [theblockbeats] https://www.theblockbeats.info/news/58444 页面结构异常，未找到内容主体
2025-06-02 17:54:29,268 - theblockbeats - WARNING - [theblockbeats] https://www.theblockbeats.info/news/58445 页面结构异常，未找到内容主体
2025-06-02 17:54:30,080 - theblockbeats - WARNING - [theblockbeats] https://www.theblockbeats.info/news/58446 页面结构异常，未找到内容主体
2025-06-02 17:54:31,336 - theblockbeats - WARNING - [theblockbeats] https://www.theblockbeats.info/news/58447 页面结构异常，未找到内容主体
2025-06-02 17:54:32,215 - theblockbeats - WARNING - [theblockbeats] https://www.theblockbeats.info/news/58448 页面结构异常，未找到内容主体
2025-06-02 17:54:33,578 - theblockbeats - WARNING - [theblockbeats] https://www.theblockbeats.info/news/58449 页面结构异常，未找到内容主体
2025-06-02 17:54:34,923 - theblockbeats - WARNING - [theblockbeats] https://www.theblockbeats.info/news/58450 页面结构异常，未找到内容主体
2025-06-02 17:54:36,250 - theblockbeats - WARNING - [theblockbeats] https://www.theblockbeats.info/news/58451 页面结构异常，未找到内容主体
2025-06-02 17:54:37,563 - theblockbeats - WARNING - [theblockbeats] https://www.theblockbeats.info/news/58452 页面结构异常，未找到内容主体
2025-06-02 17:54:38,873 - theblockbeats - WARNING - [theblockbeats] https://www.theblockbeats.info/news/58453 页面结构异常，未找到内容主体
2025-06-02 17:54:40,289 - theblockbeats - WARNING - [theblockbeats] https://www.theblockbeats.info/news/58454 页面结构异常，未找到内容主体
2025-06-02 17:54:41,261 - theblockbeats - WARNING - [theblockbeats] https://www.theblockbeats.info/news/58455 页面结构异常，未找到内容主体
2025-06-02 17:54:42,159 - theblockbeats - WARNING - [theblockbeats] https://www.theblockbeats.info/news/58456 页面结构异常，未找到内容主体
2025-06-02 17:54:43,402 - theblockbeats - WARNING - [theblockbeats] https://www.theblockbeats.info/news/58457 页面结构异常，未找到内容主体
2025-06-02 17:54:43,404 - theblockbeats - INFO - [theblockbeats] 更新 flash_last_number 为 296261
2025-06-02 17:54:43,405 - theblockbeats - INFO - [theblockbeats] 更新 news_last_number 为 58409
2025-06-03 23:25:48,025 - theblockbeats - INFO - [theblockbeats][flash] 从ID 296000 开始爬取
2025-06-03 23:25:48,293 - theblockbeats - INFO - [theblockbeats][flash] 成功爬取文章ID 296000
2025-06-03 23:25:48,577 - theblockbeats - INFO - [theblockbeats][flash] 成功爬取文章ID 296001
2025-06-03 23:25:48,808 - theblockbeats - INFO - [theblockbeats][flash] 成功爬取文章ID 296002
2025-06-03 23:25:49,071 - theblockbeats - INFO - [theblockbeats][flash] 成功爬取文章ID 296003
2025-06-03 23:25:49,322 - theblockbeats - INFO - [theblockbeats][flash] 成功爬取文章ID 296004
2025-06-03 23:25:49,570 - theblockbeats - INFO - [theblockbeats][flash] 成功爬取文章ID 296005
2025-06-03 23:25:50,034 - theblockbeats - WARNING - [theblockbeats] https://www.theblockbeats.info/flash/296006 页面结构异常，未找到flash内容主体
2025-06-03 23:25:50,035 - theblockbeats - INFO - [theblockbeats][flash] 文章ID 296006 爬取失败
2025-06-03 23:25:50,275 - theblockbeats - INFO - [theblockbeats][flash] 成功爬取文章ID 296007
2025-06-03 23:25:50,651 - theblockbeats - WARNING - [theblockbeats] https://www.theblockbeats.info/flash/296008 页面结构异常，未找到flash内容主体
2025-06-03 23:25:50,652 - theblockbeats - INFO - [theblockbeats][flash] 文章ID 296008 爬取失败
2025-06-03 23:25:51,093 - theblockbeats - WARNING - [theblockbeats] https://www.theblockbeats.info/flash/296009 页面结构异常，未找到flash内容主体
2025-06-03 23:25:51,094 - theblockbeats - INFO - [theblockbeats][flash] 文章ID 296009 爬取失败
2025-06-03 23:25:51,334 - theblockbeats - INFO - [theblockbeats][flash] 成功爬取文章ID 296010
2025-06-03 23:25:51,748 - theblockbeats - WARNING - [theblockbeats] https://www.theblockbeats.info/flash/296011 页面结构异常，未找到flash内容主体
2025-06-03 23:25:51,750 - theblockbeats - INFO - [theblockbeats][flash] 文章ID 296011 爬取失败
2025-06-03 23:25:51,992 - theblockbeats - INFO - [theblockbeats][flash] 成功爬取文章ID 296012
2025-06-03 23:25:52,376 - theblockbeats - WARNING - [theblockbeats] https://www.theblockbeats.info/flash/296013 页面结构异常，未找到flash内容主体
2025-06-03 23:25:52,377 - theblockbeats - INFO - [theblockbeats][flash] 文章ID 296013 爬取失败
2025-06-03 23:25:52,670 - theblockbeats - INFO - [theblockbeats][flash] 成功爬取文章ID 296014
2025-06-03 23:25:52,926 - theblockbeats - INFO - [theblockbeats][flash] 成功爬取文章ID 296015
2025-06-03 23:25:53,401 - theblockbeats - WARNING - [theblockbeats] https://www.theblockbeats.info/flash/296016 页面结构异常，未找到flash内容主体
2025-06-03 23:25:53,402 - theblockbeats - INFO - [theblockbeats][flash] 文章ID 296016 爬取失败
2025-06-03 23:25:53,652 - theblockbeats - INFO - [theblockbeats][flash] 成功爬取文章ID 296017
2025-06-03 23:25:53,907 - theblockbeats - INFO - [theblockbeats][flash] 成功爬取文章ID 296018
2025-06-03 23:25:54,161 - theblockbeats - INFO - [theblockbeats][flash] 成功爬取文章ID 296019
2025-06-03 23:25:54,415 - theblockbeats - INFO - [theblockbeats][flash] 成功爬取文章ID 296020
2025-06-03 23:25:54,702 - theblockbeats - INFO - [theblockbeats][flash] 成功爬取文章ID 296021
2025-06-03 23:25:54,938 - theblockbeats - INFO - [theblockbeats][flash] 成功爬取文章ID 296022
2025-06-03 23:25:55,152 - theblockbeats - INFO - [theblockbeats][flash] 成功爬取文章ID 296023
2025-06-03 23:25:55,414 - theblockbeats - INFO - [theblockbeats][flash] 成功爬取文章ID 296024
2025-06-03 23:25:55,873 - theblockbeats - WARNING - [theblockbeats] https://www.theblockbeats.info/flash/296025 页面结构异常，未找到flash内容主体
2025-06-03 23:25:55,874 - theblockbeats - INFO - [theblockbeats][flash] 文章ID 296025 爬取失败
2025-06-03 23:25:56,123 - theblockbeats - INFO - [theblockbeats][flash] 成功爬取文章ID 296026
2025-06-03 23:25:56,375 - theblockbeats - INFO - [theblockbeats][flash] 成功爬取文章ID 296027
2025-06-03 23:25:56,599 - theblockbeats - INFO - [theblockbeats][flash] 成功爬取文章ID 296028
2025-06-03 23:25:56,847 - theblockbeats - INFO - [theblockbeats][flash] 成功爬取文章ID 296029
2025-06-03 23:25:57,209 - theblockbeats - WARNING - [theblockbeats] https://www.theblockbeats.info/flash/296030 页面结构异常，未找到flash内容主体
2025-06-03 23:25:57,210 - theblockbeats - INFO - [theblockbeats][flash] 文章ID 296030 爬取失败
2025-06-03 23:25:57,458 - theblockbeats - INFO - [theblockbeats][flash] 成功爬取文章ID 296031
2025-06-03 23:25:57,690 - theblockbeats - INFO - [theblockbeats][flash] 成功爬取文章ID 296032
2025-06-03 23:25:58,070 - theblockbeats - WARNING - [theblockbeats] https://www.theblockbeats.info/flash/296033 页面结构异常，未找到flash内容主体
2025-06-03 23:25:58,071 - theblockbeats - INFO - [theblockbeats][flash] 文章ID 296033 爬取失败
2025-06-03 23:25:58,314 - theblockbeats - INFO - [theblockbeats][flash] 成功爬取文章ID 296034
2025-06-03 23:25:58,606 - theblockbeats - INFO - [theblockbeats][flash] 成功爬取文章ID 296035
2025-06-03 23:25:58,852 - theblockbeats - INFO - [theblockbeats][flash] 成功爬取文章ID 296036
2025-06-03 23:25:59,267 - theblockbeats - WARNING - [theblockbeats] https://www.theblockbeats.info/flash/296037 页面结构异常，未找到flash内容主体
2025-06-03 23:25:59,268 - theblockbeats - INFO - [theblockbeats][flash] 文章ID 296037 爬取失败
2025-06-03 23:25:59,683 - theblockbeats - WARNING - [theblockbeats] https://www.theblockbeats.info/flash/296038 页面结构异常，未找到flash内容主体
2025-06-03 23:25:59,684 - theblockbeats - INFO - [theblockbeats][flash] 文章ID 296038 爬取失败
2025-06-03 23:25:59,911 - theblockbeats - INFO - [theblockbeats][flash] 成功爬取文章ID 296039
2025-06-03 23:26:00,175 - theblockbeats - INFO - [theblockbeats][flash] 成功爬取文章ID 296040
2025-06-03 23:26:00,461 - theblockbeats - INFO - [theblockbeats][flash] 成功爬取文章ID 296041
2025-06-03 23:26:00,801 - theblockbeats - INFO - [theblockbeats][flash] 成功爬取文章ID 296042
2025-06-03 23:26:01,039 - theblockbeats - INFO - [theblockbeats][flash] 成功爬取文章ID 296043
2025-06-03 23:26:01,278 - theblockbeats - INFO - [theblockbeats][flash] 成功爬取文章ID 296044
2025-06-03 23:26:01,530 - theblockbeats - INFO - [theblockbeats][flash] 成功爬取文章ID 296045
2025-06-03 23:26:01,789 - theblockbeats - INFO - [theblockbeats][flash] 成功爬取文章ID 296046
2025-06-03 23:26:02,063 - theblockbeats - INFO - [theblockbeats][flash] 成功爬取文章ID 296047
2025-06-03 23:26:02,562 - theblockbeats - WARNING - [theblockbeats] https://www.theblockbeats.info/flash/296048 页面结构异常，未找到flash内容主体
2025-06-03 23:26:02,564 - theblockbeats - INFO - [theblockbeats][flash] 文章ID 296048 爬取失败
2025-06-03 23:26:02,820 - theblockbeats - INFO - [theblockbeats][flash] 成功爬取文章ID 296049
2025-06-03 23:26:03,043 - theblockbeats - INFO - [theblockbeats][flash] 成功爬取文章ID 296050
2025-06-03 23:26:03,400 - theblockbeats - WARNING - [theblockbeats] https://www.theblockbeats.info/flash/296051 页面结构异常，未找到flash内容主体
2025-06-03 23:26:03,402 - theblockbeats - INFO - [theblockbeats][flash] 文章ID 296051 爬取失败
2025-06-03 23:26:03,777 - theblockbeats - WARNING - [theblockbeats] https://www.theblockbeats.info/flash/296052 页面结构异常，未找到flash内容主体
2025-06-03 23:26:03,778 - theblockbeats - INFO - [theblockbeats][flash] 文章ID 296052 爬取失败
2025-06-03 23:26:04,184 - theblockbeats - WARNING - [theblockbeats] https://www.theblockbeats.info/flash/296053 页面结构异常，未找到flash内容主体
2025-06-03 23:26:04,185 - theblockbeats - INFO - [theblockbeats][flash] 文章ID 296053 爬取失败
2025-06-03 23:26:04,464 - theblockbeats - INFO - [theblockbeats][flash] 成功爬取文章ID 296054
2025-06-03 23:26:04,809 - theblockbeats - WARNING - [theblockbeats] https://www.theblockbeats.info/flash/296055 页面结构异常，未找到flash内容主体
2025-06-03 23:26:04,811 - theblockbeats - INFO - [theblockbeats][flash] 文章ID 296055 爬取失败
2025-06-03 23:26:05,048 - theblockbeats - INFO - [theblockbeats][flash] 成功爬取文章ID 296056
2025-06-03 23:26:05,283 - theblockbeats - INFO - [theblockbeats][flash] 成功爬取文章ID 296057
2025-06-03 23:26:05,527 - theblockbeats - INFO - [theblockbeats][flash] 成功爬取文章ID 296058
2025-06-03 23:26:05,922 - theblockbeats - WARNING - [theblockbeats] https://www.theblockbeats.info/flash/296059 页面结构异常，未找到flash内容主体
2025-06-03 23:26:05,923 - theblockbeats - INFO - [theblockbeats][flash] 文章ID 296059 爬取失败
2025-06-03 23:26:06,145 - theblockbeats - INFO - [theblockbeats][flash] 成功爬取文章ID 296060
2025-06-03 23:26:06,408 - theblockbeats - INFO - [theblockbeats][flash] 成功爬取文章ID 296061
2025-06-03 23:26:06,643 - theblockbeats - INFO - [theblockbeats][flash] 成功爬取文章ID 296062
2025-06-03 23:26:06,913 - theblockbeats - INFO - [theblockbeats][flash] 成功爬取文章ID 296063
2025-06-03 23:26:07,198 - theblockbeats - INFO - [theblockbeats][flash] 成功爬取文章ID 296064
2025-06-03 23:26:07,534 - theblockbeats - INFO - [theblockbeats][flash] 成功爬取文章ID 296065
2025-06-03 23:26:07,761 - theblockbeats - INFO - [theblockbeats][flash] 成功爬取文章ID 296066
2025-06-03 23:26:08,025 - theblockbeats - INFO - [theblockbeats][flash] 成功爬取文章ID 296067
2025-06-03 23:26:08,474 - theblockbeats - WARNING - [theblockbeats] https://www.theblockbeats.info/flash/296068 页面结构异常，未找到flash内容主体
2025-06-03 23:26:08,475 - theblockbeats - INFO - [theblockbeats][flash] 文章ID 296068 爬取失败
2025-06-03 23:26:08,716 - theblockbeats - INFO - [theblockbeats][flash] 成功爬取文章ID 296069
2025-06-03 23:26:09,088 - theblockbeats - WARNING - [theblockbeats] https://www.theblockbeats.info/flash/296070 页面结构异常，未找到flash内容主体
2025-06-03 23:26:09,090 - theblockbeats - INFO - [theblockbeats][flash] 文章ID 296070 爬取失败
2025-06-03 23:26:09,372 - theblockbeats - INFO - [theblockbeats][flash] 成功爬取文章ID 296071
2025-06-03 23:26:09,772 - theblockbeats - WARNING - [theblockbeats] https://www.theblockbeats.info/flash/296072 页面结构异常，未找到flash内容主体
2025-06-03 23:26:09,773 - theblockbeats - INFO - [theblockbeats][flash] 文章ID 296072 爬取失败
2025-06-03 23:26:10,003 - theblockbeats - INFO - [theblockbeats][flash] 成功爬取文章ID 296073
2025-06-03 23:26:10,446 - theblockbeats - WARNING - [theblockbeats] https://www.theblockbeats.info/flash/296074 页面结构异常，未找到flash内容主体
2025-06-03 23:26:10,447 - theblockbeats - INFO - [theblockbeats][flash] 文章ID 296074 爬取失败
2025-06-03 23:26:10,689 - theblockbeats - INFO - [theblockbeats][flash] 成功爬取文章ID 296075
2025-06-03 23:26:10,917 - theblockbeats - INFO - [theblockbeats][flash] 成功爬取文章ID 296076
2025-06-03 23:26:11,159 - theblockbeats - INFO - [theblockbeats][flash] 成功爬取文章ID 296077
2025-06-03 23:26:11,408 - theblockbeats - INFO - [theblockbeats][flash] 成功爬取文章ID 296078
2025-06-03 23:26:11,662 - theblockbeats - INFO - [theblockbeats][flash] 成功爬取文章ID 296079
2025-06-03 23:26:11,894 - theblockbeats - INFO - [theblockbeats][flash] 成功爬取文章ID 296080
2025-06-03 23:26:12,126 - theblockbeats - INFO - [theblockbeats][flash] 成功爬取文章ID 296081
2025-06-03 23:26:12,378 - theblockbeats - INFO - [theblockbeats][flash] 成功爬取文章ID 296082
2025-06-03 23:26:12,624 - theblockbeats - INFO - [theblockbeats][flash] 成功爬取文章ID 296083
2025-06-03 23:26:12,877 - theblockbeats - INFO - [theblockbeats][flash] 成功爬取文章ID 296084
2025-06-03 23:26:13,427 - theblockbeats - WARNING - [theblockbeats] https://www.theblockbeats.info/flash/296085 页面结构异常，未找到flash内容主体
2025-06-03 23:26:13,429 - theblockbeats - INFO - [theblockbeats][flash] 文章ID 296085 爬取失败
2025-06-03 23:26:13,664 - theblockbeats - INFO - [theblockbeats][flash] 成功爬取文章ID 296086
2025-06-03 23:26:13,909 - theblockbeats - INFO - [theblockbeats][flash] 成功爬取文章ID 296087
2025-06-03 23:26:14,185 - theblockbeats - INFO - [theblockbeats][flash] 成功爬取文章ID 296088
2025-06-03 23:26:14,425 - theblockbeats - INFO - [theblockbeats][flash] 成功爬取文章ID 296089
2025-06-03 23:26:14,678 - theblockbeats - INFO - [theblockbeats][flash] 成功爬取文章ID 296090
2025-06-03 23:26:14,946 - theblockbeats - INFO - [theblockbeats][flash] 成功爬取文章ID 296091
2025-06-03 23:26:15,181 - theblockbeats - INFO - [theblockbeats][flash] 成功爬取文章ID 296092
2025-06-03 23:26:15,417 - theblockbeats - INFO - [theblockbeats][flash] 成功爬取文章ID 296093
2025-06-03 23:26:15,641 - theblockbeats - INFO - [theblockbeats][flash] 成功爬取文章ID 296094
2025-06-03 23:26:16,122 - theblockbeats - WARNING - [theblockbeats] https://www.theblockbeats.info/flash/296095 页面结构异常，未找到flash内容主体
2025-06-03 23:26:16,123 - theblockbeats - INFO - [theblockbeats][flash] 文章ID 296095 爬取失败
2025-06-03 23:26:16,364 - theblockbeats - INFO - [theblockbeats][flash] 成功爬取文章ID 296096
2025-06-03 23:26:16,713 - theblockbeats - WARNING - [theblockbeats] https://www.theblockbeats.info/flash/296097 页面结构异常，未找到flash内容主体
2025-06-03 23:26:16,714 - theblockbeats - INFO - [theblockbeats][flash] 文章ID 296097 爬取失败
2025-06-03 23:26:16,936 - theblockbeats - INFO - [theblockbeats][flash] 成功爬取文章ID 296098
2025-06-03 23:26:17,205 - theblockbeats - INFO - [theblockbeats][flash] 成功爬取文章ID 296099
2025-06-03 23:26:17,449 - theblockbeats - INFO - [theblockbeats][flash] 成功爬取文章ID 296100
2025-06-03 23:26:17,703 - theblockbeats - INFO - [theblockbeats][flash] 成功爬取文章ID 296101
2025-06-03 23:26:17,940 - theblockbeats - INFO - [theblockbeats][flash] 成功爬取文章ID 296102
2025-06-03 23:26:18,196 - theblockbeats - INFO - [theblockbeats][flash] 成功爬取文章ID 296103
2025-06-03 23:26:18,443 - theblockbeats - INFO - [theblockbeats][flash] 成功爬取文章ID 296104
2025-06-03 23:26:18,845 - theblockbeats - WARNING - [theblockbeats] https://www.theblockbeats.info/flash/296105 页面结构异常，未找到flash内容主体
2025-06-03 23:26:18,846 - theblockbeats - INFO - [theblockbeats][flash] 文章ID 296105 爬取失败
2025-06-03 23:26:19,069 - theblockbeats - INFO - [theblockbeats][flash] 成功爬取文章ID 296106
2025-06-03 23:26:19,323 - theblockbeats - INFO - [theblockbeats][flash] 成功爬取文章ID 296107
2025-06-03 23:26:19,557 - theblockbeats - INFO - [theblockbeats][flash] 成功爬取文章ID 296108
2025-06-03 23:26:19,795 - theblockbeats - INFO - [theblockbeats][flash] 成功爬取文章ID 296109
2025-06-03 23:26:20,043 - theblockbeats - INFO - [theblockbeats][flash] 成功爬取文章ID 296110
2025-06-03 23:26:20,382 - theblockbeats - WARNING - [theblockbeats] https://www.theblockbeats.info/flash/296111 页面结构异常，未找到flash内容主体
2025-06-03 23:26:20,383 - theblockbeats - INFO - [theblockbeats][flash] 文章ID 296111 爬取失败
2025-06-03 23:26:21,442 - theblockbeats - WARNING - [theblockbeats] https://www.theblockbeats.info/flash/296112 页面结构异常，未找到flash内容主体
2025-06-03 23:26:21,443 - theblockbeats - INFO - [theblockbeats][flash] 文章ID 296112 爬取失败
2025-06-03 23:26:21,692 - theblockbeats - INFO - [theblockbeats][flash] 成功爬取文章ID 296113
2025-06-03 23:26:21,931 - theblockbeats - INFO - [theblockbeats][flash] 成功爬取文章ID 296114
2025-06-03 23:26:22,182 - theblockbeats - INFO - [theblockbeats][flash] 成功爬取文章ID 296115
2025-06-03 23:26:22,471 - theblockbeats - INFO - [theblockbeats][flash] 成功爬取文章ID 296116
2025-06-03 23:26:22,696 - theblockbeats - INFO - [theblockbeats][flash] 成功爬取文章ID 296117
2025-06-03 23:26:22,943 - theblockbeats - INFO - [theblockbeats][flash] 成功爬取文章ID 296118
2025-06-03 23:26:23,185 - theblockbeats - INFO - [theblockbeats][flash] 成功爬取文章ID 296119
2025-06-03 23:26:23,455 - theblockbeats - INFO - [theblockbeats][flash] 成功爬取文章ID 296120
2025-06-03 23:26:23,689 - theblockbeats - INFO - [theblockbeats][flash] 成功爬取文章ID 296121
2025-06-03 23:26:23,999 - theblockbeats - INFO - [theblockbeats][flash] 成功爬取文章ID 296122
2025-06-03 23:26:24,236 - theblockbeats - INFO - [theblockbeats][flash] 成功爬取文章ID 296123
2025-06-03 23:26:24,585 - theblockbeats - INFO - [theblockbeats][flash] 成功爬取文章ID 296124
2025-06-03 23:26:24,811 - theblockbeats - INFO - [theblockbeats][flash] 成功爬取文章ID 296125
2025-06-03 23:26:25,065 - theblockbeats - INFO - [theblockbeats][flash] 成功爬取文章ID 296126
2025-06-03 23:26:25,490 - theblockbeats - WARNING - [theblockbeats] https://www.theblockbeats.info/flash/296127 页面结构异常，未找到flash内容主体
2025-06-03 23:26:25,491 - theblockbeats - INFO - [theblockbeats][flash] 文章ID 296127 爬取失败
2025-06-03 23:26:25,724 - theblockbeats - INFO - [theblockbeats][flash] 成功爬取文章ID 296128
2025-06-03 23:26:25,956 - theblockbeats - INFO - [theblockbeats][flash] 成功爬取文章ID 296129
2025-06-03 23:26:26,198 - theblockbeats - INFO - [theblockbeats][flash] 成功爬取文章ID 296130
2025-06-03 23:26:26,489 - theblockbeats - INFO - [theblockbeats][flash] 成功爬取文章ID 296131
2025-06-03 23:26:26,762 - theblockbeats - INFO - [theblockbeats][flash] 成功爬取文章ID 296132
2025-06-03 23:26:26,988 - theblockbeats - INFO - [theblockbeats][flash] 成功爬取文章ID 296133
2025-06-03 23:26:27,248 - theblockbeats - INFO - [theblockbeats][flash] 成功爬取文章ID 296134
2025-06-03 23:26:27,476 - theblockbeats - INFO - [theblockbeats][flash] 成功爬取文章ID 296135
2025-06-03 23:26:27,728 - theblockbeats - INFO - [theblockbeats][flash] 成功爬取文章ID 296136
2025-06-03 23:26:28,096 - theblockbeats - WARNING - [theblockbeats] https://www.theblockbeats.info/flash/296137 页面结构异常，未找到flash内容主体
2025-06-03 23:26:28,097 - theblockbeats - INFO - [theblockbeats][flash] 文章ID 296137 爬取失败
2025-06-03 23:26:28,366 - theblockbeats - INFO - [theblockbeats][flash] 成功爬取文章ID 296138
2025-06-03 23:26:28,632 - theblockbeats - INFO - [theblockbeats][flash] 成功爬取文章ID 296139
2025-06-03 23:26:28,859 - theblockbeats - INFO - [theblockbeats][flash] 成功爬取文章ID 296140
2025-06-03 23:26:29,100 - theblockbeats - INFO - [theblockbeats][flash] 成功爬取文章ID 296141
2025-06-03 23:26:29,361 - theblockbeats - INFO - [theblockbeats][flash] 成功爬取文章ID 296142
2025-06-03 23:26:29,618 - theblockbeats - INFO - [theblockbeats][flash] 成功爬取文章ID 296143
2025-06-03 23:26:30,003 - theblockbeats - WARNING - [theblockbeats] https://www.theblockbeats.info/flash/296144 页面结构异常，未找到flash内容主体
2025-06-03 23:26:30,004 - theblockbeats - INFO - [theblockbeats][flash] 文章ID 296144 爬取失败
2025-06-03 23:26:30,238 - theblockbeats - INFO - [theblockbeats][flash] 成功爬取文章ID 296145
2025-06-03 23:26:30,483 - theblockbeats - INFO - [theblockbeats][flash] 成功爬取文章ID 296146
2025-06-03 23:26:30,730 - theblockbeats - INFO - [theblockbeats][flash] 成功爬取文章ID 296147
2025-06-03 23:26:30,989 - theblockbeats - INFO - [theblockbeats][flash] 成功爬取文章ID 296148
2025-06-03 23:26:31,227 - theblockbeats - INFO - [theblockbeats][flash] 成功爬取文章ID 296149
2025-06-03 23:26:31,463 - theblockbeats - INFO - [theblockbeats][flash] 成功爬取文章ID 296150
2025-06-03 23:26:31,710 - theblockbeats - INFO - [theblockbeats][flash] 成功爬取文章ID 296151
2025-06-03 23:26:31,954 - theblockbeats - INFO - [theblockbeats][flash] 成功爬取文章ID 296152
2025-06-03 23:26:32,214 - theblockbeats - INFO - [theblockbeats][flash] 成功爬取文章ID 296153
2025-06-03 23:26:32,449 - theblockbeats - INFO - [theblockbeats][flash] 成功爬取文章ID 296154
2025-06-03 23:26:32,707 - theblockbeats - INFO - [theblockbeats][flash] 成功爬取文章ID 296155
2025-06-03 23:26:32,981 - theblockbeats - INFO - [theblockbeats][flash] 成功爬取文章ID 296156
2025-06-03 23:26:33,230 - theblockbeats - INFO - [theblockbeats][flash] 成功爬取文章ID 296157
2025-06-03 23:26:33,465 - theblockbeats - INFO - [theblockbeats][flash] 成功爬取文章ID 296158
2025-06-03 23:26:33,887 - theblockbeats - WARNING - [theblockbeats] https://www.theblockbeats.info/flash/296159 页面结构异常，未找到flash内容主体
2025-06-03 23:26:33,888 - theblockbeats - INFO - [theblockbeats][flash] 文章ID 296159 爬取失败
2025-06-03 23:26:34,134 - theblockbeats - INFO - [theblockbeats][flash] 成功爬取文章ID 296160
2025-06-03 23:26:34,515 - theblockbeats - WARNING - [theblockbeats] https://www.theblockbeats.info/flash/296161 页面结构异常，未找到flash内容主体
2025-06-03 23:26:34,516 - theblockbeats - INFO - [theblockbeats][flash] 文章ID 296161 爬取失败
2025-06-03 23:26:34,764 - theblockbeats - INFO - [theblockbeats][flash] 成功爬取文章ID 296162
2025-06-03 23:26:35,152 - theblockbeats - WARNING - [theblockbeats] https://www.theblockbeats.info/flash/296163 页面结构异常，未找到flash内容主体
2025-06-03 23:26:35,154 - theblockbeats - INFO - [theblockbeats][flash] 文章ID 296163 爬取失败
2025-06-03 23:26:35,414 - theblockbeats - INFO - [theblockbeats][flash] 成功爬取文章ID 296164
2025-06-03 23:26:35,659 - theblockbeats - INFO - [theblockbeats][flash] 成功爬取文章ID 296165
2025-06-03 23:26:36,172 - theblockbeats - WARNING - [theblockbeats] https://www.theblockbeats.info/flash/296166 页面结构异常，未找到flash内容主体
2025-06-03 23:26:36,173 - theblockbeats - INFO - [theblockbeats][flash] 文章ID 296166 爬取失败
2025-06-03 23:26:36,418 - theblockbeats - INFO - [theblockbeats][flash] 成功爬取文章ID 296167
2025-06-03 23:26:36,667 - theblockbeats - INFO - [theblockbeats][flash] 成功爬取文章ID 296168
2025-06-03 23:26:36,981 - theblockbeats - INFO - [theblockbeats][flash] 成功爬取文章ID 296169
2025-06-03 23:26:37,278 - theblockbeats - INFO - [theblockbeats][flash] 成功爬取文章ID 296170
2025-06-03 23:26:37,633 - theblockbeats - WARNING - [theblockbeats] https://www.theblockbeats.info/flash/296171 页面结构异常，未找到flash内容主体
2025-06-03 23:26:37,634 - theblockbeats - INFO - [theblockbeats][flash] 文章ID 296171 爬取失败
2025-06-03 23:26:37,880 - theblockbeats - INFO - [theblockbeats][flash] 成功爬取文章ID 296172
2025-06-03 23:26:38,130 - theblockbeats - INFO - [theblockbeats][flash] 成功爬取文章ID 296173
2025-06-03 23:26:38,398 - theblockbeats - INFO - [theblockbeats][flash] 成功爬取文章ID 296174
2025-06-03 23:26:38,652 - theblockbeats - INFO - [theblockbeats][flash] 成功爬取文章ID 296175
2025-06-03 23:26:38,895 - theblockbeats - INFO - [theblockbeats][flash] 成功爬取文章ID 296176
2025-06-03 23:26:39,161 - theblockbeats - INFO - [theblockbeats][flash] 成功爬取文章ID 296177
2025-06-03 23:26:39,402 - theblockbeats - INFO - [theblockbeats][flash] 成功爬取文章ID 296178
2025-06-03 23:26:39,816 - theblockbeats - WARNING - [theblockbeats] https://www.theblockbeats.info/flash/296179 页面结构异常，未找到flash内容主体
2025-06-03 23:26:39,817 - theblockbeats - INFO - [theblockbeats][flash] 文章ID 296179 爬取失败
2025-06-03 23:26:40,057 - theblockbeats - INFO - [theblockbeats][flash] 成功爬取文章ID 296180
2025-06-03 23:26:41,152 - theblockbeats - WARNING - [theblockbeats] https://www.theblockbeats.info/flash/296181 页面结构异常，未找到flash内容主体
2025-06-03 23:26:41,153 - theblockbeats - INFO - [theblockbeats][flash] 文章ID 296181 爬取失败
2025-06-03 23:26:41,543 - theblockbeats - INFO - [theblockbeats][flash] 成功爬取文章ID 296182
2025-06-03 23:26:41,806 - theblockbeats - INFO - [theblockbeats][flash] 成功爬取文章ID 296183
2025-06-03 23:26:42,046 - theblockbeats - INFO - [theblockbeats][flash] 成功爬取文章ID 296184
2025-06-03 23:26:42,449 - theblockbeats - WARNING - [theblockbeats] https://www.theblockbeats.info/flash/296185 页面结构异常，未找到flash内容主体
2025-06-03 23:26:42,450 - theblockbeats - INFO - [theblockbeats][flash] 文章ID 296185 爬取失败
2025-06-03 23:26:42,703 - theblockbeats - INFO - [theblockbeats][flash] 成功爬取文章ID 296186
2025-06-03 23:26:42,949 - theblockbeats - INFO - [theblockbeats][flash] 成功爬取文章ID 296187
2025-06-03 23:26:43,180 - theblockbeats - INFO - [theblockbeats][flash] 成功爬取文章ID 296188
2025-06-03 23:26:43,440 - theblockbeats - INFO - [theblockbeats][flash] 成功爬取文章ID 296189
2025-06-03 23:26:43,880 - theblockbeats - WARNING - [theblockbeats] https://www.theblockbeats.info/flash/296190 页面结构异常，未找到flash内容主体
2025-06-03 23:26:43,880 - theblockbeats - INFO - [theblockbeats][flash] 文章ID 296190 爬取失败
2025-06-03 23:26:44,271 - theblockbeats - WARNING - [theblockbeats] https://www.theblockbeats.info/flash/296191 页面结构异常，未找到flash内容主体
2025-06-03 23:26:44,272 - theblockbeats - INFO - [theblockbeats][flash] 文章ID 296191 爬取失败
2025-06-03 23:26:44,513 - theblockbeats - INFO - [theblockbeats][flash] 成功爬取文章ID 296192
2025-06-03 23:26:44,801 - theblockbeats - INFO - [theblockbeats][flash] 成功爬取文章ID 296193
2025-06-03 23:26:45,053 - theblockbeats - INFO - [theblockbeats][flash] 成功爬取文章ID 296194
2025-06-03 23:26:45,287 - theblockbeats - INFO - [theblockbeats][flash] 成功爬取文章ID 296195
2025-06-03 23:26:45,531 - theblockbeats - INFO - [theblockbeats][flash] 成功爬取文章ID 296196
2025-06-03 23:26:45,780 - theblockbeats - INFO - [theblockbeats][flash] 成功爬取文章ID 296197
2025-06-03 23:26:46,018 - theblockbeats - INFO - [theblockbeats][flash] 成功爬取文章ID 296198
2025-06-03 23:26:46,267 - theblockbeats - INFO - [theblockbeats][flash] 成功爬取文章ID 296199
2025-06-03 23:26:46,522 - theblockbeats - INFO - [theblockbeats][flash] 成功爬取文章ID 296200
2025-06-03 23:26:47,024 - theblockbeats - WARNING - [theblockbeats] https://www.theblockbeats.info/flash/296201 页面结构异常，未找到flash内容主体
2025-06-03 23:26:47,025 - theblockbeats - INFO - [theblockbeats][flash] 文章ID 296201 爬取失败
2025-06-03 23:26:47,265 - theblockbeats - INFO - [theblockbeats][flash] 成功爬取文章ID 296202
2025-06-03 23:26:47,602 - theblockbeats - WARNING - [theblockbeats] https://www.theblockbeats.info/flash/296203 页面结构异常，未找到flash内容主体
2025-06-03 23:26:47,604 - theblockbeats - INFO - [theblockbeats][flash] 文章ID 296203 爬取失败
2025-06-03 23:26:47,858 - theblockbeats - INFO - [theblockbeats][flash] 成功爬取文章ID 296204
2025-06-03 23:26:48,086 - theblockbeats - INFO - [theblockbeats][flash] 成功爬取文章ID 296205
2025-06-03 23:26:48,492 - theblockbeats - WARNING - [theblockbeats] https://www.theblockbeats.info/flash/296206 页面结构异常，未找到flash内容主体
2025-06-03 23:26:48,493 - theblockbeats - INFO - [theblockbeats][flash] 文章ID 296206 爬取失败
2025-06-03 23:26:48,742 - theblockbeats - INFO - [theblockbeats][flash] 成功爬取文章ID 296207
2025-06-03 23:26:48,996 - theblockbeats - INFO - [theblockbeats][flash] 成功爬取文章ID 296208
2025-06-03 23:26:49,250 - theblockbeats - INFO - [theblockbeats][flash] 成功爬取文章ID 296209
2025-06-03 23:26:49,518 - theblockbeats - INFO - [theblockbeats][flash] 成功爬取文章ID 296210
2025-06-03 23:26:49,768 - theblockbeats - INFO - [theblockbeats][flash] 成功爬取文章ID 296211
2025-06-03 23:26:49,991 - theblockbeats - INFO - [theblockbeats][flash] 成功爬取文章ID 296212
2025-06-03 23:26:50,245 - theblockbeats - INFO - [theblockbeats][flash] 成功爬取文章ID 296213
2025-06-03 23:26:50,493 - theblockbeats - INFO - [theblockbeats][flash] 成功爬取文章ID 296214
2025-06-03 23:26:50,725 - theblockbeats - INFO - [theblockbeats][flash] 成功爬取文章ID 296215
2025-06-03 23:26:51,811 - theblockbeats - WARNING - [theblockbeats] https://www.theblockbeats.info/flash/296216 页面结构异常，未找到flash内容主体
2025-06-03 23:26:51,811 - theblockbeats - INFO - [theblockbeats][flash] 文章ID 296216 爬取失败
2025-06-03 23:26:52,162 - theblockbeats - WARNING - [theblockbeats] https://www.theblockbeats.info/flash/296217 页面结构异常，未找到flash内容主体
2025-06-03 23:26:52,163 - theblockbeats - INFO - [theblockbeats][flash] 文章ID 296217 爬取失败
2025-06-03 23:26:52,410 - theblockbeats - INFO - [theblockbeats][flash] 成功爬取文章ID 296218
2025-06-03 23:26:52,655 - theblockbeats - INFO - [theblockbeats][flash] 成功爬取文章ID 296219
2025-06-03 23:26:53,079 - theblockbeats - WARNING - [theblockbeats] https://www.theblockbeats.info/flash/296220 页面结构异常，未找到flash内容主体
2025-06-03 23:26:53,080 - theblockbeats - INFO - [theblockbeats][flash] 文章ID 296220 爬取失败
2025-06-03 23:26:53,445 - theblockbeats - WARNING - [theblockbeats] https://www.theblockbeats.info/flash/296221 页面结构异常，未找到flash内容主体
2025-06-03 23:26:53,446 - theblockbeats - INFO - [theblockbeats][flash] 文章ID 296221 爬取失败
2025-06-03 23:26:53,686 - theblockbeats - INFO - [theblockbeats][flash] 成功爬取文章ID 296222
2025-06-03 23:26:54,120 - theblockbeats - WARNING - [theblockbeats] https://www.theblockbeats.info/flash/296223 页面结构异常，未找到flash内容主体
2025-06-03 23:26:54,121 - theblockbeats - INFO - [theblockbeats][flash] 文章ID 296223 爬取失败
2025-06-03 23:26:54,498 - theblockbeats - INFO - [theblockbeats][flash] 成功爬取文章ID 296224
2025-06-03 23:26:54,742 - theblockbeats - INFO - [theblockbeats][flash] 成功爬取文章ID 296225
2025-06-03 23:26:54,976 - theblockbeats - INFO - [theblockbeats][flash] 成功爬取文章ID 296226
2025-06-03 23:26:55,202 - theblockbeats - INFO - [theblockbeats][flash] 成功爬取文章ID 296227
2025-06-03 23:26:55,439 - theblockbeats - INFO - [theblockbeats][flash] 成功爬取文章ID 296228
2025-06-03 23:26:55,810 - theblockbeats - WARNING - [theblockbeats] https://www.theblockbeats.info/flash/296229 页面结构异常，未找到flash内容主体
2025-06-03 23:26:55,811 - theblockbeats - INFO - [theblockbeats][flash] 文章ID 296229 爬取失败
2025-06-03 23:26:56,057 - theblockbeats - INFO - [theblockbeats][flash] 成功爬取文章ID 296230
2025-06-03 23:26:56,307 - theblockbeats - INFO - [theblockbeats][flash] 成功爬取文章ID 296231
2025-06-03 23:26:56,556 - theblockbeats - INFO - [theblockbeats][flash] 成功爬取文章ID 296232
2025-06-03 23:26:56,824 - theblockbeats - INFO - [theblockbeats][flash] 成功爬取文章ID 296233
2025-06-03 23:26:57,076 - theblockbeats - INFO - [theblockbeats][flash] 成功爬取文章ID 296234
2025-06-03 23:26:57,316 - theblockbeats - INFO - [theblockbeats][flash] 成功爬取文章ID 296235
2025-06-03 23:26:57,584 - theblockbeats - INFO - [theblockbeats][flash] 成功爬取文章ID 296236
2025-06-03 23:26:57,992 - theblockbeats - WARNING - [theblockbeats] https://www.theblockbeats.info/flash/296237 页面结构异常，未找到flash内容主体
2025-06-03 23:26:57,992 - theblockbeats - INFO - [theblockbeats][flash] 文章ID 296237 爬取失败
2025-06-03 23:26:57,992 - theblockbeats - INFO - [theblockbeats][flash] 进入重试阶段，失败ID数量 50
2025-06-03 23:26:58,216 - theblockbeats - INFO - [theblockbeats][flash] 重试成功文章ID 296006
2025-06-03 23:26:58,545 - theblockbeats - WARNING - [theblockbeats] https://www.theblockbeats.info/flash/296008 页面结构异常，未找到flash内容主体
2025-06-03 23:26:58,804 - theblockbeats - INFO - [theblockbeats][flash] 重试成功文章ID 296009
2025-06-03 23:26:59,219 - theblockbeats - WARNING - [theblockbeats] https://www.theblockbeats.info/flash/296011 页面结构异常，未找到flash内容主体
2025-06-03 23:26:59,486 - theblockbeats - INFO - [theblockbeats][flash] 重试成功文章ID 296013
2025-06-03 23:26:59,738 - theblockbeats - INFO - [theblockbeats][flash] 重试成功文章ID 296016
2025-06-03 23:26:59,968 - theblockbeats - INFO - [theblockbeats][flash] 重试成功文章ID 296025
2025-06-03 23:27:00,265 - theblockbeats - INFO - [theblockbeats][flash] 重试成功文章ID 296030
2025-06-03 23:27:00,511 - theblockbeats - INFO - [theblockbeats][flash] 重试成功文章ID 296033
2025-06-03 23:27:00,774 - theblockbeats - INFO - [theblockbeats][flash] 重试成功文章ID 296037
2025-06-03 23:27:00,923 - theblockbeats - WARNING - [theblockbeats] https://www.theblockbeats.info/flash/296038 返回状态码 500
2025-06-03 23:27:01,170 - theblockbeats - INFO - [theblockbeats][flash] 重试成功文章ID 296048
2025-06-03 23:27:01,421 - theblockbeats - INFO - [theblockbeats][flash] 重试成功文章ID 296051
2025-06-03 23:27:01,665 - theblockbeats - INFO - [theblockbeats][flash] 重试成功文章ID 296052
2025-06-03 23:27:02,187 - theblockbeats - WARNING - [theblockbeats] https://www.theblockbeats.info/flash/296053 页面结构异常，未找到flash内容主体
2025-06-03 23:27:02,523 - theblockbeats - INFO - [theblockbeats][flash] 重试成功文章ID 296055
2025-06-03 23:27:02,897 - theblockbeats - WARNING - [theblockbeats] https://www.theblockbeats.info/flash/296059 页面结构异常，未找到flash内容主体
2025-06-03 23:27:03,164 - theblockbeats - INFO - [theblockbeats][flash] 重试成功文章ID 296068
2025-06-03 23:27:03,401 - theblockbeats - INFO - [theblockbeats][flash] 重试成功文章ID 296070
2025-06-03 23:27:03,645 - theblockbeats - INFO - [theblockbeats][flash] 重试成功文章ID 296072
2025-06-03 23:27:03,894 - theblockbeats - INFO - [theblockbeats][flash] 重试成功文章ID 296074
2025-06-03 23:27:04,286 - theblockbeats - WARNING - [theblockbeats] https://www.theblockbeats.info/flash/296085 页面结构异常，未找到flash内容主体
2025-06-03 23:27:04,523 - theblockbeats - INFO - [theblockbeats][flash] 重试成功文章ID 296095
2025-06-03 23:27:04,755 - theblockbeats - INFO - [theblockbeats][flash] 重试成功文章ID 296097
2025-06-03 23:27:05,006 - theblockbeats - INFO - [theblockbeats][flash] 重试成功文章ID 296105
2025-06-03 23:27:05,236 - theblockbeats - INFO - [theblockbeats][flash] 重试成功文章ID 296111
2025-06-03 23:27:06,327 - theblockbeats - WARNING - [theblockbeats] https://www.theblockbeats.info/flash/296112 页面结构异常，未找到flash内容主体
2025-06-03 23:27:06,554 - theblockbeats - INFO - [theblockbeats][flash] 重试成功文章ID 296127
2025-06-03 23:27:06,819 - theblockbeats - INFO - [theblockbeats][flash] 重试成功文章ID 296137
2025-06-03 23:27:07,061 - theblockbeats - INFO - [theblockbeats][flash] 重试成功文章ID 296144
2025-06-03 23:27:07,302 - theblockbeats - INFO - [theblockbeats][flash] 重试成功文章ID 296159
2025-06-03 23:27:07,543 - theblockbeats - INFO - [theblockbeats][flash] 重试成功文章ID 296161
2025-06-03 23:27:07,775 - theblockbeats - INFO - [theblockbeats][flash] 重试成功文章ID 296163
2025-06-03 23:27:08,028 - theblockbeats - INFO - [theblockbeats][flash] 重试成功文章ID 296166
2025-06-03 23:27:08,263 - theblockbeats - INFO - [theblockbeats][flash] 重试成功文章ID 296171
2025-06-03 23:27:08,512 - theblockbeats - INFO - [theblockbeats][flash] 重试成功文章ID 296179
2025-06-03 23:27:09,219 - theblockbeats - WARNING - [theblockbeats] https://www.theblockbeats.info/flash/296181 页面结构异常，未找到flash内容主体
2025-06-03 23:27:09,458 - theblockbeats - INFO - [theblockbeats][flash] 重试成功文章ID 296185
2025-06-03 23:27:09,724 - theblockbeats - INFO - [theblockbeats][flash] 重试成功文章ID 296190
2025-06-03 23:27:09,967 - theblockbeats - INFO - [theblockbeats][flash] 重试成功文章ID 296191
2025-06-03 23:27:10,220 - theblockbeats - INFO - [theblockbeats][flash] 重试成功文章ID 296201
2025-06-03 23:27:10,470 - theblockbeats - INFO - [theblockbeats][flash] 重试成功文章ID 296203
2025-06-03 23:27:10,700 - theblockbeats - INFO - [theblockbeats][flash] 重试成功文章ID 296206
2025-06-03 23:27:11,789 - theblockbeats - WARNING - [theblockbeats] https://www.theblockbeats.info/flash/296216 页面结构异常，未找到flash内容主体
2025-06-03 23:27:12,148 - theblockbeats - WARNING - [theblockbeats] https://www.theblockbeats.info/flash/296217 页面结构异常，未找到flash内容主体
2025-06-03 23:27:12,562 - theblockbeats - WARNING - [theblockbeats] https://www.theblockbeats.info/flash/296220 页面结构异常，未找到flash内容主体
2025-06-03 23:27:12,888 - theblockbeats - WARNING - [theblockbeats] https://www.theblockbeats.info/flash/296221 页面结构异常，未找到flash内容主体
2025-06-03 23:27:13,148 - theblockbeats - INFO - [theblockbeats][flash] 重试成功文章ID 296223
2025-06-03 23:27:13,395 - theblockbeats - INFO - [theblockbeats][flash] 重试成功文章ID 296229
2025-06-03 23:27:13,643 - theblockbeats - INFO - [theblockbeats][flash] 重试成功文章ID 296237
2025-06-03 23:27:13,908 - theblockbeats - INFO - [theblockbeats][flash] 重试成功文章ID 296008
2025-06-03 23:27:14,171 - theblockbeats - INFO - [theblockbeats][flash] 重试成功文章ID 296011
2025-06-03 23:27:14,542 - theblockbeats - WARNING - [theblockbeats] https://www.theblockbeats.info/flash/296038 页面结构异常，未找到flash内容主体
2025-06-03 23:27:14,804 - theblockbeats - INFO - [theblockbeats][flash] 重试成功文章ID 296053
2025-06-03 23:27:15,141 - theblockbeats - WARNING - [theblockbeats] https://www.theblockbeats.info/flash/296059 页面结构异常，未找到flash内容主体
2025-06-03 23:27:15,376 - theblockbeats - INFO - [theblockbeats][flash] 重试成功文章ID 296085
2025-06-03 23:27:16,454 - theblockbeats - WARNING - [theblockbeats] https://www.theblockbeats.info/flash/296112 页面结构异常，未找到flash内容主体
2025-06-03 23:27:17,558 - theblockbeats - WARNING - [theblockbeats] https://www.theblockbeats.info/flash/296181 页面结构异常，未找到flash内容主体
2025-06-03 23:27:18,747 - theblockbeats - WARNING - [theblockbeats] https://www.theblockbeats.info/flash/296216 页面结构异常，未找到flash内容主体
2025-06-03 23:27:18,997 - theblockbeats - INFO - [theblockbeats][flash] 重试成功文章ID 296217
2025-06-03 23:27:19,273 - theblockbeats - INFO - [theblockbeats][flash] 重试成功文章ID 296220
2025-06-03 23:27:19,516 - theblockbeats - INFO - [theblockbeats][flash] 重试成功文章ID 296221
2025-06-03 23:27:19,757 - theblockbeats - INFO - [theblockbeats][flash] 重试成功文章ID 296038
2025-06-03 23:27:19,993 - theblockbeats - INFO - [theblockbeats][flash] 重试成功文章ID 296059
2025-06-03 23:27:21,104 - theblockbeats - WARNING - [theblockbeats] https://www.theblockbeats.info/flash/296112 页面结构异常，未找到flash内容主体
2025-06-03 23:27:22,215 - theblockbeats - WARNING - [theblockbeats] https://www.theblockbeats.info/flash/296181 页面结构异常，未找到flash内容主体
2025-06-03 23:27:22,868 - theblockbeats - WARNING - [theblockbeats] https://www.theblockbeats.info/flash/296216 页面结构异常，未找到flash内容主体
2025-06-03 23:27:22,869 - theblockbeats - INFO - [theblockbeats][news] 从ID 58000 开始爬取
2025-06-03 23:27:23,196 - theblockbeats - ERROR - [theblockbeats] 请求或解析失败 https://www.theblockbeats.info/news/58000: 'str' object has no attribute 'text'
Traceback (most recent call last):
  File "D:\coding\date_spider\crawler\spyder_theblockbeats.py", line 75, in get_article
    "create_time": create_time.text.strip(),
                   ^^^^^^^^^^^^^^^^
AttributeError: 'str' object has no attribute 'text'
2025-06-03 23:27:23,197 - theblockbeats - INFO - [theblockbeats][news] 文章ID 58000 爬取失败
2025-06-03 23:27:23,513 - theblockbeats - ERROR - [theblockbeats] 请求或解析失败 https://www.theblockbeats.info/news/58001: 'str' object has no attribute 'text'
Traceback (most recent call last):
  File "D:\coding\date_spider\crawler\spyder_theblockbeats.py", line 75, in get_article
    "create_time": create_time.text.strip(),
                   ^^^^^^^^^^^^^^^^
AttributeError: 'str' object has no attribute 'text'
2025-06-03 23:27:23,514 - theblockbeats - INFO - [theblockbeats][news] 文章ID 58001 爬取失败
2025-06-03 23:27:23,829 - theblockbeats - ERROR - [theblockbeats] 请求或解析失败 https://www.theblockbeats.info/news/58002: 'str' object has no attribute 'text'
Traceback (most recent call last):
  File "D:\coding\date_spider\crawler\spyder_theblockbeats.py", line 75, in get_article
    "create_time": create_time.text.strip(),
                   ^^^^^^^^^^^^^^^^
AttributeError: 'str' object has no attribute 'text'
2025-06-03 23:27:23,830 - theblockbeats - INFO - [theblockbeats][news] 文章ID 58002 爬取失败
2025-06-03 23:27:24,154 - theblockbeats - ERROR - [theblockbeats] 请求或解析失败 https://www.theblockbeats.info/news/58003: 'str' object has no attribute 'text'
Traceback (most recent call last):
  File "D:\coding\date_spider\crawler\spyder_theblockbeats.py", line 75, in get_article
    "create_time": create_time.text.strip(),
                   ^^^^^^^^^^^^^^^^
AttributeError: 'str' object has no attribute 'text'
2025-06-03 23:27:24,155 - theblockbeats - INFO - [theblockbeats][news] 文章ID 58003 爬取失败
2025-06-03 23:27:24,433 - theblockbeats - ERROR - [theblockbeats] 请求或解析失败 https://www.theblockbeats.info/news/58004: 'str' object has no attribute 'text'
Traceback (most recent call last):
  File "D:\coding\date_spider\crawler\spyder_theblockbeats.py", line 75, in get_article
    "create_time": create_time.text.strip(),
                   ^^^^^^^^^^^^^^^^
AttributeError: 'str' object has no attribute 'text'
2025-06-03 23:27:24,434 - theblockbeats - INFO - [theblockbeats][news] 文章ID 58004 爬取失败
2025-06-03 23:27:24,863 - theblockbeats - WARNING - [theblockbeats] https://www.theblockbeats.info/news/58005 页面结构异常，未找到内容主体
2025-06-03 23:27:24,864 - theblockbeats - INFO - [theblockbeats][news] 文章ID 58005 爬取失败
2025-06-03 23:27:25,148 - theblockbeats - ERROR - [theblockbeats] 请求或解析失败 https://www.theblockbeats.info/news/58006: 'str' object has no attribute 'text'
Traceback (most recent call last):
  File "D:\coding\date_spider\crawler\spyder_theblockbeats.py", line 75, in get_article
    "create_time": create_time.text.strip(),
                   ^^^^^^^^^^^^^^^^
AttributeError: 'str' object has no attribute 'text'
2025-06-03 23:27:25,149 - theblockbeats - INFO - [theblockbeats][news] 文章ID 58006 爬取失败
2025-06-03 23:27:25,463 - theblockbeats - ERROR - [theblockbeats] 请求或解析失败 https://www.theblockbeats.info/news/58007: 'str' object has no attribute 'text'
Traceback (most recent call last):
  File "D:\coding\date_spider\crawler\spyder_theblockbeats.py", line 75, in get_article
    "create_time": create_time.text.strip(),
                   ^^^^^^^^^^^^^^^^
AttributeError: 'str' object has no attribute 'text'
2025-06-03 23:27:25,464 - theblockbeats - INFO - [theblockbeats][news] 文章ID 58007 爬取失败
2025-06-03 23:27:25,792 - theblockbeats - ERROR - [theblockbeats] 请求或解析失败 https://www.theblockbeats.info/news/58008: 'str' object has no attribute 'text'
Traceback (most recent call last):
  File "D:\coding\date_spider\crawler\spyder_theblockbeats.py", line 75, in get_article
    "create_time": create_time.text.strip(),
                   ^^^^^^^^^^^^^^^^
AttributeError: 'str' object has no attribute 'text'
2025-06-03 23:27:25,793 - theblockbeats - INFO - [theblockbeats][news] 文章ID 58008 爬取失败
2025-06-03 23:27:26,143 - theblockbeats - ERROR - [theblockbeats] 请求或解析失败 https://www.theblockbeats.info/news/58009: 'str' object has no attribute 'text'
Traceback (most recent call last):
  File "D:\coding\date_spider\crawler\spyder_theblockbeats.py", line 75, in get_article
    "create_time": create_time.text.strip(),
                   ^^^^^^^^^^^^^^^^
AttributeError: 'str' object has no attribute 'text'
2025-06-03 23:27:26,144 - theblockbeats - INFO - [theblockbeats][news] 文章ID 58009 爬取失败
2025-06-03 23:27:26,505 - theblockbeats - ERROR - [theblockbeats] 请求或解析失败 https://www.theblockbeats.info/news/58010: 'str' object has no attribute 'text'
Traceback (most recent call last):
  File "D:\coding\date_spider\crawler\spyder_theblockbeats.py", line 75, in get_article
    "create_time": create_time.text.strip(),
                   ^^^^^^^^^^^^^^^^
AttributeError: 'str' object has no attribute 'text'
2025-06-03 23:27:26,506 - theblockbeats - INFO - [theblockbeats][news] 文章ID 58010 爬取失败
2025-06-03 23:27:26,843 - theblockbeats - ERROR - [theblockbeats] 请求或解析失败 https://www.theblockbeats.info/news/58011: 'str' object has no attribute 'text'
Traceback (most recent call last):
  File "D:\coding\date_spider\crawler\spyder_theblockbeats.py", line 75, in get_article
    "create_time": create_time.text.strip(),
                   ^^^^^^^^^^^^^^^^
AttributeError: 'str' object has no attribute 'text'
2025-06-03 23:27:26,843 - theblockbeats - INFO - [theblockbeats][news] 文章ID 58011 爬取失败
2025-06-03 23:27:27,158 - theblockbeats - ERROR - [theblockbeats] 请求或解析失败 https://www.theblockbeats.info/news/58012: 'str' object has no attribute 'text'
Traceback (most recent call last):
  File "D:\coding\date_spider\crawler\spyder_theblockbeats.py", line 75, in get_article
    "create_time": create_time.text.strip(),
                   ^^^^^^^^^^^^^^^^
AttributeError: 'str' object has no attribute 'text'
2025-06-03 23:27:27,159 - theblockbeats - INFO - [theblockbeats][news] 文章ID 58012 爬取失败
2025-06-03 23:27:27,467 - theblockbeats - ERROR - [theblockbeats] 请求或解析失败 https://www.theblockbeats.info/news/58013: 'str' object has no attribute 'text'
Traceback (most recent call last):
  File "D:\coding\date_spider\crawler\spyder_theblockbeats.py", line 75, in get_article
    "create_time": create_time.text.strip(),
                   ^^^^^^^^^^^^^^^^
AttributeError: 'str' object has no attribute 'text'
2025-06-03 23:27:27,469 - theblockbeats - INFO - [theblockbeats][news] 文章ID 58013 爬取失败
2025-06-03 23:27:27,792 - theblockbeats - ERROR - [theblockbeats] 请求或解析失败 https://www.theblockbeats.info/news/58014: 'str' object has no attribute 'text'
Traceback (most recent call last):
  File "D:\coding\date_spider\crawler\spyder_theblockbeats.py", line 75, in get_article
    "create_time": create_time.text.strip(),
                   ^^^^^^^^^^^^^^^^
AttributeError: 'str' object has no attribute 'text'
2025-06-03 23:27:27,794 - theblockbeats - INFO - [theblockbeats][news] 文章ID 58014 爬取失败
2025-06-03 23:27:28,864 - theblockbeats - WARNING - [theblockbeats] https://www.theblockbeats.info/news/58015 页面结构异常，未找到内容主体
2025-06-03 23:27:28,865 - theblockbeats - INFO - [theblockbeats][news] 文章ID 58015 爬取失败
2025-06-03 23:27:29,174 - theblockbeats - ERROR - [theblockbeats] 请求或解析失败 https://www.theblockbeats.info/news/58016: 'str' object has no attribute 'text'
Traceback (most recent call last):
  File "D:\coding\date_spider\crawler\spyder_theblockbeats.py", line 75, in get_article
    "create_time": create_time.text.strip(),
                   ^^^^^^^^^^^^^^^^
AttributeError: 'str' object has no attribute 'text'
2025-06-03 23:27:29,174 - theblockbeats - INFO - [theblockbeats][news] 文章ID 58016 爬取失败
2025-06-03 23:27:29,494 - theblockbeats - ERROR - [theblockbeats] 请求或解析失败 https://www.theblockbeats.info/news/58017: 'str' object has no attribute 'text'
Traceback (most recent call last):
  File "D:\coding\date_spider\crawler\spyder_theblockbeats.py", line 75, in get_article
    "create_time": create_time.text.strip(),
                   ^^^^^^^^^^^^^^^^
AttributeError: 'str' object has no attribute 'text'
2025-06-03 23:27:29,495 - theblockbeats - INFO - [theblockbeats][news] 文章ID 58017 爬取失败
2025-06-03 23:27:29,814 - theblockbeats - ERROR - [theblockbeats] 请求或解析失败 https://www.theblockbeats.info/news/58018: 'str' object has no attribute 'text'
Traceback (most recent call last):
  File "D:\coding\date_spider\crawler\spyder_theblockbeats.py", line 75, in get_article
    "create_time": create_time.text.strip(),
                   ^^^^^^^^^^^^^^^^
AttributeError: 'str' object has no attribute 'text'
2025-06-03 23:27:29,816 - theblockbeats - INFO - [theblockbeats][news] 文章ID 58018 爬取失败
2025-06-03 23:27:30,083 - theblockbeats - ERROR - [theblockbeats] 请求或解析失败 https://www.theblockbeats.info/news/58019: 'str' object has no attribute 'text'
Traceback (most recent call last):
  File "D:\coding\date_spider\crawler\spyder_theblockbeats.py", line 75, in get_article
    "create_time": create_time.text.strip(),
                   ^^^^^^^^^^^^^^^^
AttributeError: 'str' object has no attribute 'text'
2025-06-03 23:27:30,084 - theblockbeats - INFO - [theblockbeats][news] 文章ID 58019 爬取失败
2025-06-03 23:27:30,378 - theblockbeats - ERROR - [theblockbeats] 请求或解析失败 https://www.theblockbeats.info/news/58020: 'str' object has no attribute 'text'
Traceback (most recent call last):
  File "D:\coding\date_spider\crawler\spyder_theblockbeats.py", line 75, in get_article
    "create_time": create_time.text.strip(),
                   ^^^^^^^^^^^^^^^^
AttributeError: 'str' object has no attribute 'text'
2025-06-03 23:27:30,379 - theblockbeats - INFO - [theblockbeats][news] 文章ID 58020 爬取失败
2025-06-03 23:27:30,663 - theblockbeats - ERROR - [theblockbeats] 请求或解析失败 https://www.theblockbeats.info/news/58021: 'str' object has no attribute 'text'
Traceback (most recent call last):
  File "D:\coding\date_spider\crawler\spyder_theblockbeats.py", line 75, in get_article
    "create_time": create_time.text.strip(),
                   ^^^^^^^^^^^^^^^^
AttributeError: 'str' object has no attribute 'text'
2025-06-03 23:27:30,664 - theblockbeats - INFO - [theblockbeats][news] 文章ID 58021 爬取失败
2025-06-03 23:27:31,812 - theblockbeats - WARNING - [theblockbeats] https://www.theblockbeats.info/news/58022 页面结构异常，未找到内容主体
2025-06-03 23:27:31,813 - theblockbeats - INFO - [theblockbeats][news] 文章ID 58022 爬取失败
2025-06-03 23:27:32,170 - theblockbeats - WARNING - [theblockbeats] https://www.theblockbeats.info/news/58023 页面结构异常，未找到内容主体
2025-06-03 23:27:32,171 - theblockbeats - INFO - [theblockbeats][news] 文章ID 58023 爬取失败
2025-06-03 23:27:32,422 - theblockbeats - ERROR - [theblockbeats] 请求或解析失败 https://www.theblockbeats.info/news/58024: 'str' object has no attribute 'text'
Traceback (most recent call last):
  File "D:\coding\date_spider\crawler\spyder_theblockbeats.py", line 75, in get_article
    "create_time": create_time.text.strip(),
                   ^^^^^^^^^^^^^^^^
AttributeError: 'str' object has no attribute 'text'
2025-06-03 23:27:32,423 - theblockbeats - INFO - [theblockbeats][news] 文章ID 58024 爬取失败
2025-06-03 23:27:32,753 - theblockbeats - ERROR - [theblockbeats] 请求或解析失败 https://www.theblockbeats.info/news/58025: 'str' object has no attribute 'text'
Traceback (most recent call last):
  File "D:\coding\date_spider\crawler\spyder_theblockbeats.py", line 75, in get_article
    "create_time": create_time.text.strip(),
                   ^^^^^^^^^^^^^^^^
AttributeError: 'str' object has no attribute 'text'
2025-06-03 23:27:32,754 - theblockbeats - INFO - [theblockbeats][news] 文章ID 58025 爬取失败
2025-06-03 23:27:33,153 - theblockbeats - WARNING - [theblockbeats] https://www.theblockbeats.info/news/58026 页面结构异常，未找到内容主体
2025-06-03 23:27:33,154 - theblockbeats - INFO - [theblockbeats][news] 文章ID 58026 爬取失败
2025-06-03 23:27:33,430 - theblockbeats - ERROR - [theblockbeats] 请求或解析失败 https://www.theblockbeats.info/news/58027: 'str' object has no attribute 'text'
Traceback (most recent call last):
  File "D:\coding\date_spider\crawler\spyder_theblockbeats.py", line 75, in get_article
    "create_time": create_time.text.strip(),
                   ^^^^^^^^^^^^^^^^
AttributeError: 'str' object has no attribute 'text'
2025-06-03 23:27:33,431 - theblockbeats - INFO - [theblockbeats][news] 文章ID 58027 爬取失败
2025-06-03 23:27:33,719 - theblockbeats - ERROR - [theblockbeats] 请求或解析失败 https://www.theblockbeats.info/news/58028: 'str' object has no attribute 'text'
Traceback (most recent call last):
  File "D:\coding\date_spider\crawler\spyder_theblockbeats.py", line 75, in get_article
    "create_time": create_time.text.strip(),
                   ^^^^^^^^^^^^^^^^
AttributeError: 'str' object has no attribute 'text'
2025-06-03 23:27:33,720 - theblockbeats - INFO - [theblockbeats][news] 文章ID 58028 爬取失败
2025-06-03 23:27:34,106 - theblockbeats - WARNING - [theblockbeats] https://www.theblockbeats.info/news/58029 页面结构异常，未找到内容主体
2025-06-03 23:27:34,107 - theblockbeats - INFO - [theblockbeats][news] 文章ID 58029 爬取失败
2025-06-03 23:27:34,489 - theblockbeats - WARNING - [theblockbeats] https://www.theblockbeats.info/news/58030 页面结构异常，未找到内容主体
2025-06-03 23:27:34,490 - theblockbeats - INFO - [theblockbeats][news] 文章ID 58030 爬取失败
2025-06-03 23:27:34,781 - theblockbeats - ERROR - [theblockbeats] 请求或解析失败 https://www.theblockbeats.info/news/58031: 'str' object has no attribute 'text'
Traceback (most recent call last):
  File "D:\coding\date_spider\crawler\spyder_theblockbeats.py", line 75, in get_article
    "create_time": create_time.text.strip(),
                   ^^^^^^^^^^^^^^^^
AttributeError: 'str' object has no attribute 'text'
2025-06-03 23:27:34,782 - theblockbeats - INFO - [theblockbeats][news] 文章ID 58031 爬取失败
2025-06-03 23:27:35,066 - theblockbeats - ERROR - [theblockbeats] 请求或解析失败 https://www.theblockbeats.info/news/58032: 'str' object has no attribute 'text'
Traceback (most recent call last):
  File "D:\coding\date_spider\crawler\spyder_theblockbeats.py", line 75, in get_article
    "create_time": create_time.text.strip(),
                   ^^^^^^^^^^^^^^^^
AttributeError: 'str' object has no attribute 'text'
2025-06-03 23:27:35,066 - theblockbeats - INFO - [theblockbeats][news] 文章ID 58032 爬取失败
2025-06-03 23:27:35,389 - theblockbeats - ERROR - [theblockbeats] 请求或解析失败 https://www.theblockbeats.info/news/58033: 'str' object has no attribute 'text'
Traceback (most recent call last):
  File "D:\coding\date_spider\crawler\spyder_theblockbeats.py", line 75, in get_article
    "create_time": create_time.text.strip(),
                   ^^^^^^^^^^^^^^^^
AttributeError: 'str' object has no attribute 'text'
2025-06-03 23:27:35,390 - theblockbeats - INFO - [theblockbeats][news] 文章ID 58033 爬取失败
2025-06-03 23:27:35,698 - theblockbeats - ERROR - [theblockbeats] 请求或解析失败 https://www.theblockbeats.info/news/58034: 'str' object has no attribute 'text'
Traceback (most recent call last):
  File "D:\coding\date_spider\crawler\spyder_theblockbeats.py", line 75, in get_article
    "create_time": create_time.text.strip(),
                   ^^^^^^^^^^^^^^^^
AttributeError: 'str' object has no attribute 'text'
2025-06-03 23:27:35,700 - theblockbeats - INFO - [theblockbeats][news] 文章ID 58034 爬取失败
2025-06-03 23:27:36,026 - theblockbeats - ERROR - [theblockbeats] 请求或解析失败 https://www.theblockbeats.info/news/58035: 'str' object has no attribute 'text'
Traceback (most recent call last):
  File "D:\coding\date_spider\crawler\spyder_theblockbeats.py", line 75, in get_article
    "create_time": create_time.text.strip(),
                   ^^^^^^^^^^^^^^^^
AttributeError: 'str' object has no attribute 'text'
2025-06-03 23:27:36,027 - theblockbeats - INFO - [theblockbeats][news] 文章ID 58035 爬取失败
2025-06-03 23:27:36,370 - theblockbeats - ERROR - [theblockbeats] 请求或解析失败 https://www.theblockbeats.info/news/58036: 'str' object has no attribute 'text'
Traceback (most recent call last):
  File "D:\coding\date_spider\crawler\spyder_theblockbeats.py", line 75, in get_article
    "create_time": create_time.text.strip(),
                   ^^^^^^^^^^^^^^^^
AttributeError: 'str' object has no attribute 'text'
2025-06-03 23:27:36,371 - theblockbeats - INFO - [theblockbeats][news] 文章ID 58036 爬取失败
2025-06-03 23:27:36,781 - theblockbeats - WARNING - [theblockbeats] https://www.theblockbeats.info/news/58037 页面结构异常，未找到内容主体
2025-06-03 23:27:36,782 - theblockbeats - INFO - [theblockbeats][news] 文章ID 58037 爬取失败
2025-06-03 23:27:37,118 - theblockbeats - ERROR - [theblockbeats] 请求或解析失败 https://www.theblockbeats.info/news/58038: 'str' object has no attribute 'text'
Traceback (most recent call last):
  File "D:\coding\date_spider\crawler\spyder_theblockbeats.py", line 75, in get_article
    "create_time": create_time.text.strip(),
                   ^^^^^^^^^^^^^^^^
AttributeError: 'str' object has no attribute 'text'
2025-06-03 23:27:37,119 - theblockbeats - INFO - [theblockbeats][news] 文章ID 58038 爬取失败
2025-06-03 23:27:37,433 - theblockbeats - ERROR - [theblockbeats] 请求或解析失败 https://www.theblockbeats.info/news/58039: 'str' object has no attribute 'text'
Traceback (most recent call last):
  File "D:\coding\date_spider\crawler\spyder_theblockbeats.py", line 75, in get_article
    "create_time": create_time.text.strip(),
                   ^^^^^^^^^^^^^^^^
AttributeError: 'str' object has no attribute 'text'
2025-06-03 23:27:37,434 - theblockbeats - INFO - [theblockbeats][news] 文章ID 58039 爬取失败
2025-06-03 23:27:37,751 - theblockbeats - ERROR - [theblockbeats] 请求或解析失败 https://www.theblockbeats.info/news/58040: 'str' object has no attribute 'text'
Traceback (most recent call last):
  File "D:\coding\date_spider\crawler\spyder_theblockbeats.py", line 75, in get_article
    "create_time": create_time.text.strip(),
                   ^^^^^^^^^^^^^^^^
AttributeError: 'str' object has no attribute 'text'
2025-06-03 23:27:37,752 - theblockbeats - INFO - [theblockbeats][news] 文章ID 58040 爬取失败
2025-06-03 23:27:38,115 - theblockbeats - ERROR - [theblockbeats] 请求或解析失败 https://www.theblockbeats.info/news/58041: 'str' object has no attribute 'text'
Traceback (most recent call last):
  File "D:\coding\date_spider\crawler\spyder_theblockbeats.py", line 75, in get_article
    "create_time": create_time.text.strip(),
                   ^^^^^^^^^^^^^^^^
AttributeError: 'str' object has no attribute 'text'
2025-06-03 23:27:38,116 - theblockbeats - INFO - [theblockbeats][news] 文章ID 58041 爬取失败
2025-06-03 23:27:38,455 - theblockbeats - ERROR - [theblockbeats] 请求或解析失败 https://www.theblockbeats.info/news/58042: 'str' object has no attribute 'text'
Traceback (most recent call last):
  File "D:\coding\date_spider\crawler\spyder_theblockbeats.py", line 75, in get_article
    "create_time": create_time.text.strip(),
                   ^^^^^^^^^^^^^^^^
AttributeError: 'str' object has no attribute 'text'
2025-06-03 23:27:38,456 - theblockbeats - INFO - [theblockbeats][news] 文章ID 58042 爬取失败
2025-06-03 23:27:38,932 - theblockbeats - WARNING - [theblockbeats] https://www.theblockbeats.info/news/58043 页面结构异常，未找到内容主体
2025-06-03 23:27:38,933 - theblockbeats - INFO - [theblockbeats][news] 文章ID 58043 爬取失败
2025-06-03 23:27:39,335 - theblockbeats - WARNING - [theblockbeats] https://www.theblockbeats.info/news/58044 页面结构异常，未找到内容主体
2025-06-03 23:27:39,336 - theblockbeats - INFO - [theblockbeats][news] 文章ID 58044 爬取失败
2025-06-03 23:27:39,643 - theblockbeats - ERROR - [theblockbeats] 请求或解析失败 https://www.theblockbeats.info/news/58045: 'str' object has no attribute 'text'
Traceback (most recent call last):
  File "D:\coding\date_spider\crawler\spyder_theblockbeats.py", line 75, in get_article
    "create_time": create_time.text.strip(),
                   ^^^^^^^^^^^^^^^^
AttributeError: 'str' object has no attribute 'text'
2025-06-03 23:27:39,644 - theblockbeats - INFO - [theblockbeats][news] 文章ID 58045 爬取失败
2025-06-03 23:27:39,945 - theblockbeats - ERROR - [theblockbeats] 请求或解析失败 https://www.theblockbeats.info/news/58046: 'str' object has no attribute 'text'
Traceback (most recent call last):
  File "D:\coding\date_spider\crawler\spyder_theblockbeats.py", line 75, in get_article
    "create_time": create_time.text.strip(),
                   ^^^^^^^^^^^^^^^^
AttributeError: 'str' object has no attribute 'text'
2025-06-03 23:27:39,946 - theblockbeats - INFO - [theblockbeats][news] 文章ID 58046 爬取失败
2025-06-03 23:27:40,205 - theblockbeats - ERROR - [theblockbeats] 请求或解析失败 https://www.theblockbeats.info/news/58047: 'str' object has no attribute 'text'
Traceback (most recent call last):
  File "D:\coding\date_spider\crawler\spyder_theblockbeats.py", line 75, in get_article
    "create_time": create_time.text.strip(),
                   ^^^^^^^^^^^^^^^^
AttributeError: 'str' object has no attribute 'text'
2025-06-03 23:27:40,206 - theblockbeats - INFO - [theblockbeats][news] 文章ID 58047 爬取失败
2025-06-03 23:27:40,554 - theblockbeats - ERROR - [theblockbeats] 请求或解析失败 https://www.theblockbeats.info/news/58048: 'str' object has no attribute 'text'
Traceback (most recent call last):
  File "D:\coding\date_spider\crawler\spyder_theblockbeats.py", line 75, in get_article
    "create_time": create_time.text.strip(),
                   ^^^^^^^^^^^^^^^^
AttributeError: 'str' object has no attribute 'text'
2025-06-03 23:27:40,555 - theblockbeats - INFO - [theblockbeats][news] 文章ID 58048 爬取失败
2025-06-03 23:27:40,894 - theblockbeats - ERROR - [theblockbeats] 请求或解析失败 https://www.theblockbeats.info/news/58049: 'str' object has no attribute 'text'
Traceback (most recent call last):
  File "D:\coding\date_spider\crawler\spyder_theblockbeats.py", line 75, in get_article
    "create_time": create_time.text.strip(),
                   ^^^^^^^^^^^^^^^^
AttributeError: 'str' object has no attribute 'text'
2025-06-03 23:27:40,895 - theblockbeats - INFO - [theblockbeats][news] 文章ID 58049 爬取失败
2025-06-03 23:27:40,895 - theblockbeats - INFO - [theblockbeats][news] 进入重试阶段，失败ID数量 50
2025-06-03 23:27:41,185 - theblockbeats - ERROR - [theblockbeats] 请求或解析失败 https://www.theblockbeats.info/news/58000: 'str' object has no attribute 'text'
Traceback (most recent call last):
  File "D:\coding\date_spider\crawler\spyder_theblockbeats.py", line 75, in get_article
    "create_time": create_time.text.strip(),
                   ^^^^^^^^^^^^^^^^
AttributeError: 'str' object has no attribute 'text'
2025-06-03 23:27:41,486 - theblockbeats - ERROR - [theblockbeats] 请求或解析失败 https://www.theblockbeats.info/news/58001: 'str' object has no attribute 'text'
Traceback (most recent call last):
  File "D:\coding\date_spider\crawler\spyder_theblockbeats.py", line 75, in get_article
    "create_time": create_time.text.strip(),
                   ^^^^^^^^^^^^^^^^
AttributeError: 'str' object has no attribute 'text'
2025-06-03 23:27:41,778 - theblockbeats - ERROR - [theblockbeats] 请求或解析失败 https://www.theblockbeats.info/news/58002: 'str' object has no attribute 'text'
Traceback (most recent call last):
  File "D:\coding\date_spider\crawler\spyder_theblockbeats.py", line 75, in get_article
    "create_time": create_time.text.strip(),
                   ^^^^^^^^^^^^^^^^
AttributeError: 'str' object has no attribute 'text'
2025-06-03 23:27:42,097 - theblockbeats - ERROR - [theblockbeats] 请求或解析失败 https://www.theblockbeats.info/news/58003: 'str' object has no attribute 'text'
Traceback (most recent call last):
  File "D:\coding\date_spider\crawler\spyder_theblockbeats.py", line 75, in get_article
    "create_time": create_time.text.strip(),
                   ^^^^^^^^^^^^^^^^
AttributeError: 'str' object has no attribute 'text'
2025-06-03 23:27:42,380 - theblockbeats - ERROR - [theblockbeats] 请求或解析失败 https://www.theblockbeats.info/news/58004: 'str' object has no attribute 'text'
Traceback (most recent call last):
  File "D:\coding\date_spider\crawler\spyder_theblockbeats.py", line 75, in get_article
    "create_time": create_time.text.strip(),
                   ^^^^^^^^^^^^^^^^
AttributeError: 'str' object has no attribute 'text'
2025-06-03 23:27:42,774 - theblockbeats - WARNING - [theblockbeats] https://www.theblockbeats.info/news/58005 页面结构异常，未找到内容主体
2025-06-03 23:27:43,075 - theblockbeats - ERROR - [theblockbeats] 请求或解析失败 https://www.theblockbeats.info/news/58006: 'str' object has no attribute 'text'
Traceback (most recent call last):
  File "D:\coding\date_spider\crawler\spyder_theblockbeats.py", line 75, in get_article
    "create_time": create_time.text.strip(),
                   ^^^^^^^^^^^^^^^^
AttributeError: 'str' object has no attribute 'text'
2025-06-03 23:27:43,384 - theblockbeats - ERROR - [theblockbeats] 请求或解析失败 https://www.theblockbeats.info/news/58007: 'str' object has no attribute 'text'
Traceback (most recent call last):
  File "D:\coding\date_spider\crawler\spyder_theblockbeats.py", line 75, in get_article
    "create_time": create_time.text.strip(),
                   ^^^^^^^^^^^^^^^^
AttributeError: 'str' object has no attribute 'text'
2025-06-03 23:27:43,693 - theblockbeats - ERROR - [theblockbeats] 请求或解析失败 https://www.theblockbeats.info/news/58008: 'str' object has no attribute 'text'
Traceback (most recent call last):
  File "D:\coding\date_spider\crawler\spyder_theblockbeats.py", line 75, in get_article
    "create_time": create_time.text.strip(),
                   ^^^^^^^^^^^^^^^^
AttributeError: 'str' object has no attribute 'text'
2025-06-03 23:27:44,043 - theblockbeats - ERROR - [theblockbeats] 请求或解析失败 https://www.theblockbeats.info/news/58009: 'str' object has no attribute 'text'
Traceback (most recent call last):
  File "D:\coding\date_spider\crawler\spyder_theblockbeats.py", line 75, in get_article
    "create_time": create_time.text.strip(),
                   ^^^^^^^^^^^^^^^^
AttributeError: 'str' object has no attribute 'text'
2025-06-03 23:27:44,507 - theblockbeats - WARNING - [theblockbeats] https://www.theblockbeats.info/news/58010 页面结构异常，未找到内容主体
2025-06-03 23:27:44,900 - theblockbeats - WARNING - [theblockbeats] https://www.theblockbeats.info/news/58011 页面结构异常，未找到内容主体
2025-06-03 23:27:45,399 - theblockbeats - WARNING - [theblockbeats] https://www.theblockbeats.info/news/58012 页面结构异常，未找到内容主体
2025-06-03 23:27:45,793 - theblockbeats - WARNING - [theblockbeats] https://www.theblockbeats.info/news/58013 页面结构异常，未找到内容主体
2025-06-03 23:27:46,115 - theblockbeats - ERROR - [theblockbeats] 请求或解析失败 https://www.theblockbeats.info/news/58014: 'str' object has no attribute 'text'
Traceback (most recent call last):
  File "D:\coding\date_spider\crawler\spyder_theblockbeats.py", line 75, in get_article
    "create_time": create_time.text.strip(),
                   ^^^^^^^^^^^^^^^^
AttributeError: 'str' object has no attribute 'text'
2025-06-03 23:27:47,254 - theblockbeats - WARNING - [theblockbeats] https://www.theblockbeats.info/news/58015 页面结构异常，未找到内容主体
2025-06-03 23:27:47,578 - theblockbeats - ERROR - [theblockbeats] 请求或解析失败 https://www.theblockbeats.info/news/58016: 'str' object has no attribute 'text'
Traceback (most recent call last):
  File "D:\coding\date_spider\crawler\spyder_theblockbeats.py", line 75, in get_article
    "create_time": create_time.text.strip(),
                   ^^^^^^^^^^^^^^^^
AttributeError: 'str' object has no attribute 'text'
2025-06-03 23:27:47,872 - theblockbeats - ERROR - [theblockbeats] 请求或解析失败 https://www.theblockbeats.info/news/58017: 'str' object has no attribute 'text'
Traceback (most recent call last):
  File "D:\coding\date_spider\crawler\spyder_theblockbeats.py", line 75, in get_article
    "create_time": create_time.text.strip(),
                   ^^^^^^^^^^^^^^^^
AttributeError: 'str' object has no attribute 'text'
2025-06-03 23:27:48,216 - theblockbeats - ERROR - [theblockbeats] 请求或解析失败 https://www.theblockbeats.info/news/58018: 'str' object has no attribute 'text'
Traceback (most recent call last):
  File "D:\coding\date_spider\crawler\spyder_theblockbeats.py", line 75, in get_article
    "create_time": create_time.text.strip(),
                   ^^^^^^^^^^^^^^^^
AttributeError: 'str' object has no attribute 'text'
2025-06-03 23:27:48,481 - theblockbeats - ERROR - [theblockbeats] 请求或解析失败 https://www.theblockbeats.info/news/58019: 'str' object has no attribute 'text'
Traceback (most recent call last):
  File "D:\coding\date_spider\crawler\spyder_theblockbeats.py", line 75, in get_article
    "create_time": create_time.text.strip(),
                   ^^^^^^^^^^^^^^^^
AttributeError: 'str' object has no attribute 'text'
2025-06-03 23:27:48,767 - theblockbeats - ERROR - [theblockbeats] 请求或解析失败 https://www.theblockbeats.info/news/58020: 'str' object has no attribute 'text'
Traceback (most recent call last):
  File "D:\coding\date_spider\crawler\spyder_theblockbeats.py", line 75, in get_article
    "create_time": create_time.text.strip(),
                   ^^^^^^^^^^^^^^^^
AttributeError: 'str' object has no attribute 'text'
2025-06-03 23:27:49,211 - theblockbeats - WARNING - [theblockbeats] https://www.theblockbeats.info/news/58021 页面结构异常，未找到内容主体
2025-06-03 23:27:50,437 - theblockbeats - WARNING - [theblockbeats] https://www.theblockbeats.info/news/58022 页面结构异常，未找到内容主体
2025-06-03 23:27:50,744 - theblockbeats - ERROR - [theblockbeats] 请求或解析失败 https://www.theblockbeats.info/news/58023: 'str' object has no attribute 'text'
Traceback (most recent call last):
  File "D:\coding\date_spider\crawler\spyder_theblockbeats.py", line 75, in get_article
    "create_time": create_time.text.strip(),
                   ^^^^^^^^^^^^^^^^
AttributeError: 'str' object has no attribute 'text'
2025-06-03 23:27:51,055 - theblockbeats - ERROR - [theblockbeats] 请求或解析失败 https://www.theblockbeats.info/news/58024: 'str' object has no attribute 'text'
Traceback (most recent call last):
  File "D:\coding\date_spider\crawler\spyder_theblockbeats.py", line 75, in get_article
    "create_time": create_time.text.strip(),
                   ^^^^^^^^^^^^^^^^
AttributeError: 'str' object has no attribute 'text'
2025-06-03 23:27:51,362 - theblockbeats - ERROR - [theblockbeats] 请求或解析失败 https://www.theblockbeats.info/news/58025: 'str' object has no attribute 'text'
Traceback (most recent call last):
  File "D:\coding\date_spider\crawler\spyder_theblockbeats.py", line 75, in get_article
    "create_time": create_time.text.strip(),
                   ^^^^^^^^^^^^^^^^
AttributeError: 'str' object has no attribute 'text'
2025-06-03 23:27:51,657 - theblockbeats - ERROR - [theblockbeats] 请求或解析失败 https://www.theblockbeats.info/news/58026: 'str' object has no attribute 'text'
Traceback (most recent call last):
  File "D:\coding\date_spider\crawler\spyder_theblockbeats.py", line 75, in get_article
    "create_time": create_time.text.strip(),
                   ^^^^^^^^^^^^^^^^
AttributeError: 'str' object has no attribute 'text'
2025-06-03 23:27:51,926 - theblockbeats - ERROR - [theblockbeats] 请求或解析失败 https://www.theblockbeats.info/news/58027: 'str' object has no attribute 'text'
Traceback (most recent call last):
  File "D:\coding\date_spider\crawler\spyder_theblockbeats.py", line 75, in get_article
    "create_time": create_time.text.strip(),
                   ^^^^^^^^^^^^^^^^
AttributeError: 'str' object has no attribute 'text'
2025-06-03 23:27:52,242 - theblockbeats - ERROR - [theblockbeats] 请求或解析失败 https://www.theblockbeats.info/news/58028: 'str' object has no attribute 'text'
Traceback (most recent call last):
  File "D:\coding\date_spider\crawler\spyder_theblockbeats.py", line 75, in get_article
    "create_time": create_time.text.strip(),
                   ^^^^^^^^^^^^^^^^
AttributeError: 'str' object has no attribute 'text'
2025-06-03 23:27:52,501 - theblockbeats - ERROR - [theblockbeats] 请求或解析失败 https://www.theblockbeats.info/news/58029: 'str' object has no attribute 'text'
Traceback (most recent call last):
  File "D:\coding\date_spider\crawler\spyder_theblockbeats.py", line 75, in get_article
    "create_time": create_time.text.strip(),
                   ^^^^^^^^^^^^^^^^
AttributeError: 'str' object has no attribute 'text'
2025-06-03 23:27:52,931 - theblockbeats - WARNING - [theblockbeats] https://www.theblockbeats.info/news/58030 页面结构异常，未找到内容主体
2025-06-03 23:27:53,328 - theblockbeats - WARNING - [theblockbeats] https://www.theblockbeats.info/news/58031 页面结构异常，未找到内容主体
2025-06-03 23:27:53,582 - theblockbeats - ERROR - [theblockbeats] 请求或解析失败 https://www.theblockbeats.info/news/58032: 'str' object has no attribute 'text'
Traceback (most recent call last):
  File "D:\coding\date_spider\crawler\spyder_theblockbeats.py", line 75, in get_article
    "create_time": create_time.text.strip(),
                   ^^^^^^^^^^^^^^^^
AttributeError: 'str' object has no attribute 'text'
2025-06-03 23:27:53,965 - theblockbeats - WARNING - [theblockbeats] https://www.theblockbeats.info/news/58033 页面结构异常，未找到内容主体
2025-06-03 23:27:54,286 - theblockbeats - ERROR - [theblockbeats] 请求或解析失败 https://www.theblockbeats.info/news/58034: 'str' object has no attribute 'text'
Traceback (most recent call last):
  File "D:\coding\date_spider\crawler\spyder_theblockbeats.py", line 75, in get_article
    "create_time": create_time.text.strip(),
                   ^^^^^^^^^^^^^^^^
AttributeError: 'str' object has no attribute 'text'
2025-06-03 23:27:54,799 - theblockbeats - WARNING - [theblockbeats] https://www.theblockbeats.info/news/58035 页面结构异常，未找到内容主体
2025-06-03 23:27:55,142 - theblockbeats - ERROR - [theblockbeats] 请求或解析失败 https://www.theblockbeats.info/news/58036: 'str' object has no attribute 'text'
Traceback (most recent call last):
  File "D:\coding\date_spider\crawler\spyder_theblockbeats.py", line 75, in get_article
    "create_time": create_time.text.strip(),
                   ^^^^^^^^^^^^^^^^
AttributeError: 'str' object has no attribute 'text'
2025-06-03 23:27:55,505 - theblockbeats - WARNING - [theblockbeats] https://www.theblockbeats.info/news/58037 页面结构异常，未找到内容主体
2025-06-03 23:27:55,833 - theblockbeats - ERROR - [theblockbeats] 请求或解析失败 https://www.theblockbeats.info/news/58038: 'str' object has no attribute 'text'
Traceback (most recent call last):
  File "D:\coding\date_spider\crawler\spyder_theblockbeats.py", line 75, in get_article
    "create_time": create_time.text.strip(),
                   ^^^^^^^^^^^^^^^^
AttributeError: 'str' object has no attribute 'text'
2025-06-03 23:27:56,112 - theblockbeats - ERROR - [theblockbeats] 请求或解析失败 https://www.theblockbeats.info/news/58039: 'str' object has no attribute 'text'
Traceback (most recent call last):
  File "D:\coding\date_spider\crawler\spyder_theblockbeats.py", line 75, in get_article
    "create_time": create_time.text.strip(),
                   ^^^^^^^^^^^^^^^^
AttributeError: 'str' object has no attribute 'text'
2025-06-03 23:27:56,410 - theblockbeats - ERROR - [theblockbeats] 请求或解析失败 https://www.theblockbeats.info/news/58040: 'str' object has no attribute 'text'
Traceback (most recent call last):
  File "D:\coding\date_spider\crawler\spyder_theblockbeats.py", line 75, in get_article
    "create_time": create_time.text.strip(),
                   ^^^^^^^^^^^^^^^^
AttributeError: 'str' object has no attribute 'text'
2025-06-03 23:27:56,794 - theblockbeats - ERROR - [theblockbeats] 请求或解析失败 https://www.theblockbeats.info/news/58041: 'str' object has no attribute 'text'
Traceback (most recent call last):
  File "D:\coding\date_spider\crawler\spyder_theblockbeats.py", line 75, in get_article
    "create_time": create_time.text.strip(),
                   ^^^^^^^^^^^^^^^^
AttributeError: 'str' object has no attribute 'text'
2025-06-03 23:27:57,124 - theblockbeats - ERROR - [theblockbeats] 请求或解析失败 https://www.theblockbeats.info/news/58042: 'str' object has no attribute 'text'
Traceback (most recent call last):
  File "D:\coding\date_spider\crawler\spyder_theblockbeats.py", line 75, in get_article
    "create_time": create_time.text.strip(),
                   ^^^^^^^^^^^^^^^^
AttributeError: 'str' object has no attribute 'text'
2025-06-03 23:27:57,415 - theblockbeats - ERROR - [theblockbeats] 请求或解析失败 https://www.theblockbeats.info/news/58043: 'str' object has no attribute 'text'
Traceback (most recent call last):
  File "D:\coding\date_spider\crawler\spyder_theblockbeats.py", line 75, in get_article
    "create_time": create_time.text.strip(),
                   ^^^^^^^^^^^^^^^^
AttributeError: 'str' object has no attribute 'text'
2025-06-03 23:27:57,705 - theblockbeats - ERROR - [theblockbeats] 请求或解析失败 https://www.theblockbeats.info/news/58044: 'str' object has no attribute 'text'
Traceback (most recent call last):
  File "D:\coding\date_spider\crawler\spyder_theblockbeats.py", line 75, in get_article
    "create_time": create_time.text.strip(),
                   ^^^^^^^^^^^^^^^^
AttributeError: 'str' object has no attribute 'text'
2025-06-03 23:27:58,124 - theblockbeats - WARNING - [theblockbeats] https://www.theblockbeats.info/news/58045 页面结构异常，未找到内容主体
2025-06-03 23:27:58,545 - theblockbeats - WARNING - [theblockbeats] https://www.theblockbeats.info/news/58046 页面结构异常，未找到内容主体
2025-06-03 23:27:58,784 - theblockbeats - ERROR - [theblockbeats] 请求或解析失败 https://www.theblockbeats.info/news/58047: 'str' object has no attribute 'text'
Traceback (most recent call last):
  File "D:\coding\date_spider\crawler\spyder_theblockbeats.py", line 75, in get_article
    "create_time": create_time.text.strip(),
                   ^^^^^^^^^^^^^^^^
AttributeError: 'str' object has no attribute 'text'
2025-06-03 23:27:59,125 - theblockbeats - ERROR - [theblockbeats] 请求或解析失败 https://www.theblockbeats.info/news/58048: 'str' object has no attribute 'text'
Traceback (most recent call last):
  File "D:\coding\date_spider\crawler\spyder_theblockbeats.py", line 75, in get_article
    "create_time": create_time.text.strip(),
                   ^^^^^^^^^^^^^^^^
AttributeError: 'str' object has no attribute 'text'
2025-06-03 23:27:59,574 - theblockbeats - WARNING - [theblockbeats] https://www.theblockbeats.info/news/58049 页面结构异常，未找到内容主体
2025-06-03 23:27:59,989 - theblockbeats - WARNING - [theblockbeats] https://www.theblockbeats.info/news/58000 页面结构异常，未找到内容主体
2025-06-03 23:28:00,338 - theblockbeats - ERROR - [theblockbeats] 请求或解析失败 https://www.theblockbeats.info/news/58001: 'str' object has no attribute 'text'
Traceback (most recent call last):
  File "D:\coding\date_spider\crawler\spyder_theblockbeats.py", line 75, in get_article
    "create_time": create_time.text.strip(),
                   ^^^^^^^^^^^^^^^^
AttributeError: 'str' object has no attribute 'text'
2025-06-03 23:28:00,643 - theblockbeats - ERROR - [theblockbeats] 请求或解析失败 https://www.theblockbeats.info/news/58002: 'str' object has no attribute 'text'
Traceback (most recent call last):
  File "D:\coding\date_spider\crawler\spyder_theblockbeats.py", line 75, in get_article
    "create_time": create_time.text.strip(),
                   ^^^^^^^^^^^^^^^^
AttributeError: 'str' object has no attribute 'text'
2025-06-03 23:28:01,098 - theblockbeats - WARNING - [theblockbeats] https://www.theblockbeats.info/news/58003 页面结构异常，未找到内容主体
2025-06-03 23:28:01,444 - theblockbeats - ERROR - [theblockbeats] 请求或解析失败 https://www.theblockbeats.info/news/58004: 'str' object has no attribute 'text'
Traceback (most recent call last):
  File "D:\coding\date_spider\crawler\spyder_theblockbeats.py", line 75, in get_article
    "create_time": create_time.text.strip(),
                   ^^^^^^^^^^^^^^^^
AttributeError: 'str' object has no attribute 'text'
2025-06-03 23:28:01,795 - theblockbeats - ERROR - [theblockbeats] 请求或解析失败 https://www.theblockbeats.info/news/58005: 'str' object has no attribute 'text'
Traceback (most recent call last):
  File "D:\coding\date_spider\crawler\spyder_theblockbeats.py", line 75, in get_article
    "create_time": create_time.text.strip(),
                   ^^^^^^^^^^^^^^^^
AttributeError: 'str' object has no attribute 'text'
2025-06-03 23:28:02,337 - theblockbeats - WARNING - [theblockbeats] https://www.theblockbeats.info/news/58006 页面结构异常，未找到内容主体
2025-06-03 23:28:02,683 - theblockbeats - ERROR - [theblockbeats] 请求或解析失败 https://www.theblockbeats.info/news/58007: 'str' object has no attribute 'text'
Traceback (most recent call last):
  File "D:\coding\date_spider\crawler\spyder_theblockbeats.py", line 75, in get_article
    "create_time": create_time.text.strip(),
                   ^^^^^^^^^^^^^^^^
AttributeError: 'str' object has no attribute 'text'
2025-06-03 23:28:02,996 - theblockbeats - ERROR - [theblockbeats] 请求或解析失败 https://www.theblockbeats.info/news/58008: 'str' object has no attribute 'text'
Traceback (most recent call last):
  File "D:\coding\date_spider\crawler\spyder_theblockbeats.py", line 75, in get_article
    "create_time": create_time.text.strip(),
                   ^^^^^^^^^^^^^^^^
AttributeError: 'str' object has no attribute 'text'
2025-06-03 23:28:03,372 - theblockbeats - ERROR - [theblockbeats] 请求或解析失败 https://www.theblockbeats.info/news/58009: 'str' object has no attribute 'text'
Traceback (most recent call last):
  File "D:\coding\date_spider\crawler\spyder_theblockbeats.py", line 75, in get_article
    "create_time": create_time.text.strip(),
                   ^^^^^^^^^^^^^^^^
AttributeError: 'str' object has no attribute 'text'
2025-06-03 23:28:03,689 - theblockbeats - ERROR - [theblockbeats] 请求或解析失败 https://www.theblockbeats.info/news/58010: 'str' object has no attribute 'text'
Traceback (most recent call last):
  File "D:\coding\date_spider\crawler\spyder_theblockbeats.py", line 75, in get_article
    "create_time": create_time.text.strip(),
                   ^^^^^^^^^^^^^^^^
AttributeError: 'str' object has no attribute 'text'
2025-06-03 23:28:04,096 - theblockbeats - WARNING - [theblockbeats] https://www.theblockbeats.info/news/58011 页面结构异常，未找到内容主体
2025-06-03 23:28:04,499 - theblockbeats - ERROR - [theblockbeats] 请求或解析失败 https://www.theblockbeats.info/news/58012: 'str' object has no attribute 'text'
Traceback (most recent call last):
  File "D:\coding\date_spider\crawler\spyder_theblockbeats.py", line 75, in get_article
    "create_time": create_time.text.strip(),
                   ^^^^^^^^^^^^^^^^
AttributeError: 'str' object has no attribute 'text'
2025-06-03 23:28:04,920 - theblockbeats - WARNING - [theblockbeats] https://www.theblockbeats.info/news/58013 页面结构异常，未找到内容主体
2025-06-03 23:28:49,783 - theblockbeats - INFO - [theblockbeats][flash] 从ID 296000 开始爬取
2025-06-03 23:28:50,204 - theblockbeats - WARNING - [theblockbeats] https://www.theblockbeats.info/flash/296000 页面结构异常，未找到flash内容主体
2025-06-03 23:28:50,205 - theblockbeats - INFO - [theblockbeats][flash] 文章ID 296000 爬取失败
2025-06-03 23:28:50,504 - theblockbeats - INFO - [theblockbeats][flash] 成功爬取文章ID 296001
2025-06-03 23:28:50,790 - theblockbeats - INFO - [theblockbeats][flash] 成功爬取文章ID 296002
2025-06-03 23:28:51,080 - theblockbeats - INFO - [theblockbeats][flash] 成功爬取文章ID 296003
2025-06-03 23:28:51,350 - theblockbeats - INFO - [theblockbeats][flash] 成功爬取文章ID 296004
2025-06-03 23:28:51,611 - theblockbeats - INFO - [theblockbeats][flash] 成功爬取文章ID 296005
2025-06-03 23:28:51,885 - theblockbeats - INFO - [theblockbeats][flash] 成功爬取文章ID 296006
2025-06-03 23:28:52,162 - theblockbeats - INFO - [theblockbeats][flash] 成功爬取文章ID 296007
2025-06-03 23:28:52,436 - theblockbeats - INFO - [theblockbeats][flash] 成功爬取文章ID 296008
2025-06-03 23:28:52,699 - theblockbeats - INFO - [theblockbeats][flash] 成功爬取文章ID 296009
2025-06-03 23:28:52,971 - theblockbeats - INFO - [theblockbeats][flash] 成功爬取文章ID 296010
2025-06-03 23:28:53,267 - theblockbeats - INFO - [theblockbeats][flash] 成功爬取文章ID 296011
2025-06-03 23:28:53,546 - theblockbeats - INFO - [theblockbeats][flash] 成功爬取文章ID 296012
2025-06-03 23:28:53,825 - theblockbeats - INFO - [theblockbeats][flash] 成功爬取文章ID 296013
2025-06-03 23:28:54,646 - theblockbeats - INFO - [theblockbeats][flash] 成功爬取文章ID 296014
2025-06-03 23:28:55,087 - theblockbeats - WARNING - [theblockbeats] https://www.theblockbeats.info/flash/296015 页面结构异常，未找到flash内容主体
2025-06-03 23:28:55,088 - theblockbeats - INFO - [theblockbeats][flash] 文章ID 296015 爬取失败
2025-06-03 23:28:55,374 - theblockbeats - INFO - [theblockbeats][flash] 成功爬取文章ID 296016
2025-06-03 23:28:55,652 - theblockbeats - INFO - [theblockbeats][flash] 成功爬取文章ID 296017
2025-06-03 23:28:55,972 - theblockbeats - INFO - [theblockbeats][flash] 成功爬取文章ID 296018
2025-06-03 23:28:56,478 - theblockbeats - WARNING - [theblockbeats] https://www.theblockbeats.info/flash/296019 页面结构异常，未找到flash内容主体
2025-06-03 23:28:56,479 - theblockbeats - INFO - [theblockbeats][flash] 文章ID 296019 爬取失败
2025-06-03 23:28:56,762 - theblockbeats - INFO - [theblockbeats][flash] 成功爬取文章ID 296020
2025-06-03 23:28:57,022 - theblockbeats - INFO - [theblockbeats][flash] 成功爬取文章ID 296021
2025-06-03 23:28:57,528 - theblockbeats - WARNING - [theblockbeats] https://www.theblockbeats.info/flash/296022 页面结构异常，未找到flash内容主体
2025-06-03 23:28:57,530 - theblockbeats - INFO - [theblockbeats][flash] 文章ID 296022 爬取失败
2025-06-03 23:28:57,808 - theblockbeats - INFO - [theblockbeats][flash] 成功爬取文章ID 296023
2025-06-03 23:28:58,290 - theblockbeats - WARNING - [theblockbeats] https://www.theblockbeats.info/flash/296024 页面结构异常，未找到flash内容主体
2025-06-03 23:28:58,291 - theblockbeats - INFO - [theblockbeats][flash] 文章ID 296024 爬取失败
2025-06-03 23:28:58,569 - theblockbeats - INFO - [theblockbeats][flash] 成功爬取文章ID 296025
2025-06-03 23:28:58,854 - theblockbeats - INFO - [theblockbeats][flash] 成功爬取文章ID 296026
2025-06-03 23:28:59,215 - theblockbeats - INFO - [theblockbeats][flash] 成功爬取文章ID 296027
2025-06-03 23:28:59,740 - theblockbeats - WARNING - [theblockbeats] https://www.theblockbeats.info/flash/296028 页面结构异常，未找到flash内容主体
2025-06-03 23:28:59,741 - theblockbeats - INFO - [theblockbeats][flash] 文章ID 296028 爬取失败
2025-06-03 23:29:00,068 - theblockbeats - INFO - [theblockbeats][flash] 成功爬取文章ID 296029
2025-06-03 23:29:00,354 - theblockbeats - INFO - [theblockbeats][flash] 成功爬取文章ID 296030
2025-06-03 23:29:00,631 - theblockbeats - INFO - [theblockbeats][flash] 成功爬取文章ID 296031
2025-06-03 23:29:00,953 - theblockbeats - INFO - [theblockbeats][flash] 成功爬取文章ID 296032
2025-06-03 23:29:01,229 - theblockbeats - INFO - [theblockbeats][flash] 成功爬取文章ID 296033
2025-06-03 23:29:01,570 - theblockbeats - INFO - [theblockbeats][flash] 成功爬取文章ID 296034
2025-06-03 23:29:01,846 - theblockbeats - INFO - [theblockbeats][flash] 成功爬取文章ID 296035
2025-06-03 23:29:02,286 - theblockbeats - WARNING - [theblockbeats] https://www.theblockbeats.info/flash/296036 页面结构异常，未找到flash内容主体
2025-06-03 23:29:02,287 - theblockbeats - INFO - [theblockbeats][flash] 文章ID 296036 爬取失败
2025-06-03 23:29:02,728 - theblockbeats - WARNING - [theblockbeats] https://www.theblockbeats.info/flash/296037 页面结构异常，未找到flash内容主体
2025-06-03 23:29:02,729 - theblockbeats - INFO - [theblockbeats][flash] 文章ID 296037 爬取失败
2025-06-03 23:29:03,008 - theblockbeats - INFO - [theblockbeats][flash] 成功爬取文章ID 296038
2025-06-03 23:29:03,274 - theblockbeats - INFO - [theblockbeats][flash] 成功爬取文章ID 296039
2025-06-03 23:29:03,796 - theblockbeats - WARNING - [theblockbeats] https://www.theblockbeats.info/flash/296040 页面结构异常，未找到flash内容主体
2025-06-03 23:29:03,797 - theblockbeats - INFO - [theblockbeats][flash] 文章ID 296040 爬取失败
2025-06-03 23:29:04,229 - theblockbeats - WARNING - [theblockbeats] https://www.theblockbeats.info/flash/296041 页面结构异常，未找到flash内容主体
2025-06-03 23:29:04,230 - theblockbeats - INFO - [theblockbeats][flash] 文章ID 296041 爬取失败
2025-06-03 23:29:04,501 - theblockbeats - INFO - [theblockbeats][flash] 成功爬取文章ID 296042
2025-06-03 23:29:04,772 - theblockbeats - INFO - [theblockbeats][flash] 成功爬取文章ID 296043
2025-06-03 23:29:05,043 - theblockbeats - INFO - [theblockbeats][flash] 成功爬取文章ID 296044
2025-06-03 23:29:05,324 - theblockbeats - INFO - [theblockbeats][flash] 成功爬取文章ID 296045
2025-06-03 23:29:05,769 - theblockbeats - WARNING - [theblockbeats] https://www.theblockbeats.info/flash/296046 页面结构异常，未找到flash内容主体
2025-06-03 23:29:05,770 - theblockbeats - INFO - [theblockbeats][flash] 文章ID 296046 爬取失败
2025-06-03 23:29:06,274 - theblockbeats - WARNING - [theblockbeats] https://www.theblockbeats.info/flash/296047 页面结构异常，未找到flash内容主体
2025-06-03 23:29:06,275 - theblockbeats - INFO - [theblockbeats][flash] 文章ID 296047 爬取失败
2025-06-03 23:29:06,552 - theblockbeats - INFO - [theblockbeats][flash] 成功爬取文章ID 296048
2025-06-03 23:29:06,873 - theblockbeats - INFO - [theblockbeats][flash] 成功爬取文章ID 296049
2025-06-03 23:29:07,166 - theblockbeats - INFO - [theblockbeats][flash] 成功爬取文章ID 296050
2025-06-03 23:29:07,450 - theblockbeats - INFO - [theblockbeats][flash] 成功爬取文章ID 296051
2025-06-03 23:29:07,733 - theblockbeats - INFO - [theblockbeats][flash] 成功爬取文章ID 296052
2025-06-03 23:29:08,281 - theblockbeats - WARNING - [theblockbeats] https://www.theblockbeats.info/flash/296053 页面结构异常，未找到flash内容主体
2025-06-03 23:29:08,282 - theblockbeats - INFO - [theblockbeats][flash] 文章ID 296053 爬取失败
2025-06-03 23:29:08,815 - theblockbeats - WARNING - [theblockbeats] https://www.theblockbeats.info/flash/296054 页面结构异常，未找到flash内容主体
2025-06-03 23:29:08,816 - theblockbeats - INFO - [theblockbeats][flash] 文章ID 296054 爬取失败
2025-06-03 23:29:09,106 - theblockbeats - INFO - [theblockbeats][flash] 成功爬取文章ID 296055
2025-06-03 23:29:09,391 - theblockbeats - INFO - [theblockbeats][flash] 成功爬取文章ID 296056
2025-06-03 23:29:09,676 - theblockbeats - INFO - [theblockbeats][flash] 成功爬取文章ID 296057
2025-06-03 23:29:09,993 - theblockbeats - INFO - [theblockbeats][flash] 成功爬取文章ID 296058
2025-06-03 23:29:10,267 - theblockbeats - INFO - [theblockbeats][flash] 成功爬取文章ID 296059
2025-06-03 23:29:10,567 - theblockbeats - INFO - [theblockbeats][flash] 成功爬取文章ID 296060
2025-06-03 23:29:10,845 - theblockbeats - INFO - [theblockbeats][flash] 成功爬取文章ID 296061
2025-06-03 23:29:11,161 - theblockbeats - INFO - [theblockbeats][flash] 成功爬取文章ID 296062
2025-06-03 23:29:11,458 - theblockbeats - INFO - [theblockbeats][flash] 成功爬取文章ID 296063
2025-06-03 23:29:11,785 - theblockbeats - INFO - [theblockbeats][flash] 成功爬取文章ID 296064
2025-06-03 23:29:12,137 - theblockbeats - INFO - [theblockbeats][flash] 成功爬取文章ID 296065
2025-06-03 23:29:12,436 - theblockbeats - INFO - [theblockbeats][flash] 成功爬取文章ID 296066
2025-06-03 23:29:12,906 - theblockbeats - WARNING - [theblockbeats] https://www.theblockbeats.info/flash/296067 页面结构异常，未找到flash内容主体
2025-06-03 23:29:12,907 - theblockbeats - INFO - [theblockbeats][flash] 文章ID 296067 爬取失败
2025-06-03 23:29:13,205 - theblockbeats - INFO - [theblockbeats][flash] 成功爬取文章ID 296068
2025-06-03 23:29:13,778 - theblockbeats - WARNING - [theblockbeats] https://www.theblockbeats.info/flash/296069 页面结构异常，未找到flash内容主体
2025-06-03 23:29:13,780 - theblockbeats - INFO - [theblockbeats][flash] 文章ID 296069 爬取失败
2025-06-03 23:29:14,059 - theblockbeats - INFO - [theblockbeats][flash] 成功爬取文章ID 296070
2025-06-03 23:29:14,354 - theblockbeats - INFO - [theblockbeats][flash] 成功爬取文章ID 296071
2025-06-03 23:29:14,640 - theblockbeats - INFO - [theblockbeats][flash] 成功爬取文章ID 296072
2025-06-03 23:29:14,907 - theblockbeats - INFO - [theblockbeats][flash] 成功爬取文章ID 296073
2025-06-03 23:29:15,216 - theblockbeats - INFO - [theblockbeats][flash] 成功爬取文章ID 296074
2025-06-03 23:29:15,502 - theblockbeats - INFO - [theblockbeats][flash] 成功爬取文章ID 296075
2025-06-03 23:29:15,794 - theblockbeats - INFO - [theblockbeats][flash] 成功爬取文章ID 296076
2025-06-03 23:29:16,074 - theblockbeats - INFO - [theblockbeats][flash] 成功爬取文章ID 296077
2025-06-03 23:29:16,342 - theblockbeats - INFO - [theblockbeats][flash] 成功爬取文章ID 296078
2025-06-03 23:29:16,691 - theblockbeats - INFO - [theblockbeats][flash] 成功爬取文章ID 296079
2025-06-03 23:29:17,103 - theblockbeats - WARNING - [theblockbeats] https://www.theblockbeats.info/flash/296080 页面结构异常，未找到flash内容主体
2025-06-03 23:29:17,105 - theblockbeats - INFO - [theblockbeats][flash] 文章ID 296080 爬取失败
2025-06-03 23:29:17,388 - theblockbeats - INFO - [theblockbeats][flash] 成功爬取文章ID 296081
2025-06-03 23:29:17,832 - theblockbeats - WARNING - [theblockbeats] https://www.theblockbeats.info/flash/296082 页面结构异常，未找到flash内容主体
2025-06-03 23:29:17,834 - theblockbeats - INFO - [theblockbeats][flash] 文章ID 296082 爬取失败
2025-06-03 23:29:18,138 - theblockbeats - INFO - [theblockbeats][flash] 成功爬取文章ID 296083
2025-06-03 23:29:18,685 - theblockbeats - WARNING - [theblockbeats] https://www.theblockbeats.info/flash/296084 页面结构异常，未找到flash内容主体
2025-06-03 23:29:18,686 - theblockbeats - INFO - [theblockbeats][flash] 文章ID 296084 爬取失败
2025-06-03 23:29:18,969 - theblockbeats - INFO - [theblockbeats][flash] 成功爬取文章ID 296085
2025-06-03 23:29:19,419 - theblockbeats - WARNING - [theblockbeats] https://www.theblockbeats.info/flash/296086 页面结构异常，未找到flash内容主体
2025-06-03 23:29:19,420 - theblockbeats - INFO - [theblockbeats][flash] 文章ID 296086 爬取失败
2025-06-03 23:29:19,679 - theblockbeats - INFO - [theblockbeats][flash] 成功爬取文章ID 296087
2025-06-03 23:29:19,956 - theblockbeats - INFO - [theblockbeats][flash] 成功爬取文章ID 296088
2025-06-03 23:29:20,360 - theblockbeats - INFO - [theblockbeats][flash] 成功爬取文章ID 296089
2025-06-03 23:29:20,827 - theblockbeats - INFO - [theblockbeats][flash] 成功爬取文章ID 296090
2025-06-03 23:29:21,113 - theblockbeats - INFO - [theblockbeats][flash] 成功爬取文章ID 296091
2025-06-03 23:29:21,638 - theblockbeats - WARNING - [theblockbeats] https://www.theblockbeats.info/flash/296092 页面结构异常，未找到flash内容主体
2025-06-03 23:29:21,639 - theblockbeats - INFO - [theblockbeats][flash] 文章ID 296092 爬取失败
2025-06-03 23:29:21,928 - theblockbeats - INFO - [theblockbeats][flash] 成功爬取文章ID 296093
2025-06-03 23:29:22,371 - theblockbeats - INFO - [theblockbeats][flash] 成功爬取文章ID 296094
2025-06-03 23:29:22,647 - theblockbeats - INFO - [theblockbeats][flash] 成功爬取文章ID 296095
2025-06-03 23:29:22,937 - theblockbeats - INFO - [theblockbeats][flash] 成功爬取文章ID 296096
2025-06-03 23:29:23,228 - theblockbeats - INFO - [theblockbeats][flash] 成功爬取文章ID 296097
2025-06-03 23:29:23,515 - theblockbeats - INFO - [theblockbeats][flash] 成功爬取文章ID 296098
2025-06-03 23:29:23,779 - theblockbeats - INFO - [theblockbeats][flash] 成功爬取文章ID 296099
2025-06-03 23:29:24,173 - theblockbeats - INFO - [theblockbeats][flash] 成功爬取文章ID 296100
2025-06-03 23:29:24,458 - theblockbeats - INFO - [theblockbeats][flash] 成功爬取文章ID 296101
2025-06-03 23:29:24,732 - theblockbeats - INFO - [theblockbeats][flash] 成功爬取文章ID 296102
2025-06-03 23:29:25,025 - theblockbeats - INFO - [theblockbeats][flash] 成功爬取文章ID 296103
2025-06-03 23:29:25,311 - theblockbeats - INFO - [theblockbeats][flash] 成功爬取文章ID 296104
2025-06-03 23:29:25,577 - theblockbeats - INFO - [theblockbeats][flash] 成功爬取文章ID 296105
2025-06-03 23:29:25,851 - theblockbeats - INFO - [theblockbeats][flash] 成功爬取文章ID 296106
2025-06-03 23:29:26,154 - theblockbeats - INFO - [theblockbeats][flash] 成功爬取文章ID 296107
2025-06-03 23:29:26,611 - theblockbeats - WARNING - [theblockbeats] https://www.theblockbeats.info/flash/296108 页面结构异常，未找到flash内容主体
2025-06-03 23:29:26,612 - theblockbeats - INFO - [theblockbeats][flash] 文章ID 296108 爬取失败
2025-06-03 23:29:26,973 - theblockbeats - INFO - [theblockbeats][flash] 成功爬取文章ID 296109
2025-06-03 23:29:27,481 - theblockbeats - WARNING - [theblockbeats] https://www.theblockbeats.info/flash/296110 页面结构异常，未找到flash内容主体
2025-06-03 23:29:27,482 - theblockbeats - INFO - [theblockbeats][flash] 文章ID 296110 爬取失败
2025-06-03 23:29:27,749 - theblockbeats - INFO - [theblockbeats][flash] 成功爬取文章ID 296111
2025-06-03 23:29:28,949 - theblockbeats - WARNING - [theblockbeats] https://www.theblockbeats.info/flash/296112 页面结构异常，未找到flash内容主体
2025-06-03 23:29:28,949 - theblockbeats - INFO - [theblockbeats][flash] 文章ID 296112 爬取失败
2025-06-03 23:29:29,214 - theblockbeats - INFO - [theblockbeats][flash] 成功爬取文章ID 296113
2025-06-03 23:29:29,494 - theblockbeats - INFO - [theblockbeats][flash] 成功爬取文章ID 296114
2025-06-03 23:29:29,781 - theblockbeats - INFO - [theblockbeats][flash] 成功爬取文章ID 296115
2025-06-03 23:29:30,075 - theblockbeats - INFO - [theblockbeats][flash] 成功爬取文章ID 296116
2025-06-03 23:29:30,368 - theblockbeats - INFO - [theblockbeats][flash] 成功爬取文章ID 296117
2025-06-03 23:29:30,835 - theblockbeats - WARNING - [theblockbeats] https://www.theblockbeats.info/flash/296118 页面结构异常，未找到flash内容主体
2025-06-03 23:29:30,835 - theblockbeats - INFO - [theblockbeats][flash] 文章ID 296118 爬取失败
2025-06-03 23:29:31,127 - theblockbeats - INFO - [theblockbeats][flash] 成功爬取文章ID 296119
2025-06-03 23:29:31,415 - theblockbeats - INFO - [theblockbeats][flash] 成功爬取文章ID 296120
2025-06-03 23:29:31,673 - theblockbeats - INFO - [theblockbeats][flash] 成功爬取文章ID 296121
2025-06-03 23:29:31,960 - theblockbeats - INFO - [theblockbeats][flash] 成功爬取文章ID 296122
2025-06-03 23:29:32,433 - theblockbeats - WARNING - [theblockbeats] https://www.theblockbeats.info/flash/296123 页面结构异常，未找到flash内容主体
2025-06-03 23:29:32,433 - theblockbeats - INFO - [theblockbeats][flash] 文章ID 296123 爬取失败
2025-06-03 23:29:32,981 - theblockbeats - WARNING - [theblockbeats] https://www.theblockbeats.info/flash/296124 页面结构异常，未找到flash内容主体
2025-06-03 23:29:32,982 - theblockbeats - INFO - [theblockbeats][flash] 文章ID 296124 爬取失败
2025-06-03 23:29:33,232 - theblockbeats - INFO - [theblockbeats][flash] 成功爬取文章ID 296125
2025-06-03 23:29:33,668 - theblockbeats - INFO - [theblockbeats][flash] 成功爬取文章ID 296126
2025-06-03 23:29:34,017 - theblockbeats - INFO - [theblockbeats][flash] 成功爬取文章ID 296127
2025-06-03 23:29:34,365 - theblockbeats - INFO - [theblockbeats][flash] 成功爬取文章ID 296128
2025-06-03 23:29:34,930 - theblockbeats - WARNING - [theblockbeats] https://www.theblockbeats.info/flash/296129 页面结构异常，未找到flash内容主体
2025-06-03 23:29:34,931 - theblockbeats - INFO - [theblockbeats][flash] 文章ID 296129 爬取失败
2025-06-03 23:29:35,213 - theblockbeats - INFO - [theblockbeats][flash] 成功爬取文章ID 296130
2025-06-03 23:29:35,490 - theblockbeats - INFO - [theblockbeats][flash] 成功爬取文章ID 296131
2025-06-03 23:29:35,802 - theblockbeats - INFO - [theblockbeats][flash] 成功爬取文章ID 296132
2025-06-03 23:29:36,080 - theblockbeats - INFO - [theblockbeats][flash] 成功爬取文章ID 296133
2025-06-03 23:29:36,515 - theblockbeats - INFO - [theblockbeats][flash] 成功爬取文章ID 296134
2025-06-03 23:29:37,055 - theblockbeats - INFO - [theblockbeats][flash] 成功爬取文章ID 296135
2025-06-03 23:29:37,420 - theblockbeats - INFO - [theblockbeats][flash] 成功爬取文章ID 296136
2025-06-03 23:29:37,701 - theblockbeats - INFO - [theblockbeats][flash] 成功爬取文章ID 296137
2025-06-03 23:29:37,984 - theblockbeats - INFO - [theblockbeats][flash] 成功爬取文章ID 296138
2025-06-03 23:29:38,283 - theblockbeats - INFO - [theblockbeats][flash] 成功爬取文章ID 296139
2025-06-03 23:29:38,560 - theblockbeats - INFO - [theblockbeats][flash] 成功爬取文章ID 296140
2025-06-03 23:29:38,846 - theblockbeats - INFO - [theblockbeats][flash] 成功爬取文章ID 296141
2025-06-03 23:29:39,336 - theblockbeats - INFO - [theblockbeats][flash] 成功爬取文章ID 296142
2025-06-03 23:29:40,007 - theblockbeats - WARNING - [theblockbeats] https://www.theblockbeats.info/flash/296143 页面结构异常，未找到flash内容主体
2025-06-03 23:29:40,008 - theblockbeats - INFO - [theblockbeats][flash] 文章ID 296143 爬取失败
2025-06-03 23:29:40,331 - theblockbeats - INFO - [theblockbeats][flash] 成功爬取文章ID 296144
2025-06-03 23:29:40,613 - theblockbeats - INFO - [theblockbeats][flash] 成功爬取文章ID 296145
2025-06-03 23:29:40,928 - theblockbeats - INFO - [theblockbeats][flash] 成功爬取文章ID 296146
2025-06-03 23:29:41,225 - theblockbeats - INFO - [theblockbeats][flash] 成功爬取文章ID 296147
2025-06-03 23:29:41,560 - theblockbeats - INFO - [theblockbeats][flash] 成功爬取文章ID 296148
2025-06-03 23:29:41,830 - theblockbeats - INFO - [theblockbeats][flash] 成功爬取文章ID 296149
2025-06-03 23:29:42,108 - theblockbeats - INFO - [theblockbeats][flash] 成功爬取文章ID 296150
2025-06-03 23:29:42,371 - theblockbeats - INFO - [theblockbeats][flash] 成功爬取文章ID 296151
2025-06-03 23:29:42,843 - theblockbeats - WARNING - [theblockbeats] https://www.theblockbeats.info/flash/296152 页面结构异常，未找到flash内容主体
2025-06-03 23:29:42,843 - theblockbeats - INFO - [theblockbeats][flash] 文章ID 296152 爬取失败
2025-06-03 23:29:43,113 - theblockbeats - INFO - [theblockbeats][flash] 成功爬取文章ID 296153
2025-06-03 23:29:43,409 - theblockbeats - INFO - [theblockbeats][flash] 成功爬取文章ID 296154
2025-06-03 23:29:43,805 - theblockbeats - WARNING - [theblockbeats] https://www.theblockbeats.info/flash/296155 页面结构异常，未找到flash内容主体
2025-06-03 23:29:43,806 - theblockbeats - INFO - [theblockbeats][flash] 文章ID 296155 爬取失败
2025-06-03 23:29:44,203 - theblockbeats - WARNING - [theblockbeats] https://www.theblockbeats.info/flash/296156 页面结构异常，未找到flash内容主体
2025-06-03 23:29:44,203 - theblockbeats - INFO - [theblockbeats][flash] 文章ID 296156 爬取失败
2025-06-03 23:29:44,485 - theblockbeats - INFO - [theblockbeats][flash] 成功爬取文章ID 296157
2025-06-03 23:29:44,979 - theblockbeats - WARNING - [theblockbeats] https://www.theblockbeats.info/flash/296158 页面结构异常，未找到flash内容主体
2025-06-03 23:29:44,980 - theblockbeats - INFO - [theblockbeats][flash] 文章ID 296158 爬取失败
2025-06-03 23:29:45,259 - theblockbeats - INFO - [theblockbeats][flash] 成功爬取文章ID 296159
2025-06-03 23:29:45,927 - theblockbeats - INFO - [theblockbeats][flash] 成功爬取文章ID 296160
2025-06-03 23:29:46,341 - theblockbeats - INFO - [theblockbeats][flash] 成功爬取文章ID 296161
2025-06-03 23:29:46,940 - theblockbeats - INFO - [theblockbeats][flash] 成功爬取文章ID 296162
2025-06-03 23:29:47,259 - theblockbeats - INFO - [theblockbeats][flash] 成功爬取文章ID 296163
2025-06-03 23:29:47,543 - theblockbeats - INFO - [theblockbeats][flash] 成功爬取文章ID 296164
2025-06-03 23:29:47,851 - theblockbeats - INFO - [theblockbeats][flash] 成功爬取文章ID 296165
2025-06-03 23:29:48,317 - theblockbeats - WARNING - [theblockbeats] https://www.theblockbeats.info/flash/296166 页面结构异常，未找到flash内容主体
2025-06-03 23:29:48,318 - theblockbeats - INFO - [theblockbeats][flash] 文章ID 296166 爬取失败
2025-06-03 23:29:48,819 - theblockbeats - WARNING - [theblockbeats] https://www.theblockbeats.info/flash/296167 页面结构异常，未找到flash内容主体
2025-06-03 23:29:48,819 - theblockbeats - INFO - [theblockbeats][flash] 文章ID 296167 爬取失败
2025-06-03 23:29:49,096 - theblockbeats - INFO - [theblockbeats][flash] 成功爬取文章ID 296168
2025-06-03 23:29:49,428 - theblockbeats - INFO - [theblockbeats][flash] 成功爬取文章ID 296169
2025-06-03 23:29:49,705 - theblockbeats - INFO - [theblockbeats][flash] 成功爬取文章ID 296170
2025-06-03 23:29:50,207 - theblockbeats - INFO - [theblockbeats][flash] 成功爬取文章ID 296171
2025-06-03 23:29:50,481 - theblockbeats - INFO - [theblockbeats][flash] 成功爬取文章ID 296172
2025-06-03 23:29:51,212 - theblockbeats - WARNING - [theblockbeats] https://www.theblockbeats.info/flash/296173 页面结构异常，未找到flash内容主体
2025-06-03 23:29:51,213 - theblockbeats - INFO - [theblockbeats][flash] 文章ID 296173 爬取失败
2025-06-03 23:29:51,501 - theblockbeats - INFO - [theblockbeats][flash] 成功爬取文章ID 296174
2025-06-03 23:29:51,783 - theblockbeats - INFO - [theblockbeats][flash] 成功爬取文章ID 296175
2025-06-03 23:29:52,180 - theblockbeats - INFO - [theblockbeats][flash] 成功爬取文章ID 296176
2025-06-03 23:29:52,456 - theblockbeats - INFO - [theblockbeats][flash] 成功爬取文章ID 296177
2025-06-03 23:29:52,876 - theblockbeats - WARNING - [theblockbeats] https://www.theblockbeats.info/flash/296178 页面结构异常，未找到flash内容主体
2025-06-03 23:29:52,878 - theblockbeats - INFO - [theblockbeats][flash] 文章ID 296178 爬取失败
2025-06-03 23:29:53,578 - theblockbeats - INFO - [theblockbeats][flash] 成功爬取文章ID 296179
2025-06-03 23:29:53,886 - theblockbeats - INFO - [theblockbeats][flash] 成功爬取文章ID 296180
2025-06-03 23:29:55,211 - theblockbeats - WARNING - [theblockbeats] https://www.theblockbeats.info/flash/296181 页面结构异常，未找到flash内容主体
2025-06-03 23:29:55,212 - theblockbeats - INFO - [theblockbeats][flash] 文章ID 296181 爬取失败
2025-06-03 23:29:55,539 - theblockbeats - INFO - [theblockbeats][flash] 成功爬取文章ID 296182
2025-06-03 23:29:55,841 - theblockbeats - INFO - [theblockbeats][flash] 成功爬取文章ID 296183
2025-06-03 23:29:56,124 - theblockbeats - INFO - [theblockbeats][flash] 成功爬取文章ID 296184
2025-06-03 23:29:56,663 - theblockbeats - INFO - [theblockbeats][flash] 成功爬取文章ID 296185
2025-06-03 23:29:56,957 - theblockbeats - INFO - [theblockbeats][flash] 成功爬取文章ID 296186
2025-06-03 23:29:57,382 - theblockbeats - INFO - [theblockbeats][flash] 成功爬取文章ID 296187
2025-06-03 23:29:57,666 - theblockbeats - INFO - [theblockbeats][flash] 成功爬取文章ID 296188
2025-06-03 23:29:57,945 - theblockbeats - INFO - [theblockbeats][flash] 成功爬取文章ID 296189
2025-06-03 23:29:58,237 - theblockbeats - INFO - [theblockbeats][flash] 成功爬取文章ID 296190
2025-06-03 23:29:58,671 - theblockbeats - WARNING - [theblockbeats] https://www.theblockbeats.info/flash/296191 页面结构异常，未找到flash内容主体
2025-06-03 23:29:58,672 - theblockbeats - INFO - [theblockbeats][flash] 文章ID 296191 爬取失败
2025-06-03 23:29:58,949 - theblockbeats - INFO - [theblockbeats][flash] 成功爬取文章ID 296192
2025-06-03 23:29:59,244 - theblockbeats - INFO - [theblockbeats][flash] 成功爬取文章ID 296193
2025-06-03 23:29:59,623 - theblockbeats - WARNING - [theblockbeats] https://www.theblockbeats.info/flash/296194 页面结构异常，未找到flash内容主体
2025-06-03 23:29:59,624 - theblockbeats - INFO - [theblockbeats][flash] 文章ID 296194 爬取失败
2025-06-03 23:30:00,393 - theblockbeats - INFO - [theblockbeats][flash] 成功爬取文章ID 296195
2025-06-03 23:30:00,749 - theblockbeats - INFO - [theblockbeats][flash] 成功爬取文章ID 296196
2025-06-03 23:30:01,024 - theblockbeats - INFO - [theblockbeats][flash] 成功爬取文章ID 296197
2025-06-03 23:30:01,315 - theblockbeats - INFO - [theblockbeats][flash] 成功爬取文章ID 296198
2025-06-03 23:30:01,622 - theblockbeats - INFO - [theblockbeats][flash] 成功爬取文章ID 296199
2025-06-03 23:30:02,062 - theblockbeats - WARNING - [theblockbeats] https://www.theblockbeats.info/flash/296200 页面结构异常，未找到flash内容主体
2025-06-03 23:30:02,063 - theblockbeats - INFO - [theblockbeats][flash] 文章ID 296200 爬取失败
2025-06-03 23:30:02,925 - theblockbeats - INFO - [theblockbeats][flash] 成功爬取文章ID 296201
2025-06-03 23:30:03,446 - theblockbeats - INFO - [theblockbeats][flash] 成功爬取文章ID 296202
2025-06-03 23:30:03,851 - theblockbeats - WARNING - [theblockbeats] https://www.theblockbeats.info/flash/296203 页面结构异常，未找到flash内容主体
2025-06-03 23:30:03,852 - theblockbeats - INFO - [theblockbeats][flash] 文章ID 296203 爬取失败
2025-06-03 23:30:04,137 - theblockbeats - INFO - [theblockbeats][flash] 成功爬取文章ID 296204
2025-06-03 23:30:04,602 - theblockbeats - WARNING - [theblockbeats] https://www.theblockbeats.info/flash/296205 页面结构异常，未找到flash内容主体
2025-06-03 23:30:04,603 - theblockbeats - INFO - [theblockbeats][flash] 文章ID 296205 爬取失败
2025-06-03 23:30:04,942 - theblockbeats - INFO - [theblockbeats][flash] 成功爬取文章ID 296206
2025-06-03 23:30:05,245 - theblockbeats - INFO - [theblockbeats][flash] 成功爬取文章ID 296207
2025-06-03 23:30:05,524 - theblockbeats - INFO - [theblockbeats][flash] 成功爬取文章ID 296208
2025-06-03 23:30:05,788 - theblockbeats - INFO - [theblockbeats][flash] 成功爬取文章ID 296209
2025-06-03 23:30:06,132 - theblockbeats - INFO - [theblockbeats][flash] 成功爬取文章ID 296210
2025-06-03 23:30:06,426 - theblockbeats - INFO - [theblockbeats][flash] 成功爬取文章ID 296211
2025-06-03 23:30:06,727 - theblockbeats - INFO - [theblockbeats][flash] 成功爬取文章ID 296212
2025-06-03 23:30:07,759 - theblockbeats - INFO - [theblockbeats][flash] 成功爬取文章ID 296213
2025-06-03 23:30:08,045 - theblockbeats - INFO - [theblockbeats][flash] 成功爬取文章ID 296214
2025-06-03 23:30:08,381 - theblockbeats - INFO - [theblockbeats][flash] 成功爬取文章ID 296215
2025-06-03 23:30:09,612 - theblockbeats - WARNING - [theblockbeats] https://www.theblockbeats.info/flash/296216 页面结构异常，未找到flash内容主体
2025-06-03 23:30:09,612 - theblockbeats - INFO - [theblockbeats][flash] 文章ID 296216 爬取失败
2025-06-03 23:30:10,131 - theblockbeats - WARNING - [theblockbeats] https://www.theblockbeats.info/flash/296217 页面结构异常，未找到flash内容主体
2025-06-03 23:30:10,131 - theblockbeats - INFO - [theblockbeats][flash] 文章ID 296217 爬取失败
2025-06-03 23:30:10,975 - theblockbeats - INFO - [theblockbeats][flash] 成功爬取文章ID 296218
2025-06-03 23:30:11,468 - theblockbeats - WARNING - [theblockbeats] https://www.theblockbeats.info/flash/296219 页面结构异常，未找到flash内容主体
2025-06-03 23:30:11,469 - theblockbeats - INFO - [theblockbeats][flash] 文章ID 296219 爬取失败
2025-06-03 23:30:11,765 - theblockbeats - INFO - [theblockbeats][flash] 成功爬取文章ID 296220
2025-06-03 23:30:12,045 - theblockbeats - INFO - [theblockbeats][flash] 成功爬取文章ID 296221
2025-06-03 23:30:12,356 - theblockbeats - INFO - [theblockbeats][flash] 成功爬取文章ID 296222
2025-06-03 23:30:12,645 - theblockbeats - INFO - [theblockbeats][flash] 成功爬取文章ID 296223
2025-06-03 23:30:12,944 - theblockbeats - INFO - [theblockbeats][flash] 成功爬取文章ID 296224
2025-06-03 23:30:13,956 - theblockbeats - INFO - [theblockbeats][flash] 成功爬取文章ID 296225
2025-06-03 23:30:14,414 - theblockbeats - INFO - [theblockbeats][flash] 成功爬取文章ID 296226
2025-06-03 23:30:14,829 - theblockbeats - INFO - [theblockbeats][flash] 成功爬取文章ID 296227
2025-06-03 23:30:15,154 - theblockbeats - INFO - [theblockbeats][flash] 成功爬取文章ID 296228
2025-06-03 23:30:15,471 - theblockbeats - INFO - [theblockbeats][flash] 成功爬取文章ID 296229
2025-06-03 23:30:15,740 - theblockbeats - INFO - [theblockbeats][flash] 成功爬取文章ID 296230
2025-06-03 23:30:16,026 - theblockbeats - INFO - [theblockbeats][flash] 成功爬取文章ID 296231
2025-06-03 23:30:16,972 - theblockbeats - INFO - [theblockbeats][flash] 成功爬取文章ID 296232
2025-06-03 23:30:17,383 - theblockbeats - INFO - [theblockbeats][flash] 成功爬取文章ID 296233
2025-06-03 23:30:17,898 - theblockbeats - WARNING - [theblockbeats] https://www.theblockbeats.info/flash/296234 页面结构异常，未找到flash内容主体
2025-06-03 23:30:17,899 - theblockbeats - INFO - [theblockbeats][flash] 文章ID 296234 爬取失败
2025-06-03 23:30:18,230 - theblockbeats - INFO - [theblockbeats][flash] 成功爬取文章ID 296235
2025-06-03 23:30:18,643 - theblockbeats - WARNING - [theblockbeats] https://www.theblockbeats.info/flash/296236 页面结构异常，未找到flash内容主体
2025-06-03 23:30:18,645 - theblockbeats - INFO - [theblockbeats][flash] 文章ID 296236 爬取失败
2025-06-03 23:30:18,960 - theblockbeats - INFO - [theblockbeats][flash] 成功爬取文章ID 296237
2025-06-03 23:30:19,306 - theblockbeats - INFO - [theblockbeats][flash] 成功爬取文章ID 296238
2025-06-03 23:30:19,586 - theblockbeats - INFO - [theblockbeats][flash] 成功爬取文章ID 296239
2025-06-03 23:30:19,853 - theblockbeats - INFO - [theblockbeats][flash] 成功爬取文章ID 296240
2025-06-03 23:30:20,120 - theblockbeats - INFO - [theblockbeats][flash] 成功爬取文章ID 296241
2025-06-03 23:30:20,418 - theblockbeats - INFO - [theblockbeats][flash] 成功爬取文章ID 296242
2025-06-03 23:30:21,392 - theblockbeats - INFO - [theblockbeats][flash] 成功爬取文章ID 296243
2025-06-03 23:30:21,871 - theblockbeats - INFO - [theblockbeats][flash] 成功爬取文章ID 296244
2025-06-03 23:30:22,199 - theblockbeats - INFO - [theblockbeats][flash] 成功爬取文章ID 296245
2025-06-03 23:30:22,483 - theblockbeats - INFO - [theblockbeats][flash] 成功爬取文章ID 296246
2025-06-03 23:30:22,817 - theblockbeats - INFO - [theblockbeats][flash] 成功爬取文章ID 296247
2025-06-03 23:30:23,280 - theblockbeats - WARNING - [theblockbeats] https://www.theblockbeats.info/flash/296248 页面结构异常，未找到flash内容主体
2025-06-03 23:30:23,281 - theblockbeats - INFO - [theblockbeats][flash] 文章ID 296248 爬取失败
2025-06-03 23:30:23,609 - theblockbeats - INFO - [theblockbeats][flash] 成功爬取文章ID 296249
2025-06-03 23:30:24,399 - theblockbeats - INFO - [theblockbeats][flash] 成功爬取文章ID 296250
2025-06-03 23:30:24,891 - theblockbeats - INFO - [theblockbeats][flash] 成功爬取文章ID 296251
2025-06-03 23:30:25,210 - theblockbeats - INFO - [theblockbeats][flash] 成功爬取文章ID 296252
2025-06-03 23:30:25,491 - theblockbeats - INFO - [theblockbeats][flash] 成功爬取文章ID 296253
2025-06-03 23:30:25,791 - theblockbeats - INFO - [theblockbeats][flash] 成功爬取文章ID 296254
2025-06-03 23:30:26,073 - theblockbeats - INFO - [theblockbeats][flash] 成功爬取文章ID 296255
2025-06-03 23:30:26,361 - theblockbeats - INFO - [theblockbeats][flash] 成功爬取文章ID 296256
2025-06-03 23:30:26,948 - theblockbeats - INFO - [theblockbeats][flash] 成功爬取文章ID 296257
2025-06-03 23:30:27,705 - theblockbeats - INFO - [theblockbeats][flash] 成功爬取文章ID 296258
2025-06-03 23:30:28,162 - theblockbeats - WARNING - [theblockbeats] https://www.theblockbeats.info/flash/296259 页面结构异常，未找到flash内容主体
2025-06-03 23:30:28,163 - theblockbeats - INFO - [theblockbeats][flash] 文章ID 296259 爬取失败
2025-06-03 23:30:28,163 - theblockbeats - INFO - [theblockbeats][flash] 进入重试阶段，失败ID数量 50
2025-06-03 23:30:28,455 - theblockbeats - INFO - [theblockbeats][flash] 重试成功文章ID 296000
2025-06-03 23:30:28,856 - theblockbeats - WARNING - [theblockbeats] https://www.theblockbeats.info/flash/296015 页面结构异常，未找到flash内容主体
2025-06-03 23:30:29,133 - theblockbeats - INFO - [theblockbeats][flash] 重试成功文章ID 296019
2025-06-03 23:30:29,409 - theblockbeats - INFO - [theblockbeats][flash] 重试成功文章ID 296022
2025-06-03 23:30:29,685 - theblockbeats - INFO - [theblockbeats][flash] 重试成功文章ID 296024
2025-06-03 23:30:29,995 - theblockbeats - INFO - [theblockbeats][flash] 重试成功文章ID 296028
2025-06-03 23:30:30,278 - theblockbeats - INFO - [theblockbeats][flash] 重试成功文章ID 296036
2025-06-03 23:30:30,552 - theblockbeats - INFO - [theblockbeats][flash] 重试成功文章ID 296037
2025-06-03 23:30:30,892 - theblockbeats - INFO - [theblockbeats][flash] 重试成功文章ID 296040
2025-06-03 23:30:31,308 - theblockbeats - WARNING - [theblockbeats] https://www.theblockbeats.info/flash/296041 页面结构异常，未找到flash内容主体
2025-06-03 23:30:32,106 - theblockbeats - INFO - [theblockbeats][flash] 重试成功文章ID 296046
2025-06-03 23:30:32,383 - theblockbeats - INFO - [theblockbeats][flash] 重试成功文章ID 296047
2025-06-03 23:30:32,706 - theblockbeats - INFO - [theblockbeats][flash] 重试成功文章ID 296053
2025-06-03 23:30:33,148 - theblockbeats - WARNING - [theblockbeats] https://www.theblockbeats.info/flash/296054 页面结构异常，未找到flash内容主体
2025-06-03 23:30:33,426 - theblockbeats - INFO - [theblockbeats][flash] 重试成功文章ID 296067
2025-06-03 23:30:33,734 - theblockbeats - INFO - [theblockbeats][flash] 重试成功文章ID 296069
2025-06-03 23:30:34,443 - theblockbeats - INFO - [theblockbeats][flash] 重试成功文章ID 296080
2025-06-03 23:30:35,062 - theblockbeats - INFO - [theblockbeats][flash] 重试成功文章ID 296082
2025-06-03 23:30:35,372 - theblockbeats - INFO - [theblockbeats][flash] 重试成功文章ID 296084
2025-06-03 23:30:35,666 - theblockbeats - INFO - [theblockbeats][flash] 重试成功文章ID 296086
2025-06-03 23:30:36,148 - theblockbeats - WARNING - [theblockbeats] https://www.theblockbeats.info/flash/296092 页面结构异常，未找到flash内容主体
2025-06-03 23:30:36,629 - theblockbeats - WARNING - [theblockbeats] https://www.theblockbeats.info/flash/296108 页面结构异常，未找到flash内容主体
2025-06-03 23:30:36,910 - theblockbeats - INFO - [theblockbeats][flash] 重试成功文章ID 296110
2025-06-03 23:30:37,941 - theblockbeats - WARNING - [theblockbeats] https://www.theblockbeats.info/flash/296112 页面结构异常，未找到flash内容主体
2025-06-03 23:30:38,458 - theblockbeats - INFO - [theblockbeats][flash] 重试成功文章ID 296118
2025-06-03 23:30:38,737 - theblockbeats - INFO - [theblockbeats][flash] 重试成功文章ID 296123
2025-06-03 23:30:39,014 - theblockbeats - INFO - [theblockbeats][flash] 重试成功文章ID 296124
2025-06-03 23:30:39,292 - theblockbeats - INFO - [theblockbeats][flash] 重试成功文章ID 296129
2025-06-03 23:30:39,562 - theblockbeats - INFO - [theblockbeats][flash] 重试成功文章ID 296143
2025-06-03 23:30:40,058 - theblockbeats - WARNING - [theblockbeats] https://www.theblockbeats.info/flash/296152 页面结构异常，未找到flash内容主体
2025-06-03 23:30:40,500 - theblockbeats - WARNING - [theblockbeats] https://www.theblockbeats.info/flash/296155 页面结构异常，未找到flash内容主体
2025-06-03 23:30:41,006 - theblockbeats - INFO - [theblockbeats][flash] 重试成功文章ID 296156
2025-06-03 23:30:41,602 - theblockbeats - INFO - [theblockbeats][flash] 重试成功文章ID 296158
2025-06-03 23:30:42,026 - theblockbeats - WARNING - [theblockbeats] https://www.theblockbeats.info/flash/296166 页面结构异常，未找到flash内容主体
2025-06-03 23:30:42,313 - theblockbeats - INFO - [theblockbeats][flash] 重试成功文章ID 296167
2025-06-03 23:30:42,607 - theblockbeats - INFO - [theblockbeats][flash] 重试成功文章ID 296173
2025-06-03 23:30:42,881 - theblockbeats - INFO - [theblockbeats][flash] 重试成功文章ID 296178
2025-06-03 23:30:44,759 - theblockbeats - WARNING - [theblockbeats] https://www.theblockbeats.info/flash/296181 页面结构异常，未找到flash内容主体
2025-06-03 23:30:45,213 - theblockbeats - WARNING - [theblockbeats] https://www.theblockbeats.info/flash/296191 页面结构异常，未找到flash内容主体
2025-06-03 23:30:45,528 - theblockbeats - INFO - [theblockbeats][flash] 重试成功文章ID 296194
2025-06-03 23:30:46,066 - theblockbeats - INFO - [theblockbeats][flash] 重试成功文章ID 296200
2025-06-03 23:30:46,355 - theblockbeats - INFO - [theblockbeats][flash] 重试成功文章ID 296203
2025-06-03 23:30:46,895 - theblockbeats - INFO - [theblockbeats][flash] 重试成功文章ID 296205
2025-06-03 23:30:48,636 - theblockbeats - WARNING - [theblockbeats] https://www.theblockbeats.info/flash/296216 页面结构异常，未找到flash内容主体
2025-06-03 23:30:48,951 - theblockbeats - INFO - [theblockbeats][flash] 重试成功文章ID 296217
2025-06-03 23:30:49,231 - theblockbeats - INFO - [theblockbeats][flash] 重试成功文章ID 296219
2025-06-03 23:30:49,525 - theblockbeats - INFO - [theblockbeats][flash] 重试成功文章ID 296234
2025-06-03 23:30:50,027 - theblockbeats - WARNING - [theblockbeats] https://www.theblockbeats.info/flash/296236 页面结构异常，未找到flash内容主体
2025-06-03 23:30:51,384 - theblockbeats - INFO - [theblockbeats][flash] 重试成功文章ID 296248
2025-06-03 23:30:51,668 - theblockbeats - INFO - [theblockbeats][flash] 重试成功文章ID 296259
2025-06-03 23:30:51,961 - theblockbeats - INFO - [theblockbeats][flash] 重试成功文章ID 296015
2025-06-03 23:30:52,247 - theblockbeats - INFO - [theblockbeats][flash] 重试成功文章ID 296041
2025-06-03 23:30:52,641 - theblockbeats - INFO - [theblockbeats][flash] 重试成功文章ID 296054
2025-06-03 23:30:52,963 - theblockbeats - INFO - [theblockbeats][flash] 重试成功文章ID 296092
2025-06-03 23:30:54,075 - theblockbeats - INFO - [theblockbeats][flash] 重试成功文章ID 296108
2025-06-03 23:30:55,374 - theblockbeats - WARNING - [theblockbeats] https://www.theblockbeats.info/flash/296112 页面结构异常，未找到flash内容主体
2025-06-03 23:30:55,635 - theblockbeats - INFO - [theblockbeats][flash] 重试成功文章ID 296152
2025-06-03 23:30:56,122 - theblockbeats - WARNING - [theblockbeats] https://www.theblockbeats.info/flash/296155 页面结构异常，未找到flash内容主体
2025-06-03 23:30:56,705 - theblockbeats - INFO - [theblockbeats][flash] 重试成功文章ID 296166
2025-06-03 23:30:58,219 - theblockbeats - WARNING - [theblockbeats] https://www.theblockbeats.info/flash/296181 页面结构异常，未找到flash内容主体
2025-06-03 23:30:58,704 - theblockbeats - WARNING - [theblockbeats] https://www.theblockbeats.info/flash/296191 页面结构异常，未找到flash内容主体
2025-06-03 23:31:00,381 - theblockbeats - WARNING - [theblockbeats] https://www.theblockbeats.info/flash/296216 页面结构异常，未找到flash内容主体
2025-06-03 23:31:00,755 - theblockbeats - INFO - [theblockbeats][flash] 重试成功文章ID 296236
2025-06-03 23:31:01,957 - theblockbeats - WARNING - [theblockbeats] https://www.theblockbeats.info/flash/296112 页面结构异常，未找到flash内容主体
2025-06-03 23:31:02,225 - theblockbeats - INFO - [theblockbeats][flash] 重试成功文章ID 296155
2025-06-03 23:31:04,344 - theblockbeats - WARNING - [theblockbeats] https://www.theblockbeats.info/flash/296181 页面结构异常，未找到flash内容主体
2025-06-03 23:31:04,756 - theblockbeats - WARNING - [theblockbeats] https://www.theblockbeats.info/flash/296191 页面结构异常，未找到flash内容主体
2025-06-03 23:31:06,367 - theblockbeats - WARNING - [theblockbeats] https://www.theblockbeats.info/flash/296216 页面结构异常，未找到flash内容主体
2025-06-03 23:31:06,368 - theblockbeats - INFO - [theblockbeats][news] 从ID 58000 开始爬取
2025-06-03 23:31:06,924 - theblockbeats - INFO - [theblockbeats][news] 成功爬取文章ID 58000
2025-06-03 23:31:07,249 - theblockbeats - INFO - [theblockbeats][news] 成功爬取文章ID 58001
2025-06-03 23:31:07,602 - theblockbeats - INFO - [theblockbeats][news] 成功爬取文章ID 58002
2025-06-03 23:31:08,017 - theblockbeats - INFO - [theblockbeats][news] 成功爬取文章ID 58003
2025-06-03 23:31:08,326 - theblockbeats - INFO - [theblockbeats][news] 成功爬取文章ID 58004
2025-06-03 23:31:09,289 - theblockbeats - INFO - [theblockbeats][news] 成功爬取文章ID 58005
2025-06-03 23:31:09,785 - theblockbeats - INFO - [theblockbeats][news] 成功爬取文章ID 58006
2025-06-03 23:31:10,164 - theblockbeats - INFO - [theblockbeats][news] 成功爬取文章ID 58007
2025-06-03 23:31:10,554 - theblockbeats - INFO - [theblockbeats][news] 成功爬取文章ID 58008
2025-06-03 23:31:10,939 - theblockbeats - INFO - [theblockbeats][news] 成功爬取文章ID 58009
2025-06-03 23:31:11,303 - theblockbeats - INFO - [theblockbeats][news] 成功爬取文章ID 58010
2025-06-03 23:31:12,266 - theblockbeats - INFO - [theblockbeats][news] 成功爬取文章ID 58011
2025-06-03 23:31:12,884 - theblockbeats - WARNING - [theblockbeats] https://www.theblockbeats.info/news/58012 页面结构异常，未找到内容主体
2025-06-03 23:31:12,885 - theblockbeats - INFO - [theblockbeats][news] 文章ID 58012 爬取失败
2025-06-03 23:31:13,467 - theblockbeats - INFO - [theblockbeats][news] 成功爬取文章ID 58013
2025-06-03 23:31:13,853 - theblockbeats - INFO - [theblockbeats][news] 成功爬取文章ID 58014
2025-06-03 23:31:15,078 - theblockbeats - WARNING - [theblockbeats] https://www.theblockbeats.info/news/58015 页面结构异常，未找到内容主体
2025-06-03 23:31:15,078 - theblockbeats - INFO - [theblockbeats][news] 文章ID 58015 爬取失败
2025-06-03 23:31:15,893 - theblockbeats - INFO - [theblockbeats][news] 成功爬取文章ID 58016
2025-06-03 23:31:16,405 - theblockbeats - INFO - [theblockbeats][news] 成功爬取文章ID 58017
2025-06-03 23:31:16,878 - theblockbeats - INFO - [theblockbeats][news] 成功爬取文章ID 58018
2025-06-03 23:31:17,169 - theblockbeats - INFO - [theblockbeats][news] 成功爬取文章ID 58019
2025-06-03 23:31:17,688 - theblockbeats - WARNING - [theblockbeats] https://www.theblockbeats.info/news/58020 页面结构异常，未找到内容主体
2025-06-03 23:31:17,689 - theblockbeats - INFO - [theblockbeats][news] 文章ID 58020 爬取失败
2025-06-03 23:31:18,023 - theblockbeats - INFO - [theblockbeats][news] 成功爬取文章ID 58021
2025-06-03 23:31:19,510 - theblockbeats - WARNING - [theblockbeats] https://www.theblockbeats.info/news/58022 页面结构异常，未找到内容主体
2025-06-03 23:31:19,510 - theblockbeats - INFO - [theblockbeats][news] 文章ID 58022 爬取失败
2025-06-03 23:31:20,059 - theblockbeats - WARNING - [theblockbeats] https://www.theblockbeats.info/news/58023 页面结构异常，未找到内容主体
2025-06-03 23:31:20,060 - theblockbeats - INFO - [theblockbeats][news] 文章ID 58023 爬取失败
2025-06-03 23:31:20,570 - theblockbeats - WARNING - [theblockbeats] https://www.theblockbeats.info/news/58024 页面结构异常，未找到内容主体
2025-06-03 23:31:20,571 - theblockbeats - INFO - [theblockbeats][news] 文章ID 58024 爬取失败
2025-06-03 23:31:21,101 - theblockbeats - INFO - [theblockbeats][news] 成功爬取文章ID 58025
2025-06-03 23:31:21,559 - theblockbeats - WARNING - [theblockbeats] https://www.theblockbeats.info/news/58026 页面结构异常，未找到内容主体
2025-06-03 23:31:21,560 - theblockbeats - INFO - [theblockbeats][news] 文章ID 58026 爬取失败
2025-06-03 23:31:21,948 - theblockbeats - INFO - [theblockbeats][news] 成功爬取文章ID 58027
2025-06-03 23:31:22,601 - theblockbeats - INFO - [theblockbeats][news] 成功爬取文章ID 58028
2025-06-03 23:31:22,892 - theblockbeats - INFO - [theblockbeats][news] 成功爬取文章ID 58029
2025-06-03 23:31:23,446 - theblockbeats - INFO - [theblockbeats][news] 成功爬取文章ID 58030
2025-06-03 23:31:23,778 - theblockbeats - INFO - [theblockbeats][news] 成功爬取文章ID 58031
2025-06-03 23:31:24,059 - theblockbeats - INFO - [theblockbeats][news] 成功爬取文章ID 58032
2025-06-03 23:31:24,403 - theblockbeats - INFO - [theblockbeats][news] 成功爬取文章ID 58033
2025-06-03 23:31:24,905 - theblockbeats - WARNING - [theblockbeats] https://www.theblockbeats.info/news/58034 页面结构异常，未找到内容主体
2025-06-03 23:31:24,906 - theblockbeats - INFO - [theblockbeats][news] 文章ID 58034 爬取失败
2025-06-03 23:31:25,685 - theblockbeats - INFO - [theblockbeats][news] 成功爬取文章ID 58035
2025-06-03 23:31:26,387 - theblockbeats - INFO - [theblockbeats][news] 成功爬取文章ID 58036
2025-06-03 23:31:26,854 - theblockbeats - WARNING - [theblockbeats] https://www.theblockbeats.info/news/58037 页面结构异常，未找到内容主体
2025-06-03 23:31:26,855 - theblockbeats - INFO - [theblockbeats][news] 文章ID 58037 爬取失败
2025-06-03 23:31:27,232 - theblockbeats - INFO - [theblockbeats][news] 成功爬取文章ID 58038
2025-06-03 23:31:27,661 - theblockbeats - WARNING - [theblockbeats] https://www.theblockbeats.info/news/58039 页面结构异常，未找到内容主体
2025-06-03 23:31:27,661 - theblockbeats - INFO - [theblockbeats][news] 文章ID 58039 爬取失败
2025-06-03 23:31:27,991 - theblockbeats - INFO - [theblockbeats][news] 成功爬取文章ID 58040
2025-06-03 23:31:28,736 - theblockbeats - INFO - [theblockbeats][news] 成功爬取文章ID 58041
2025-06-03 23:31:29,349 - theblockbeats - INFO - [theblockbeats][news] 成功爬取文章ID 58042
2025-06-03 23:31:29,743 - theblockbeats - INFO - [theblockbeats][news] 成功爬取文章ID 58043
2025-06-03 23:31:30,171 - theblockbeats - WARNING - [theblockbeats] https://www.theblockbeats.info/news/58044 页面结构异常，未找到内容主体
2025-06-03 23:31:30,173 - theblockbeats - INFO - [theblockbeats][news] 文章ID 58044 爬取失败
2025-06-03 23:31:30,503 - theblockbeats - INFO - [theblockbeats][news] 成功爬取文章ID 58045
2025-06-03 23:31:30,812 - theblockbeats - INFO - [theblockbeats][news] 成功爬取文章ID 58046
2025-06-03 23:31:31,108 - theblockbeats - INFO - [theblockbeats][news] 成功爬取文章ID 58047
2025-06-03 23:31:31,471 - theblockbeats - INFO - [theblockbeats][news] 成功爬取文章ID 58048
2025-06-03 23:31:32,782 - theblockbeats - INFO - [theblockbeats][news] 成功爬取文章ID 58049
2025-06-03 23:31:33,103 - theblockbeats - INFO - [theblockbeats][news] 成功爬取文章ID 58050
2025-06-03 23:31:33,457 - theblockbeats - INFO - [theblockbeats][news] 成功爬取文章ID 58051
2025-06-03 23:31:33,857 - theblockbeats - INFO - [theblockbeats][news] 成功爬取文章ID 58052
2025-06-03 23:31:34,293 - theblockbeats - WARNING - [theblockbeats] https://www.theblockbeats.info/news/58053 页面结构异常，未找到内容主体
2025-06-03 23:31:34,295 - theblockbeats - INFO - [theblockbeats][news] 文章ID 58053 爬取失败
2025-06-03 23:31:34,742 - theblockbeats - WARNING - [theblockbeats] https://www.theblockbeats.info/news/58054 页面结构异常，未找到内容主体
2025-06-03 23:31:34,743 - theblockbeats - INFO - [theblockbeats][news] 文章ID 58054 爬取失败
2025-06-03 23:31:35,664 - theblockbeats - INFO - [theblockbeats][news] 成功爬取文章ID 58055
2025-06-03 23:31:36,028 - theblockbeats - INFO - [theblockbeats][news] 成功爬取文章ID 58056
2025-06-03 23:31:36,373 - theblockbeats - INFO - [theblockbeats][news] 成功爬取文章ID 58057
2025-06-03 23:31:36,743 - theblockbeats - INFO - [theblockbeats][news] 成功爬取文章ID 58058
2025-06-03 23:31:37,083 - theblockbeats - INFO - [theblockbeats][news] 成功爬取文章ID 58059
2025-06-03 23:31:37,398 - theblockbeats - INFO - [theblockbeats][news] 成功爬取文章ID 58060
2025-06-03 23:31:37,771 - theblockbeats - INFO - [theblockbeats][news] 成功爬取文章ID 58061
2025-06-03 23:31:38,534 - theblockbeats - INFO - [theblockbeats][news] 成功爬取文章ID 58062
2025-06-03 23:31:39,596 - theblockbeats - INFO - [theblockbeats][news] 成功爬取文章ID 58063
2025-06-03 23:31:39,967 - theblockbeats - INFO - [theblockbeats][news] 成功爬取文章ID 58064
2025-06-03 23:31:40,410 - theblockbeats - INFO - [theblockbeats][news] 成功爬取文章ID 58065
2025-06-03 23:31:40,752 - theblockbeats - INFO - [theblockbeats][news] 成功爬取文章ID 58066
2025-06-03 23:31:41,107 - theblockbeats - INFO - [theblockbeats][news] 成功爬取文章ID 58067
2025-06-03 23:31:42,102 - theblockbeats - INFO - [theblockbeats][news] 成功爬取文章ID 58068
2025-06-03 23:31:42,581 - theblockbeats - INFO - [theblockbeats][news] 成功爬取文章ID 58069
2025-06-03 23:31:43,053 - theblockbeats - INFO - [theblockbeats][news] 成功爬取文章ID 58070
2025-06-03 23:31:43,465 - theblockbeats - INFO - [theblockbeats][news] 成功爬取文章ID 58071
2025-06-03 23:31:43,804 - theblockbeats - INFO - [theblockbeats][news] 成功爬取文章ID 58072
2025-06-03 23:31:44,141 - theblockbeats - INFO - [theblockbeats][news] 成功爬取文章ID 58073
2025-06-03 23:31:44,507 - theblockbeats - INFO - [theblockbeats][news] 成功爬取文章ID 58074
2025-06-03 23:31:45,233 - theblockbeats - INFO - [theblockbeats][news] 成功爬取文章ID 58075
2025-06-03 23:31:45,806 - theblockbeats - INFO - [theblockbeats][news] 成功爬取文章ID 58076
2025-06-03 23:31:46,275 - theblockbeats - INFO - [theblockbeats][news] 成功爬取文章ID 58077
2025-06-03 23:31:46,652 - theblockbeats - INFO - [theblockbeats][news] 成功爬取文章ID 58078
2025-06-03 23:31:47,944 - theblockbeats - WARNING - [theblockbeats] https://www.theblockbeats.info/news/58079 页面结构异常，未找到内容主体
2025-06-03 23:31:47,945 - theblockbeats - INFO - [theblockbeats][news] 文章ID 58079 爬取失败
2025-06-03 23:31:48,985 - theblockbeats - WARNING - [theblockbeats] https://www.theblockbeats.info/news/58080 页面结构异常，未找到内容主体
2025-06-03 23:31:48,986 - theblockbeats - INFO - [theblockbeats][news] 文章ID 58080 爬取失败
2025-06-03 23:31:49,390 - theblockbeats - INFO - [theblockbeats][news] 成功爬取文章ID 58081
2025-06-03 23:31:49,823 - theblockbeats - INFO - [theblockbeats][news] 成功爬取文章ID 58082
2025-06-03 23:31:50,241 - theblockbeats - INFO - [theblockbeats][news] 成功爬取文章ID 58083
2025-06-03 23:31:50,589 - theblockbeats - INFO - [theblockbeats][news] 成功爬取文章ID 58084
2025-06-03 23:31:51,448 - theblockbeats - INFO - [theblockbeats][news] 成功爬取文章ID 58085
2025-06-03 23:31:51,923 - theblockbeats - INFO - [theblockbeats][news] 成功爬取文章ID 58086
2025-06-03 23:31:52,311 - theblockbeats - INFO - [theblockbeats][news] 成功爬取文章ID 58087
2025-06-03 23:31:52,688 - theblockbeats - INFO - [theblockbeats][news] 成功爬取文章ID 58088
2025-06-03 23:31:53,513 - theblockbeats - WARNING - [theblockbeats] https://www.theblockbeats.info/news/58089 页面结构异常，未找到内容主体
2025-06-03 23:31:53,514 - theblockbeats - INFO - [theblockbeats][news] 文章ID 58089 爬取失败
2025-06-03 23:31:53,856 - theblockbeats - INFO - [theblockbeats][news] 成功爬取文章ID 58090
2025-06-03 23:31:54,227 - theblockbeats - INFO - [theblockbeats][news] 成功爬取文章ID 58091
2025-06-03 23:31:55,269 - theblockbeats - INFO - [theblockbeats][news] 成功爬取文章ID 58092
2025-06-03 23:31:55,714 - theblockbeats - WARNING - [theblockbeats] https://www.theblockbeats.info/news/58093 页面结构异常，未找到内容主体
2025-06-03 23:31:55,714 - theblockbeats - INFO - [theblockbeats][news] 文章ID 58093 爬取失败
2025-06-03 23:31:56,078 - theblockbeats - INFO - [theblockbeats][news] 成功爬取文章ID 58094
2025-06-03 23:31:56,436 - theblockbeats - INFO - [theblockbeats][news] 成功爬取文章ID 58095
2025-06-03 23:31:56,924 - theblockbeats - WARNING - [theblockbeats] https://www.theblockbeats.info/news/58096 页面结构异常，未找到内容主体
2025-06-03 23:31:56,925 - theblockbeats - INFO - [theblockbeats][news] 文章ID 58096 爬取失败
2025-06-03 23:31:57,259 - theblockbeats - INFO - [theblockbeats][news] 成功爬取文章ID 58097
2025-06-03 23:31:58,058 - theblockbeats - WARNING - [theblockbeats] https://www.theblockbeats.info/news/58098 页面结构异常，未找到内容主体
2025-06-03 23:31:58,058 - theblockbeats - INFO - [theblockbeats][news] 文章ID 58098 爬取失败
2025-06-03 23:31:58,760 - theblockbeats - WARNING - [theblockbeats] https://www.theblockbeats.info/news/58099 页面结构异常，未找到内容主体
2025-06-03 23:31:58,762 - theblockbeats - INFO - [theblockbeats][news] 文章ID 58099 爬取失败
2025-06-03 23:31:59,080 - theblockbeats - INFO - [theblockbeats][news] 成功爬取文章ID 58100
2025-06-03 23:31:59,385 - theblockbeats - INFO - [theblockbeats][news] 成功爬取文章ID 58101
2025-06-03 23:31:59,678 - theblockbeats - INFO - [theblockbeats][news] 成功爬取文章ID 58102
2025-06-03 23:32:00,133 - theblockbeats - INFO - [theblockbeats][news] 成功爬取文章ID 58103
2025-06-03 23:32:01,182 - theblockbeats - INFO - [theblockbeats][news] 成功爬取文章ID 58104
2025-06-03 23:32:01,763 - theblockbeats - INFO - [theblockbeats][news] 成功爬取文章ID 58105
2025-06-03 23:32:02,077 - theblockbeats - INFO - [theblockbeats][news] 成功爬取文章ID 58106
2025-06-03 23:32:02,430 - theblockbeats - INFO - [theblockbeats][news] 成功爬取文章ID 58107
2025-06-03 23:32:02,717 - theblockbeats - INFO - [theblockbeats][news] 成功爬取文章ID 58108
2025-06-03 23:32:03,033 - theblockbeats - INFO - [theblockbeats][news] 成功爬取文章ID 58109
2025-06-03 23:32:03,496 - theblockbeats - WARNING - [theblockbeats] https://www.theblockbeats.info/news/58110 页面结构异常，未找到内容主体
2025-06-03 23:32:03,497 - theblockbeats - INFO - [theblockbeats][news] 文章ID 58110 爬取失败
2025-06-03 23:32:04,597 - theblockbeats - WARNING - [theblockbeats] https://www.theblockbeats.info/news/58111 页面结构异常，未找到内容主体
2025-06-03 23:32:04,599 - theblockbeats - INFO - [theblockbeats][news] 文章ID 58111 爬取失败
2025-06-03 23:32:04,964 - theblockbeats - INFO - [theblockbeats][news] 成功爬取文章ID 58112
2025-06-03 23:32:05,324 - theblockbeats - INFO - [theblockbeats][news] 成功爬取文章ID 58113
2025-06-03 23:32:05,739 - theblockbeats - INFO - [theblockbeats][news] 成功爬取文章ID 58114
2025-06-03 23:32:06,746 - theblockbeats - INFO - [theblockbeats][news] 成功爬取文章ID 58115
2025-06-03 23:32:07,126 - theblockbeats - INFO - [theblockbeats][news] 成功爬取文章ID 58116
2025-06-03 23:32:07,480 - theblockbeats - INFO - [theblockbeats][news] 成功爬取文章ID 58117
2025-06-03 23:32:07,822 - theblockbeats - INFO - [theblockbeats][news] 成功爬取文章ID 58118
2025-06-03 23:32:08,174 - theblockbeats - INFO - [theblockbeats][news] 成功爬取文章ID 58119
2025-06-03 23:32:08,513 - theblockbeats - INFO - [theblockbeats][news] 成功爬取文章ID 58120
2025-06-03 23:32:08,909 - theblockbeats - INFO - [theblockbeats][news] 成功爬取文章ID 58121
2025-06-03 23:32:09,240 - theblockbeats - INFO - [theblockbeats][news] 成功爬取文章ID 58122
2025-06-03 23:32:09,719 - theblockbeats - WARNING - [theblockbeats] https://www.theblockbeats.info/news/58123 页面结构异常，未找到内容主体
2025-06-03 23:32:09,720 - theblockbeats - INFO - [theblockbeats][news] 文章ID 58123 爬取失败
2025-06-03 23:32:10,884 - theblockbeats - INFO - [theblockbeats][news] 成功爬取文章ID 58124
2025-06-03 23:32:11,221 - theblockbeats - INFO - [theblockbeats][news] 成功爬取文章ID 58125
2025-06-03 23:32:11,565 - theblockbeats - INFO - [theblockbeats][news] 成功爬取文章ID 58126
2025-06-03 23:32:11,973 - theblockbeats - WARNING - [theblockbeats] https://www.theblockbeats.info/news/58127 页面结构异常，未找到内容主体
2025-06-03 23:32:11,974 - theblockbeats - INFO - [theblockbeats][news] 文章ID 58127 爬取失败
2025-06-03 23:32:12,470 - theblockbeats - WARNING - [theblockbeats] https://www.theblockbeats.info/news/58128 页面结构异常，未找到内容主体
2025-06-03 23:32:12,471 - theblockbeats - INFO - [theblockbeats][news] 文章ID 58128 爬取失败
2025-06-03 23:32:12,970 - theblockbeats - WARNING - [theblockbeats] https://www.theblockbeats.info/news/58129 页面结构异常，未找到内容主体
2025-06-03 23:32:12,971 - theblockbeats - INFO - [theblockbeats][news] 文章ID 58129 爬取失败
2025-06-03 23:32:13,910 - theblockbeats - INFO - [theblockbeats][news] 成功爬取文章ID 58130
2025-06-03 23:32:14,385 - theblockbeats - INFO - [theblockbeats][news] 成功爬取文章ID 58131
2025-06-03 23:32:14,675 - theblockbeats - INFO - [theblockbeats][news] 成功爬取文章ID 58132
2025-06-03 23:32:15,246 - theblockbeats - WARNING - [theblockbeats] https://www.theblockbeats.info/news/58133 页面结构异常，未找到内容主体
2025-06-03 23:32:15,247 - theblockbeats - INFO - [theblockbeats][news] 文章ID 58133 爬取失败
2025-06-03 23:32:15,709 - theblockbeats - WARNING - [theblockbeats] https://www.theblockbeats.info/news/58134 页面结构异常，未找到内容主体
2025-06-03 23:32:15,710 - theblockbeats - INFO - [theblockbeats][news] 文章ID 58134 爬取失败
2025-06-03 23:32:16,220 - theblockbeats - WARNING - [theblockbeats] https://www.theblockbeats.info/news/58135 页面结构异常，未找到内容主体
2025-06-03 23:32:16,222 - theblockbeats - INFO - [theblockbeats][news] 文章ID 58135 爬取失败
2025-06-03 23:32:16,668 - theblockbeats - INFO - [theblockbeats][news] 成功爬取文章ID 58136
2025-06-03 23:32:16,981 - theblockbeats - INFO - [theblockbeats][news] 成功爬取文章ID 58137
2025-06-03 23:32:17,444 - theblockbeats - INFO - [theblockbeats][news] 成功爬取文章ID 58138
2025-06-03 23:32:17,782 - theblockbeats - INFO - [theblockbeats][news] 成功爬取文章ID 58139
2025-06-03 23:32:18,103 - theblockbeats - INFO - [theblockbeats][news] 成功爬取文章ID 58140
2025-06-03 23:32:18,456 - theblockbeats - INFO - [theblockbeats][news] 成功爬取文章ID 58141
2025-06-03 23:32:18,749 - theblockbeats - INFO - [theblockbeats][news] 成功爬取文章ID 58142
2025-06-03 23:32:19,233 - theblockbeats - WARNING - [theblockbeats] https://www.theblockbeats.info/news/58143 页面结构异常，未找到内容主体
2025-06-03 23:32:19,234 - theblockbeats - INFO - [theblockbeats][news] 文章ID 58143 爬取失败
2025-06-03 23:32:19,633 - theblockbeats - INFO - [theblockbeats][news] 成功爬取文章ID 58144
2025-06-03 23:32:19,992 - theblockbeats - INFO - [theblockbeats][news] 成功爬取文章ID 58145
2025-06-03 23:32:20,302 - theblockbeats - INFO - [theblockbeats][news] 成功爬取文章ID 58146
2025-06-03 23:32:20,651 - theblockbeats - INFO - [theblockbeats][news] 成功爬取文章ID 58147
2025-06-03 23:32:21,024 - theblockbeats - INFO - [theblockbeats][news] 成功爬取文章ID 58148
2025-06-03 23:32:21,344 - theblockbeats - INFO - [theblockbeats][news] 成功爬取文章ID 58149
2025-06-03 23:32:21,689 - theblockbeats - INFO - [theblockbeats][news] 成功爬取文章ID 58150
2025-06-03 23:32:22,133 - theblockbeats - WARNING - [theblockbeats] https://www.theblockbeats.info/news/58151 页面结构异常，未找到内容主体
2025-06-03 23:32:22,134 - theblockbeats - INFO - [theblockbeats][news] 文章ID 58151 爬取失败
2025-06-03 23:32:22,461 - theblockbeats - INFO - [theblockbeats][news] 成功爬取文章ID 58152
2025-06-03 23:32:22,836 - theblockbeats - INFO - [theblockbeats][news] 成功爬取文章ID 58153
2025-06-03 23:32:23,172 - theblockbeats - INFO - [theblockbeats][news] 成功爬取文章ID 58154
2025-06-03 23:32:23,506 - theblockbeats - INFO - [theblockbeats][news] 成功爬取文章ID 58155
2025-06-03 23:32:23,900 - theblockbeats - INFO - [theblockbeats][news] 成功爬取文章ID 58156
2025-06-03 23:32:24,274 - theblockbeats - INFO - [theblockbeats][news] 成功爬取文章ID 58157
2025-06-03 23:32:24,611 - theblockbeats - INFO - [theblockbeats][news] 成功爬取文章ID 58158
2025-06-03 23:32:24,970 - theblockbeats - INFO - [theblockbeats][news] 成功爬取文章ID 58159
2025-06-03 23:32:25,506 - theblockbeats - WARNING - [theblockbeats] https://www.theblockbeats.info/news/58160 页面结构异常，未找到内容主体
2025-06-03 23:32:25,507 - theblockbeats - INFO - [theblockbeats][news] 文章ID 58160 爬取失败
2025-06-03 23:32:25,824 - theblockbeats - INFO - [theblockbeats][news] 成功爬取文章ID 58161
2025-06-03 23:32:26,267 - theblockbeats - WARNING - [theblockbeats] https://www.theblockbeats.info/news/58162 页面结构异常，未找到内容主体
2025-06-03 23:32:26,268 - theblockbeats - INFO - [theblockbeats][news] 文章ID 58162 爬取失败
2025-06-03 23:32:26,573 - theblockbeats - INFO - [theblockbeats][news] 成功爬取文章ID 58163
2025-06-03 23:32:26,918 - theblockbeats - INFO - [theblockbeats][news] 成功爬取文章ID 58164
2025-06-03 23:32:27,249 - theblockbeats - INFO - [theblockbeats][news] 成功爬取文章ID 58165
2025-06-03 23:32:27,731 - theblockbeats - WARNING - [theblockbeats] https://www.theblockbeats.info/news/58166 页面结构异常，未找到内容主体
2025-06-03 23:32:27,733 - theblockbeats - INFO - [theblockbeats][news] 文章ID 58166 爬取失败
2025-06-03 23:32:28,100 - theblockbeats - INFO - [theblockbeats][news] 成功爬取文章ID 58167
2025-06-03 23:32:28,462 - theblockbeats - INFO - [theblockbeats][news] 成功爬取文章ID 58168
2025-06-03 23:32:28,796 - theblockbeats - INFO - [theblockbeats][news] 成功爬取文章ID 58169
2025-06-03 23:32:29,156 - theblockbeats - INFO - [theblockbeats][news] 成功爬取文章ID 58170
2025-06-03 23:32:29,940 - theblockbeats - WARNING - [theblockbeats] https://www.theblockbeats.info/news/58171 页面结构异常，未找到内容主体
2025-06-03 23:32:29,941 - theblockbeats - INFO - [theblockbeats][news] 文章ID 58171 爬取失败
2025-06-03 23:32:30,275 - theblockbeats - INFO - [theblockbeats][news] 成功爬取文章ID 58172
2025-06-03 23:32:30,637 - theblockbeats - INFO - [theblockbeats][news] 成功爬取文章ID 58173
2025-06-03 23:32:30,965 - theblockbeats - INFO - [theblockbeats][news] 成功爬取文章ID 58174
2025-06-03 23:32:31,249 - theblockbeats - INFO - [theblockbeats][news] 成功爬取文章ID 58175
2025-06-03 23:32:31,649 - theblockbeats - INFO - [theblockbeats][news] 成功爬取文章ID 58176
2025-06-03 23:32:31,984 - theblockbeats - INFO - [theblockbeats][news] 成功爬取文章ID 58177
2025-06-03 23:32:32,308 - theblockbeats - INFO - [theblockbeats][news] 成功爬取文章ID 58178
2025-06-03 23:32:32,725 - theblockbeats - WARNING - [theblockbeats] https://www.theblockbeats.info/news/58179 页面结构异常，未找到内容主体
2025-06-03 23:32:32,726 - theblockbeats - INFO - [theblockbeats][news] 文章ID 58179 爬取失败
2025-06-03 23:32:33,109 - theblockbeats - INFO - [theblockbeats][news] 成功爬取文章ID 58180
2025-06-03 23:32:33,419 - theblockbeats - INFO - [theblockbeats][news] 成功爬取文章ID 58181
2025-06-03 23:32:34,029 - theblockbeats - WARNING - [theblockbeats] https://www.theblockbeats.info/news/58182 页面结构异常，未找到内容主体
2025-06-03 23:32:34,030 - theblockbeats - INFO - [theblockbeats][news] 文章ID 58182 爬取失败
2025-06-03 23:32:34,382 - theblockbeats - INFO - [theblockbeats][news] 成功爬取文章ID 58183
2025-06-03 23:32:34,704 - theblockbeats - INFO - [theblockbeats][news] 成功爬取文章ID 58184
2025-06-03 23:32:35,087 - theblockbeats - INFO - [theblockbeats][news] 成功爬取文章ID 58185
2025-06-03 23:32:35,420 - theblockbeats - INFO - [theblockbeats][news] 成功爬取文章ID 58186
2025-06-03 23:32:35,775 - theblockbeats - INFO - [theblockbeats][news] 成功爬取文章ID 58187
2025-06-03 23:32:36,110 - theblockbeats - INFO - [theblockbeats][news] 成功爬取文章ID 58188
2025-06-03 23:32:36,463 - theblockbeats - INFO - [theblockbeats][news] 成功爬取文章ID 58189
2025-06-03 23:32:36,821 - theblockbeats - INFO - [theblockbeats][news] 成功爬取文章ID 58190
2025-06-03 23:32:37,163 - theblockbeats - INFO - [theblockbeats][news] 成功爬取文章ID 58191
2025-06-03 23:32:37,624 - theblockbeats - WARNING - [theblockbeats] https://www.theblockbeats.info/news/58192 页面结构异常，未找到内容主体
2025-06-03 23:32:37,625 - theblockbeats - INFO - [theblockbeats][news] 文章ID 58192 爬取失败
2025-06-03 23:32:38,101 - theblockbeats - WARNING - [theblockbeats] https://www.theblockbeats.info/news/58193 页面结构异常，未找到内容主体
2025-06-03 23:32:38,102 - theblockbeats - INFO - [theblockbeats][news] 文章ID 58193 爬取失败
2025-06-03 23:32:38,410 - theblockbeats - INFO - [theblockbeats][news] 成功爬取文章ID 58194
2025-06-03 23:32:38,739 - theblockbeats - INFO - [theblockbeats][news] 成功爬取文章ID 58195
2025-06-03 23:32:39,113 - theblockbeats - INFO - [theblockbeats][news] 成功爬取文章ID 58196
2025-06-03 23:32:39,447 - theblockbeats - INFO - [theblockbeats][news] 成功爬取文章ID 58197
2025-06-03 23:32:40,044 - theblockbeats - WARNING - [theblockbeats] https://www.theblockbeats.info/news/58198 页面结构异常，未找到内容主体
2025-06-03 23:32:40,044 - theblockbeats - INFO - [theblockbeats][news] 文章ID 58198 爬取失败
2025-06-03 23:32:40,416 - theblockbeats - INFO - [theblockbeats][news] 成功爬取文章ID 58199
2025-06-03 23:32:40,902 - theblockbeats - WARNING - [theblockbeats] https://www.theblockbeats.info/news/58200 页面结构异常，未找到内容主体
2025-06-03 23:32:40,903 - theblockbeats - INFO - [theblockbeats][news] 文章ID 58200 爬取失败
2025-06-03 23:32:41,493 - theblockbeats - INFO - [theblockbeats][news] 成功爬取文章ID 58201
2025-06-03 23:32:41,865 - theblockbeats - INFO - [theblockbeats][news] 成功爬取文章ID 58202
2025-06-03 23:32:42,206 - theblockbeats - INFO - [theblockbeats][news] 成功爬取文章ID 58203
2025-06-03 23:32:42,563 - theblockbeats - INFO - [theblockbeats][news] 成功爬取文章ID 58204
2025-06-03 23:32:43,007 - theblockbeats - WARNING - [theblockbeats] https://www.theblockbeats.info/news/58205 页面结构异常，未找到内容主体
2025-06-03 23:32:43,008 - theblockbeats - INFO - [theblockbeats][news] 文章ID 58205 爬取失败
2025-06-03 23:32:43,345 - theblockbeats - INFO - [theblockbeats][news] 成功爬取文章ID 58206
2025-06-03 23:32:43,642 - theblockbeats - INFO - [theblockbeats][news] 成功爬取文章ID 58207
2025-06-03 23:32:43,981 - theblockbeats - INFO - [theblockbeats][news] 成功爬取文章ID 58208
2025-06-03 23:32:44,394 - theblockbeats - INFO - [theblockbeats][news] 成功爬取文章ID 58209
2025-06-03 23:32:44,716 - theblockbeats - INFO - [theblockbeats][news] 成功爬取文章ID 58210
2025-06-03 23:32:45,084 - theblockbeats - INFO - [theblockbeats][news] 成功爬取文章ID 58211
2025-06-03 23:32:45,440 - theblockbeats - INFO - [theblockbeats][news] 成功爬取文章ID 58212
2025-06-03 23:32:45,761 - theblockbeats - INFO - [theblockbeats][news] 成功爬取文章ID 58213
2025-06-03 23:32:46,302 - theblockbeats - WARNING - [theblockbeats] https://www.theblockbeats.info/news/58214 页面结构异常，未找到内容主体
2025-06-03 23:32:46,303 - theblockbeats - INFO - [theblockbeats][news] 文章ID 58214 爬取失败
2025-06-03 23:32:46,634 - theblockbeats - INFO - [theblockbeats][news] 成功爬取文章ID 58215
2025-06-03 23:32:46,973 - theblockbeats - INFO - [theblockbeats][news] 成功爬取文章ID 58216
2025-06-03 23:32:47,288 - theblockbeats - INFO - [theblockbeats][news] 成功爬取文章ID 58217
2025-06-03 23:32:47,660 - theblockbeats - INFO - [theblockbeats][news] 成功爬取文章ID 58218
2025-06-03 23:32:47,959 - theblockbeats - INFO - [theblockbeats][news] 成功爬取文章ID 58219
2025-06-03 23:32:48,323 - theblockbeats - INFO - [theblockbeats][news] 成功爬取文章ID 58220
2025-06-03 23:32:48,683 - theblockbeats - INFO - [theblockbeats][news] 成功爬取文章ID 58221
2025-06-03 23:32:49,039 - theblockbeats - INFO - [theblockbeats][news] 成功爬取文章ID 58222
2025-06-03 23:32:49,374 - theblockbeats - INFO - [theblockbeats][news] 成功爬取文章ID 58223
2025-06-03 23:32:49,701 - theblockbeats - INFO - [theblockbeats][news] 成功爬取文章ID 58224
2025-06-03 23:32:50,019 - theblockbeats - INFO - [theblockbeats][news] 成功爬取文章ID 58225
2025-06-03 23:32:50,374 - theblockbeats - INFO - [theblockbeats][news] 成功爬取文章ID 58226
2025-06-03 23:32:50,982 - theblockbeats - WARNING - [theblockbeats] https://www.theblockbeats.info/news/58227 页面结构异常，未找到内容主体
2025-06-03 23:32:50,984 - theblockbeats - INFO - [theblockbeats][news] 文章ID 58227 爬取失败
2025-06-03 23:32:51,318 - theblockbeats - INFO - [theblockbeats][news] 成功爬取文章ID 58228
2025-06-03 23:32:51,621 - theblockbeats - INFO - [theblockbeats][news] 成功爬取文章ID 58229
2025-06-03 23:32:51,943 - theblockbeats - INFO - [theblockbeats][news] 成功爬取文章ID 58230
2025-06-03 23:32:52,288 - theblockbeats - INFO - [theblockbeats][news] 成功爬取文章ID 58231
2025-06-03 23:32:52,622 - theblockbeats - INFO - [theblockbeats][news] 成功爬取文章ID 58232
2025-06-03 23:32:52,980 - theblockbeats - INFO - [theblockbeats][news] 成功爬取文章ID 58233
2025-06-03 23:32:53,328 - theblockbeats - INFO - [theblockbeats][news] 成功爬取文章ID 58234
2025-06-03 23:32:53,642 - theblockbeats - INFO - [theblockbeats][news] 成功爬取文章ID 58235
2025-06-03 23:32:54,012 - theblockbeats - INFO - [theblockbeats][news] 成功爬取文章ID 58236
2025-06-03 23:32:54,370 - theblockbeats - INFO - [theblockbeats][news] 成功爬取文章ID 58237
2025-06-03 23:32:54,701 - theblockbeats - INFO - [theblockbeats][news] 成功爬取文章ID 58238
2025-06-03 23:32:55,114 - theblockbeats - INFO - [theblockbeats][news] 成功爬取文章ID 58239
2025-06-03 23:32:55,468 - theblockbeats - INFO - [theblockbeats][news] 成功爬取文章ID 58240
2025-06-03 23:32:55,959 - theblockbeats - WARNING - [theblockbeats] https://www.theblockbeats.info/news/58241 页面结构异常，未找到内容主体
2025-06-03 23:32:55,960 - theblockbeats - INFO - [theblockbeats][news] 文章ID 58241 爬取失败
2025-06-03 23:32:56,303 - theblockbeats - INFO - [theblockbeats][news] 成功爬取文章ID 58242
2025-06-03 23:32:56,649 - theblockbeats - INFO - [theblockbeats][news] 成功爬取文章ID 58243
2025-06-03 23:32:57,160 - theblockbeats - WARNING - [theblockbeats] https://www.theblockbeats.info/news/58244 页面结构异常，未找到内容主体
2025-06-03 23:32:57,160 - theblockbeats - INFO - [theblockbeats][news] 文章ID 58244 爬取失败
2025-06-03 23:32:57,717 - theblockbeats - WARNING - [theblockbeats] https://www.theblockbeats.info/news/58245 页面结构异常，未找到内容主体
2025-06-03 23:32:57,718 - theblockbeats - INFO - [theblockbeats][news] 文章ID 58245 爬取失败
2025-06-03 23:32:58,021 - theblockbeats - INFO - [theblockbeats][news] 成功爬取文章ID 58246
2025-06-03 23:32:58,378 - theblockbeats - INFO - [theblockbeats][news] 成功爬取文章ID 58247
2025-06-03 23:32:58,768 - theblockbeats - INFO - [theblockbeats][news] 成功爬取文章ID 58248
2025-06-03 23:32:59,102 - theblockbeats - INFO - [theblockbeats][news] 成功爬取文章ID 58249
2025-06-03 23:32:59,429 - theblockbeats - INFO - [theblockbeats][news] 成功爬取文章ID 58250
2025-06-03 23:32:59,783 - theblockbeats - INFO - [theblockbeats][news] 成功爬取文章ID 58251
2025-06-03 23:33:00,119 - theblockbeats - INFO - [theblockbeats][news] 成功爬取文章ID 58252
2025-06-03 23:33:00,443 - theblockbeats - INFO - [theblockbeats][news] 成功爬取文章ID 58253
2025-06-03 23:33:00,777 - theblockbeats - INFO - [theblockbeats][news] 成功爬取文章ID 58254
2025-06-03 23:33:01,114 - theblockbeats - INFO - [theblockbeats][news] 成功爬取文章ID 58255
2025-06-03 23:33:01,427 - theblockbeats - INFO - [theblockbeats][news] 成功爬取文章ID 58256
2025-06-03 23:33:01,867 - theblockbeats - WARNING - [theblockbeats] https://www.theblockbeats.info/news/58257 页面结构异常，未找到内容主体
2025-06-03 23:33:01,868 - theblockbeats - INFO - [theblockbeats][news] 文章ID 58257 爬取失败
2025-06-03 23:33:02,281 - theblockbeats - INFO - [theblockbeats][news] 成功爬取文章ID 58258
2025-06-03 23:33:02,592 - theblockbeats - INFO - [theblockbeats][news] 成功爬取文章ID 58259
2025-06-03 23:33:02,911 - theblockbeats - INFO - [theblockbeats][news] 成功爬取文章ID 58260
2025-06-03 23:33:03,365 - theblockbeats - WARNING - [theblockbeats] https://www.theblockbeats.info/news/58261 页面结构异常，未找到内容主体
2025-06-03 23:33:03,366 - theblockbeats - INFO - [theblockbeats][news] 文章ID 58261 爬取失败
2025-06-03 23:33:03,810 - theblockbeats - INFO - [theblockbeats][news] 成功爬取文章ID 58262
2025-06-03 23:33:04,154 - theblockbeats - INFO - [theblockbeats][news] 成功爬取文章ID 58263
2025-06-03 23:33:04,473 - theblockbeats - INFO - [theblockbeats][news] 成功爬取文章ID 58264
2025-06-03 23:33:04,916 - theblockbeats - WARNING - [theblockbeats] https://www.theblockbeats.info/news/58265 页面结构异常，未找到内容主体
2025-06-03 23:33:04,916 - theblockbeats - INFO - [theblockbeats][news] 文章ID 58265 爬取失败
2025-06-03 23:33:04,916 - theblockbeats - INFO - [theblockbeats][news] 进入重试阶段，失败ID数量 50
2025-06-03 23:33:05,285 - theblockbeats - INFO - [theblockbeats][news] 重试成功文章ID 58012
2025-06-03 23:33:06,512 - theblockbeats - WARNING - [theblockbeats] https://www.theblockbeats.info/news/58015 页面结构异常，未找到内容主体
2025-06-03 23:33:07,081 - theblockbeats - WARNING - [theblockbeats] https://www.theblockbeats.info/news/58020 页面结构异常，未找到内容主体
2025-06-03 23:33:07,803 - theblockbeats - WARNING - [theblockbeats] https://www.theblockbeats.info/news/58022 页面结构异常，未找到内容主体
2025-06-03 23:33:08,208 - theblockbeats - INFO - [theblockbeats][news] 重试成功文章ID 58023
2025-06-03 23:33:08,532 - theblockbeats - INFO - [theblockbeats][news] 重试成功文章ID 58024
2025-06-03 23:33:08,835 - theblockbeats - INFO - [theblockbeats][news] 重试成功文章ID 58026
2025-06-03 23:33:09,218 - theblockbeats - INFO - [theblockbeats][news] 重试成功文章ID 58034
2025-06-03 23:33:09,591 - theblockbeats - INFO - [theblockbeats][news] 重试成功文章ID 58037
2025-06-03 23:33:09,857 - theblockbeats - INFO - [theblockbeats][news] 重试成功文章ID 58039
2025-06-03 23:33:10,335 - theblockbeats - WARNING - [theblockbeats] https://www.theblockbeats.info/news/58044 页面结构异常，未找到内容主体
2025-06-03 23:33:10,698 - theblockbeats - INFO - [theblockbeats][news] 重试成功文章ID 58053
2025-06-03 23:33:11,135 - theblockbeats - WARNING - [theblockbeats] https://www.theblockbeats.info/news/58054 页面结构异常，未找到内容主体
2025-06-03 23:33:12,281 - theblockbeats - WARNING - [theblockbeats] https://www.theblockbeats.info/news/58079 页面结构异常，未找到内容主体
2025-06-03 23:33:12,788 - theblockbeats - WARNING - [theblockbeats] https://www.theblockbeats.info/news/58080 页面结构异常，未找到内容主体
2025-06-03 23:33:13,974 - theblockbeats - WARNING - [theblockbeats] https://www.theblockbeats.info/news/58089 页面结构异常，未找到内容主体
2025-06-03 23:33:14,328 - theblockbeats - INFO - [theblockbeats][news] 重试成功文章ID 58093
2025-06-03 23:33:14,648 - theblockbeats - INFO - [theblockbeats][news] 重试成功文章ID 58096
2025-06-03 23:33:15,190 - theblockbeats - WARNING - [theblockbeats] https://www.theblockbeats.info/news/58098 页面结构异常，未找到内容主体
2025-06-03 23:33:15,534 - theblockbeats - INFO - [theblockbeats][news] 重试成功文章ID 58099
2025-06-03 23:33:16,018 - theblockbeats - WARNING - [theblockbeats] https://www.theblockbeats.info/news/58110 页面结构异常，未找到内容主体
2025-06-03 23:33:16,424 - theblockbeats - INFO - [theblockbeats][news] 重试成功文章ID 58111
2025-06-03 23:33:16,744 - theblockbeats - INFO - [theblockbeats][news] 重试成功文章ID 58123
2025-06-03 23:33:17,331 - theblockbeats - WARNING - [theblockbeats] https://www.theblockbeats.info/news/58127 页面结构异常，未找到内容主体
2025-06-03 23:33:17,664 - theblockbeats - INFO - [theblockbeats][news] 重试成功文章ID 58128
2025-06-03 23:33:17,994 - theblockbeats - INFO - [theblockbeats][news] 重试成功文章ID 58129
2025-06-03 23:33:18,362 - theblockbeats - INFO - [theblockbeats][news] 重试成功文章ID 58133
2025-06-03 23:33:18,740 - theblockbeats - INFO - [theblockbeats][news] 重试成功文章ID 58134
2025-06-03 23:33:19,098 - theblockbeats - INFO - [theblockbeats][news] 重试成功文章ID 58135
2025-06-03 23:33:19,436 - theblockbeats - INFO - [theblockbeats][news] 重试成功文章ID 58143
2025-06-03 23:33:19,767 - theblockbeats - INFO - [theblockbeats][news] 重试成功文章ID 58151
2025-06-03 23:33:20,218 - theblockbeats - WARNING - [theblockbeats] https://www.theblockbeats.info/news/58160 页面结构异常，未找到内容主体
2025-06-03 23:33:20,544 - theblockbeats - INFO - [theblockbeats][news] 重试成功文章ID 58162
2025-06-03 23:33:21,040 - theblockbeats - INFO - [theblockbeats][news] 重试成功文章ID 58166
2025-06-03 23:33:21,928 - theblockbeats - WARNING - [theblockbeats] https://www.theblockbeats.info/news/58171 页面结构异常，未找到内容主体
2025-06-03 23:33:22,503 - theblockbeats - WARNING - [theblockbeats] https://www.theblockbeats.info/news/58179 页面结构异常，未找到内容主体
2025-06-03 23:33:22,847 - theblockbeats - INFO - [theblockbeats][news] 重试成功文章ID 58182
2025-06-03 23:33:23,149 - theblockbeats - INFO - [theblockbeats][news] 重试成功文章ID 58192
2025-06-03 23:33:23,556 - theblockbeats - INFO - [theblockbeats][news] 重试成功文章ID 58193
2025-06-03 23:33:23,898 - theblockbeats - INFO - [theblockbeats][news] 重试成功文章ID 58198
2025-06-03 23:33:24,291 - theblockbeats - INFO - [theblockbeats][news] 重试成功文章ID 58200
2025-06-03 23:33:24,642 - theblockbeats - INFO - [theblockbeats][news] 重试成功文章ID 58205
2025-06-03 23:33:24,962 - theblockbeats - INFO - [theblockbeats][news] 重试成功文章ID 58214
2025-06-03 23:33:25,394 - theblockbeats - WARNING - [theblockbeats] https://www.theblockbeats.info/news/58227 页面结构异常，未找到内容主体
2025-06-03 23:33:25,766 - theblockbeats - INFO - [theblockbeats][news] 重试成功文章ID 58241
2025-06-03 23:33:26,124 - theblockbeats - INFO - [theblockbeats][news] 重试成功文章ID 58244
2025-06-03 23:33:26,413 - theblockbeats - INFO - [theblockbeats][news] 重试成功文章ID 58245
2025-06-03 23:33:26,705 - theblockbeats - INFO - [theblockbeats][news] 重试成功文章ID 58257
2025-06-03 23:33:27,236 - theblockbeats - WARNING - [theblockbeats] https://www.theblockbeats.info/news/58261 页面结构异常，未找到内容主体
2025-06-03 23:33:27,551 - theblockbeats - INFO - [theblockbeats][news] 重试成功文章ID 58265
2025-06-03 23:33:28,844 - theblockbeats - WARNING - [theblockbeats] https://www.theblockbeats.info/news/58015 页面结构异常，未找到内容主体
2025-06-03 23:33:29,158 - theblockbeats - INFO - [theblockbeats][news] 重试成功文章ID 58020
2025-06-03 23:33:30,408 - theblockbeats - WARNING - [theblockbeats] https://www.theblockbeats.info/news/58022 页面结构异常，未找到内容主体
2025-06-03 23:33:30,722 - theblockbeats - INFO - [theblockbeats][news] 重试成功文章ID 58044
2025-06-03 23:33:31,069 - theblockbeats - INFO - [theblockbeats][news] 重试成功文章ID 58054
2025-06-03 23:33:32,253 - theblockbeats - WARNING - [theblockbeats] https://www.theblockbeats.info/news/58079 页面结构异常，未找到内容主体
2025-06-03 23:33:32,599 - theblockbeats - INFO - [theblockbeats][news] 重试成功文章ID 58080
2025-06-03 23:33:33,597 - theblockbeats - WARNING - [theblockbeats] https://www.theblockbeats.info/news/58089 页面结构异常，未找到内容主体
2025-06-03 23:33:33,967 - theblockbeats - INFO - [theblockbeats][news] 重试成功文章ID 58098
2025-06-03 23:33:34,394 - theblockbeats - INFO - [theblockbeats][news] 重试成功文章ID 58110
2025-06-03 23:33:34,830 - theblockbeats - WARNING - [theblockbeats] https://www.theblockbeats.info/news/58127 页面结构异常，未找到内容主体
2025-06-03 23:33:35,143 - theblockbeats - INFO - [theblockbeats][news] 重试成功文章ID 58160
2025-06-03 23:33:36,509 - theblockbeats - WARNING - [theblockbeats] https://www.theblockbeats.info/news/58171 页面结构异常，未找到内容主体
2025-06-03 23:33:36,839 - theblockbeats - INFO - [theblockbeats][news] 重试成功文章ID 58179
2025-06-03 23:33:37,189 - theblockbeats - INFO - [theblockbeats][news] 重试成功文章ID 58227
2025-06-03 23:33:37,544 - theblockbeats - INFO - [theblockbeats][news] 重试成功文章ID 58261
2025-06-03 23:33:38,361 - theblockbeats - WARNING - [theblockbeats] https://www.theblockbeats.info/news/58015 页面结构异常，未找到内容主体
2025-06-03 23:33:39,711 - theblockbeats - WARNING - [theblockbeats] https://www.theblockbeats.info/news/58022 页面结构异常，未找到内容主体
2025-06-03 23:33:40,885 - theblockbeats - WARNING - [theblockbeats] https://www.theblockbeats.info/news/58079 页面结构异常，未找到内容主体
2025-06-03 23:33:42,140 - theblockbeats - WARNING - [theblockbeats] https://www.theblockbeats.info/news/58089 页面结构异常，未找到内容主体
2025-06-03 23:33:42,460 - theblockbeats - INFO - [theblockbeats][news] 重试成功文章ID 58127
2025-06-03 23:33:43,684 - theblockbeats - WARNING - [theblockbeats] https://www.theblockbeats.info/news/58171 页面结构异常，未找到内容主体
2025-06-03 23:33:43,686 - theblockbeats - INFO - [theblockbeats] 更新 flash_last_number 为 296260
2025-06-03 23:33:43,687 - theblockbeats - INFO - [theblockbeats] 更新 news_last_number 为 58266
